stage,fault_type,topology,state_before,state_after,posterior_mean,ci_05,ci_95,cell_n
S1_INGEST,CONTROL,T1_LINEAR,C,C,0.8541559553384953,0.6935515469239953,0.9654735922088404,8.0
S1_INGEST,CONTROL,T1_LINEAR,C,E,0.08110770954286273,0.00845883035498765,0.20734029984735558,8.0
S1_INGEST,CONTROL,T1_LINEAR,C,R,0.04897774506958777,0.0018582996421190226,0.15667277602872762,8.0
S1_INGEST,CONTROL,T1_LINEAR,C,H,0.015758590049054146,3.1086641200671934e-07,0.07533688683763204,8.0
S1_INGEST,CONTROL,T2_VALIDATOR,C,C,0.854483473103141,0.6898441601106571,0.9632847369800852,8.0
S1_INGEST,CONTROL,T2_VALIDATOR,C,E,0.0811599656009655,0.008361489591127935,0.20379967450641154,8.0
S1_INGEST,CONTROL,T2_VALIDATOR,C,R,0.04936060827668614,0.0015101758288673189,0.1548687498129054,8.0
S1_INGEST,CONTROL,T2_VALIDATOR,C,H,0.014995953019207251,1.7503633722939279e-07,0.07380600909925833,8.0
S1_INGEST,CONTROL,T3_SUPERVISOR,C,C,0.84988862163404,0.6806334352433138,0.9647004360260402,8.0
S1_INGEST,CONTROL,T3_SUPERVISOR,C,E,0.08403195471443319,0.00841602564066807,0.21610285561167583,8.0
S1_INGEST,CONTROL,T3_SUPERVISOR,C,R,0.05013260421665696,0.001300407869654645,0.15838481616208208,8.0
S1_INGEST,CONTROL,T3_SUPERVISOR,C,H,0.015946819434869943,1.9754023906712633e-07,0.07834558302032898,8.0
S1_INGEST,CONTROL,T4_CRITIC,C,C,0.8506904873649315,0.6898116773171687,0.9640518201483248,8.0
S1_INGEST,CONTROL,T4_CRITIC,C,E,0.08488982790435771,0.008651163608443712,0.22039117961643076,8.0
S1_INGEST,CONTROL,T4_CRITIC,C,R,0.049482227381080726,0.0015784030678117635,0.16078562066500846,8.0
S1_INGEST,CONTROL,T4_CRITIC,C,H,0.014937457349630265,1.879347680803051e-07,0.0715426427108925,8.0
S1_INGEST,CONTROL,T5_HUMAN_K0,C,C,0.8535696998929991,0.6945021623617057,0.9639196235223088,8.0
S1_INGEST,CONTROL,T5_HUMAN_K0,C,E,0.08237538305494611,0.008297261448780123,0.21256310483963028,8.0
S1_INGEST,CONTROL,T5_HUMAN_K0,C,R,0.04846181804120417,0.001672208672460481,0.1540836837996369,8.0
S1_INGEST,CONTROL,T5_HUMAN_K0,C,H,0.015593099010850542,1.985536386299555e-07,0.074778656340955,8.0
S1_INGEST,CONTROL,T5_HUMAN_K1,C,C,0.8518239981189214,0.6917986468940603,0.9655477809183588,8.0
S1_INGEST,CONTROL,T5_HUMAN_K1,C,E,0.08261867011974401,0.008153975917896366,0.21765231366641782,8.0
S1_INGEST,CONTROL,T5_HUMAN_K1,C,R,0.04962700903140029,0.0012470022934350494,0.161634915343779,8.0
S1_INGEST,CONTROL,T5_HUMAN_K1,C,H,0.015930322729934273,2.2984038379200644e-07,0.07618603450761985,8.0
S1_INGEST,CONTROL,T5_HUMAN_K2,C,C,0.8527193075841084,0.6897502167882488,0.9667167531410221,8.0
S1_INGEST,CONTROL,T5_HUMAN_K2,C,E,0.08181948158437063,0.008101366779265875,0.20924069575920198,8.0
S1_INGEST,CONTROL,T5_HUMAN_K2,C,R,0.05006175401590796,0.001524560186049215,0.1599322371168428,8.0
S1_INGEST,CONTROL,T5_HUMAN_K2,C,H,0.01539945681561307,2.691059788093432e-07,0.07384392390334352,8.0
S1_INGEST,CONTROL,T5_HUMAN_K3,C,C,0.8513896355456598,0.6897304434350584,0.9649720333203236,8.0
S1_INGEST,CONTROL,T5_HUMAN_K3,C,E,0.08220863581873124,0.008656492392439447,0.2122674761726186,8.0
S1_INGEST,CONTROL,T5_HUMAN_K3,C,R,0.05043262442105759,0.0015013180373135138,0.1610421874470555,8.0
S1_INGEST,CONTROL,T5_HUMAN_K3,C,H,0.015969104214551305,4.5429549738955634e-07,0.07536671458176138,8.0
S1_INGEST,F1_DATA,T1_LINEAR,C,C,0.6777228556139235,0.5403666551262839,0.8065943598995848,24.000000000000004
S1_INGEST,F1_DATA,T1_LINEAR,C,E,0.29033219038458447,0.16790555440703042,0.42732471432867497,24.000000000000004
S1_INGEST,F1_DATA,T1_LINEAR,C,R,0.024675429704414904,0.0007167771226736717,0.07763185853049279,24.000000000000004
S1_INGEST,F1_DATA,T1_LINEAR,C,H,0.007269524297077033,1.2902599622237322e-07,0.03559021969084088,24.000000000000004
S1_INGEST,F1_DATA,T2_VALIDATOR,C,C,0.6790670057959063,0.5404169515058632,0.8065200860232999,24.000000000000004
S1_INGEST,F1_DATA,T2_VALIDATOR,C,E,0.10343275576461369,0.03186257880148062,0.19899671254357595,24.000000000000004
S1_INGEST,F1_DATA,T2_VALIDATOR,C,R,0.20993877868425131,0.1036979720286217,0.3335392890323125,24.000000000000004
S1_INGEST,F1_DATA,T2_VALIDATOR,C,H,0.007561459755228727,1.2765560756509103e-07,0.03748062574958605,24.000000000000004
S1_INGEST,F1_DATA,T3_SUPERVISOR,C,C,0.6774342713178271,0.5381998358759639,0.8048486908992588,24.000000000000004
S1_INGEST,F1_DATA,T3_SUPERVISOR,C,E,0.07341962586718748,0.017613944257135323,0.15958955397895858,24.000000000000004
S1_INGEST,F1_DATA,T3_SUPERVISOR,C,R,0.2415389192131173,0.12798974079222075,0.3726600567379195,24.000000000000004
S1_INGEST,F1_DATA,T3_SUPERVISOR,C,H,0.007607183601868177,1.4942269253395485e-07,0.037255028771091325,24.000000000000004
S1_INGEST,F1_DATA,T4_CRITIC,C,C,0.6775656827397805,0.5352378207187434,0.8025142092724049,24.000000000000004
S1_INGEST,F1_DATA,T4_CRITIC,C,E,0.1970749408892999,0.09656077514026053,0.32364174645738797,24.000000000000004
S1_INGEST,F1_DATA,T4_CRITIC,C,R,0.11753342482127686,0.04101841024719152,0.219213723146255,24.000000000000004
S1_INGEST,F1_DATA,T4_CRITIC,C,H,0.007825951549642845,1.720528057946266e-07,0.03868551872285363,24.000000000000004
S1_INGEST,F1_DATA,T5_HUMAN_K0,C,C,0.6781142579372806,0.5427821810840242,0.8034831115533801,24.000000000000004
S1_INGEST,F1_DATA,T5_HUMAN_K0,C,E,0.28940761214329813,0.16728528698788153,0.424516898723701,24.000000000000004
S1_INGEST,F1_DATA,T5_HUMAN_K0,C,R,0.02433149248738846,0.0007451726858580629,0.07621073191059158,24.000000000000004
S1_INGEST,F1_DATA,T5_HUMAN_K0,C,H,0.00814663743203271,1.3828254315721353e-07,0.040163355128032326,24.000000000000004
S1_INGEST,F1_DATA,T5_HUMAN_K1,C,C,0.6777430067046825,0.5315292281798955,0.8064368899689007,24.000000000000004
S1_INGEST,F1_DATA,T5_HUMAN_K1,C,E,0.2589445618630488,0.14344895914539316,0.3929194575671864,24.000000000000004
S1_INGEST,F1_DATA,T5_HUMAN_K1,C,R,0.055747786564285716,0.008750499557044456,0.13411417781292181,24.000000000000004
S1_INGEST,F1_DATA,T5_HUMAN_K1,C,H,0.007564644867982944,1.0769532536017698e-07,0.03708064286832494,24.000000000000004
S1_INGEST,F1_DATA,T5_HUMAN_K2,C,C,0.6789043762298501,0.5410141395179973,0.8056504993864151,24.000000000000004
S1_INGEST,F1_DATA,T5_HUMAN_K2,C,E,0.2584805766918206,0.1442037653954649,0.38990408506380664,24.000000000000004
S1_INGEST,F1_DATA,T5_HUMAN_K2,C,R,0.05467032658201569,0.008725581880107322,0.13131525837554045,24.000000000000004
S1_INGEST,F1_DATA,T5_HUMAN_K2,C,H,0.007944720496313713,2.4347798105862986e-07,0.0384382262981553,24.000000000000004
S1_INGEST,F1_DATA,T5_HUMAN_K3,C,C,0.6766268721491593,0.5361678882596078,0.804142961763192,24.000000000000004
S1_INGEST,F1_DATA,T5_HUMAN_K3,C,E,0.25782199441827935,0.14486108105536352,0.39071174149738275,24.000000000000004
S1_INGEST,F1_DATA,T5_HUMAN_K3,C,R,0.057371012411634996,0.008547310135131467,0.1351703568755767,24.000000000000004
S1_INGEST,F1_DATA,T5_HUMAN_K3,C,H,0.008180121020926258,1.4504466481850484e-07,0.038850936967943867,24.000000000000004
S1_INGEST,F2_SEMANTIC,T1_LINEAR,C,C,0.8537874075393193,0.6991130501987374,0.9661150306241177,8.0
S1_INGEST,F2_SEMANTIC,T1_LINEAR,C,E,0.08202992980752989,0.008610044322639917,0.2117482156469433,8.0
S1_INGEST,F2_SEMANTIC,T1_LINEAR,C,R,0.049027479733590625,0.0010736817007799642,0.15098837365586848,8.0
S1_INGEST,F2_SEMANTIC,T1_LINEAR,C,H,0.015155182919560214,3.24470042570942e-07,0.07228572507623861,8.0
S1_INGEST,F2_SEMANTIC,T2_VALIDATOR,C,C,0.8518955291285534,0.6895175229902242,0.9659632301676911,8.0
S1_INGEST,F2_SEMANTIC,T2_VALIDATOR,C,E,0.08365823230519509,0.0084122003977484,0.21848696361377087,8.0
S1_INGEST,F2_SEMANTIC,T2_VALIDATOR,C,R,0.048320553178878026,0.0014513766582314918,0.15023571599230592,8.0
S1_INGEST,F2_SEMANTIC,T2_VALIDATOR,C,H,0.016125685387373533,1.8487574951120986e-07,0.07873310788518068,8.0
S1_INGEST,F2_SEMANTIC,T3_SUPERVISOR,C,C,0.8540071111101147,0.6928401122922578,0.9645061885697489,8.0
S1_INGEST,F2_SEMANTIC,T3_SUPERVISOR,C,E,0.08142375153528135,0.008976878020504366,0.20550535064462785,8.0
S1_INGEST,F2_SEMANTIC,T3_SUPERVISOR,C,R,0.04934017762041707,0.0014261212047398549,0.15347936337178267,8.0
S1_INGEST,F2_SEMANTIC,T3_SUPERVISOR,C,H,0.015228959734186817,3.05200348985844e-07,0.06998897382994891,8.0
S1_INGEST,F2_SEMANTIC,T4_CRITIC,C,C,0.8519161281202089,0.6924807615733027,0.966298765687377,8.0
S1_INGEST,F2_SEMANTIC,T4_CRITIC,C,E,0.08312560039058851,0.008494147769098875,0.21207640673029113,8.0
S1_INGEST,F2_SEMANTIC,T4_CRITIC,C,R,0.04969910476197356,0.0013720439243317156,0.15681315022193612,8.0
S1_INGEST,F2_SEMANTIC,T4_CRITIC,C,H,0.01525916672722903,3.271632666943398e-07,0.07251477543329407,8.0
S1_INGEST,F2_SEMANTIC,T5_HUMAN_K0,C,C,0.8528384844920608,0.6907604926794456,0.9644668408923169,8.0
S1_INGEST,F2_SEMANTIC,T5_HUMAN_K0,C,E,0.08235144771283257,0.008519303309860645,0.215641223386308,8.0
S1_INGEST,F2_SEMANTIC,T5_HUMAN_K0,C,R,0.04959313491573495,0.0014716257950178604,0.15310273486142964,8.0
S1_INGEST,F2_SEMANTIC,T5_HUMAN_K0,C,H,0.015216932879371656,3.806264373792001e-07,0.07035776390398656,8.0
S1_INGEST,F2_SEMANTIC,T5_HUMAN_K1,C,C,0.8507576973624423,0.6917804423998427,0.9637047444170407,8.0
S1_INGEST,F2_SEMANTIC,T5_HUMAN_K1,C,E,0.08393489188832812,0.009708819255251725,0.21691827952711834,8.0
S1_INGEST,F2_SEMANTIC,T5_HUMAN_K1,C,R,0.049677489604651896,0.0014428337827251672,0.15690456544041595,8.0
S1_INGEST,F2_SEMANTIC,T5_HUMAN_K1,C,H,0.01562992114457774,2.772297391756757e-07,0.07064333543648464,8.0
S1_INGEST,F2_SEMANTIC,T5_HUMAN_K2,C,C,0.8521426538798809,0.6904771144284616,0.9649049138122922,8.0
S1_INGEST,F2_SEMANTIC,T5_HUMAN_K2,C,E,0.08078923560914351,0.007882377038629535,0.212412708131419,8.0
S1_INGEST,F2_SEMANTIC,T5_HUMAN_K2,C,R,0.051192745308541905,0.0019498648294066986,0.15972760379728249,8.0
S1_INGEST,F2_SEMANTIC,T5_HUMAN_K2,C,H,0.01587536520243384,3.215141074246571e-07,0.07754487994169205,8.0
S1_INGEST,F2_SEMANTIC,T5_HUMAN_K3,C,C,0.8514977925268623,0.6921426105397701,0.9645624783545425,8.0
S1_INGEST,F2_SEMANTIC,T5_HUMAN_K3,C,E,0.0833443024579326,0.008518480877685912,0.21532289258718948,8.0
S1_INGEST,F2_SEMANTIC,T5_HUMAN_K3,C,R,0.049670449981097334,0.0013554102869298827,0.15679783957152774,8.0
S1_INGEST,F2_SEMANTIC,T5_HUMAN_K3,C,H,0.015487455034107735,2.8989412866428125e-07,0.07705107445507911,8.0
S1_INGEST,F3_TOOL,T1_LINEAR,C,C,0.9407978491086078,0.8714986746378849,0.9859307883047698,32.0
S1_INGEST,F3_TOOL,T1_LINEAR,C,E,0.03312184712650972,0.003330197601739476,0.08854551947019887,32.0
S1_INGEST,F3_TOOL,T1_LINEAR,C,R,0.020020427916693947,0.0005957204237314073,0.06316067104163549,32.0
S1_INGEST,F3_TOOL,T1_LINEAR,C,H,0.006059875848188602,1.0225115476870598e-07,0.027998535674019068,32.0
S1_INGEST,F3_TOOL,T2_VALIDATOR,C,C,0.9414336467790783,0.8734470065499759,0.986588653671456,32.0
S1_INGEST,F3_TOOL,T2_VALIDATOR,C,E,0.032716411633667807,0.0034096734967259132,0.08726368958293143,32.0
S1_INGEST,F3_TOOL,T2_VALIDATOR,C,R,0.019650817608337104,0.000611989345391875,0.06331935073343992,32.0
S1_INGEST,F3_TOOL,T2_VALIDATOR,C,H,0.006199123978916828,9.70025705089782e-08,0.030408437458882002,32.0
S1_INGEST,F3_TOOL,T3_SUPERVISOR,C,C,0.9402456145126664,0.8686635813792005,0.9862961860665769,32.0
S1_INGEST,F3_TOOL,T3_SUPERVISOR,C,E,0.03340000832865614,0.0031202823633548517,0.08773297033044945,32.0
S1_INGEST,F3_TOOL,T3_SUPERVISOR,C,R,0.02011553355430851,0.0005045088491421635,0.06661507880008824,32.0
S1_INGEST,F3_TOOL,T3_SUPERVISOR,C,H,0.006238843604368869,1.2616059440623035e-07,0.0313053099277979,32.0
S1_INGEST,F3_TOOL,T4_CRITIC,C,C,0.9399984077965895,0.8717279494926847,0.9868034120946052,32.0
S1_INGEST,F3_TOOL,T4_CRITIC,C,E,0.03386292842932217,0.0033275241419872745,0.09037816883941424,32.0
S1_INGEST,F3_TOOL,T4_CRITIC,C,R,0.020088513492326626,0.0005113296499780055,0.06528353525984285,32.0
S1_INGEST,F3_TOOL,T4_CRITIC,C,H,0.006050150281761635,1.0795349093935484e-07,0.028593604502740042,32.0
S1_INGEST,F3_TOOL,T5_HUMAN_K0,C,C,0.9407169365704784,0.8744150892493794,0.9868616520526283,32.0
S1_INGEST,F3_TOOL,T5_HUMAN_K0,C,E,0.0333233360970429,0.003343883233839118,0.08680691057682814,32.0
S1_INGEST,F3_TOOL,T5_HUMAN_K0,C,R,0.019836210360818785,0.0006614683467910325,0.06151713855474721,32.0
S1_INGEST,F3_TOOL,T5_HUMAN_K0,C,H,0.006123516971659927,6.344896000655553e-08,0.029410441911952575,32.0
S1_INGEST,F3_TOOL,T5_HUMAN_K1,C,C,0.9404586377577909,0.8736944009908876,0.9861554663103909,32.0
S1_INGEST,F3_TOOL,T5_HUMAN_K1,C,E,0.03345334203487684,0.003657967224142646,0.08788042272158024,32.0
S1_INGEST,F3_TOOL,T5_HUMAN_K1,C,R,0.019913907965781272,0.0005282888485284941,0.06294146441241352,32.0
S1_INGEST,F3_TOOL,T5_HUMAN_K1,C,H,0.0061741122415509145,9.934550376283131e-08,0.030626269315366737,32.0
S1_INGEST,F3_TOOL,T5_HUMAN_K2,C,C,0.9400224369746356,0.8715364083930343,0.9867247553707917,32.0
S1_INGEST,F3_TOOL,T5_HUMAN_K2,C,E,0.034041880508049314,0.003296938185476268,0.08794304554547225,32.0
S1_INGEST,F3_TOOL,T5_HUMAN_K2,C,R,0.01970557872224675,0.0006393640928547985,0.06519385975466044,32.0
S1_INGEST,F3_TOOL,T5_HUMAN_K2,C,H,0.006230103795068253,1.2259303948400963e-07,0.029638708174503425,32.0
S1_INGEST,F3_TOOL,T5_HUMAN_K3,C,C,0.9411337110300921,0.8700764559406896,0.9868180667092761,32.0
S1_INGEST,F3_TOOL,T5_HUMAN_K3,C,E,0.032823575661126723,0.003214671326867065,0.08722679731993072,32.0
S1_INGEST,F3_TOOL,T5_HUMAN_K3,C,R,0.020156061586661236,0.0005558233660998618,0.06741023275308443,32.0
S1_INGEST,F3_TOOL,T5_HUMAN_K3,C,H,0.00588665172211991,1.2064056840513644e-07,0.02909347061548119,32.0
S1_INGEST,F4_REASONING,T1_LINEAR,C,C,0.8521131241648523,0.6908942458259258,0.9636851205056501,8.0
S1_INGEST,F4_REASONING,T1_LINEAR,C,E,0.08350232962841406,0.009831886179149797,0.2152925150548825,8.0
S1_INGEST,F4_REASONING,T1_LINEAR,C,R,0.0487122055610089,0.0014026420138152779,0.15262060186491444,8.0
S1_INGEST,F4_REASONING,T1_LINEAR,C,H,0.01567234064572473,3.7087763816320303e-07,0.0745386489146405,8.0
S1_INGEST,F4_REASONING,T2_VALIDATOR,C,C,0.8510428948464875,0.6900383880242121,0.9656038595147269,8.0
S1_INGEST,F4_REASONING,T2_VALIDATOR,C,E,0.08477607762151257,0.007705492011331918,0.21677308912554746,8.0
S1_INGEST,F4_REASONING,T2_VALIDATOR,C,R,0.04888953821649302,0.0014158882281209357,0.15922196721821455,8.0
S1_INGEST,F4_REASONING,T2_VALIDATOR,C,H,0.0152914893155069,2.007503844160054e-07,0.07433707707711201,8.0
S1_INGEST,F4_REASONING,T3_SUPERVISOR,C,C,0.850924069984013,0.6849958975022927,0.9626885889812905,8.0
S1_INGEST,F4_REASONING,T3_SUPERVISOR,C,E,0.08343601305884782,0.008077895139419708,0.21420269870628444,8.0
S1_INGEST,F4_REASONING,T3_SUPERVISOR,C,R,0.04993332966215825,0.0013887423428803637,0.15966203805628065,8.0
S1_INGEST,F4_REASONING,T3_SUPERVISOR,C,H,0.015706587294980968,2.1305445498524993e-07,0.07634686052005007,8.0
S1_INGEST,F4_REASONING,T4_CRITIC,C,C,0.8549498566612319,0.6954196470016212,0.9654002530852194,8.0
S1_INGEST,F4_REASONING,T4_CRITIC,C,E,0.08142926786586085,0.008488295102108334,0.21022143801756796,8.0
S1_INGEST,F4_REASONING,T4_CRITIC,C,R,0.047969666539657084,0.0012935661451467227,0.1509413905977348,8.0
S1_INGEST,F4_REASONING,T4_CRITIC,C,H,0.015651208933250123,4.392487140974623e-07,0.07298602042734081,8.0
S1_INGEST,F4_REASONING,T5_HUMAN_K0,C,C,0.8527238697084888,0.6940741731352472,0.9648173184149658,8.0
S1_INGEST,F4_REASONING,T5_HUMAN_K0,C,E,0.08428800015916837,0.008387613693484383,0.21864460737806343,8.0
S1_INGEST,F4_REASONING,T5_HUMAN_K0,C,R,0.04810294721207166,0.0016243716171347091,0.14956111079714426,8.0
S1_INGEST,F4_REASONING,T5_HUMAN_K0,C,H,0.014885182920271217,2.5158629858968397e-07,0.07233671561155085,8.0
S1_INGEST,F4_REASONING,T5_HUMAN_K1,C,C,0.85510192895575,0.6933056467694977,0.9659087992231574,8.0
S1_INGEST,F4_REASONING,T5_HUMAN_K1,C,E,0.08102846785920759,0.008145600952462789,0.2095025519454464,8.0
S1_INGEST,F4_REASONING,T5_HUMAN_K1,C,R,0.048299533670068416,0.0012259756670813793,0.15128235228940867,8.0
S1_INGEST,F4_REASONING,T5_HUMAN_K1,C,H,0.015570069514974107,2.6704655020765423e-07,0.07125415075857702,8.0
S1_INGEST,F4_REASONING,T5_HUMAN_K2,C,C,0.8539766508016909,0.6995417655636015,0.9644086207391154,8.0
S1_INGEST,F4_REASONING,T5_HUMAN_K2,C,E,0.08057702641434034,0.008481950346793757,0.20552120988301503,8.0
S1_INGEST,F4_REASONING,T5_HUMAN_K2,C,R,0.0500196801148045,0.0017486793789274564,0.15633110836546968,8.0
S1_INGEST,F4_REASONING,T5_HUMAN_K2,C,H,0.015426642669164098,2.4054132928385076e-07,0.07299211860443224,8.0
S1_INGEST,F4_REASONING,T5_HUMAN_K3,C,C,0.8525602863108191,0.6891685504230657,0.9650847339098803,8.0
S1_INGEST,F4_REASONING,T5_HUMAN_K3,C,E,0.0834316612136133,0.008853328363165108,0.21865861648171925,8.0
S1_INGEST,F4_REASONING,T5_HUMAN_K3,C,R,0.048504826479804766,0.0014075949737156056,0.16055480766568056,8.0
S1_INGEST,F4_REASONING,T5_HUMAN_K3,C,H,0.015503225995762787,3.4279499117031187e-07,0.07448442696216043,8.0
S1_INGEST,F5_HANDOFF,T1_LINEAR,C,C,0.8537693741061043,0.6894367112260772,0.9652489754904405,8.0
S1_INGEST,F5_HANDOFF,T1_LINEAR,C,E,0.08251970913205921,0.00859682803425387,0.2088741970003244,8.0
S1_INGEST,F5_HANDOFF,T1_LINEAR,C,R,0.04961214677598676,0.0015164173123645484,0.1557216325742888,8.0
S1_INGEST,F5_HANDOFF,T1_LINEAR,C,H,0.014098769985849614,2.7687789914218933e-07,0.06858791021921705,8.0
S1_INGEST,F5_HANDOFF,T2_VALIDATOR,C,C,0.8514146745970169,0.6853655466081616,0.9647828128661702,8.0
S1_INGEST,F5_HANDOFF,T2_VALIDATOR,C,E,0.08338397061725343,0.008491659566471826,0.22221985034150488,8.0
S1_INGEST,F5_HANDOFF,T2_VALIDATOR,C,R,0.04957217353414435,0.0015585528449762367,0.15565834679308524,8.0
S1_INGEST,F5_HANDOFF,T2_VALIDATOR,C,H,0.015629181251585397,2.735219850001902e-07,0.07744616046691091,8.0
S1_INGEST,F5_HANDOFF,T3_SUPERVISOR,C,C,0.8530913631053065,0.6927186226838903,0.965606309613018,8.0
S1_INGEST,F5_HANDOFF,T3_SUPERVISOR,C,E,0.08160895306903852,0.008871755154487591,0.21208192284950333,8.0
S1_INGEST,F5_HANDOFF,T3_SUPERVISOR,C,R,0.049447981664448776,0.001457229547105973,0.15433635072167023,8.0
S1_INGEST,F5_HANDOFF,T3_SUPERVISOR,C,H,0.015851702161206255,2.0591023543538735e-07,0.07910252737684492,8.0
S1_INGEST,F5_HANDOFF,T4_CRITIC,C,C,0.8513847596358405,0.6861197738335945,0.9638951006101888,8.0
S1_INGEST,F5_HANDOFF,T4_CRITIC,C,E,0.08432079142495058,0.007747101171816446,0.2214886109111434,8.0
S1_INGEST,F5_HANDOFF,T4_CRITIC,C,R,0.04900481452544811,0.0014502887040338574,0.15697343515031809,8.0
S1_INGEST,F5_HANDOFF,T4_CRITIC,C,H,0.015289634413760767,2.1195809980898114e-07,0.07386472936098182,8.0
S1_INGEST,F5_HANDOFF,T5_HUMAN_K0,C,C,0.8514414644285716,0.6886590521213445,0.9659854936160489,8.0
S1_INGEST,F5_HANDOFF,T5_HUMAN_K0,C,E,0.0828765507066407,0.008107983339328587,0.21443658590132472,8.0
S1_INGEST,F5_HANDOFF,T5_HUMAN_K0,C,R,0.04993750742391521,0.001738546732285655,0.15415790654746117,8.0
S1_INGEST,F5_HANDOFF,T5_HUMAN_K0,C,H,0.015744477440872488,2.5940376539427664e-07,0.07713291096815948,8.0
S1_INGEST,F5_HANDOFF,T5_HUMAN_K1,C,C,0.8514509546356496,0.6892989455535348,0.9645299655345891,8.0
S1_INGEST,F5_HANDOFF,T5_HUMAN_K1,C,E,0.08349700489646719,0.008817231495819864,0.2149660645737316,8.0
S1_INGEST,F5_HANDOFF,T5_HUMAN_K1,C,R,0.04897868012108611,0.0015660862147754693,0.15709415168770408,8.0
S1_INGEST,F5_HANDOFF,T5_HUMAN_K1,C,H,0.01607336034679712,3.863111990161142e-07,0.07710061590066994,8.0
S1_INGEST,F5_HANDOFF,T5_HUMAN_K2,C,C,0.8540776244235605,0.695922010678794,0.967354267835408,8.0
S1_INGEST,F5_HANDOFF,T5_HUMAN_K2,C,E,0.08138487301822893,0.008707677049774206,0.20849031474277277,8.0
S1_INGEST,F5_HANDOFF,T5_HUMAN_K2,C,R,0.04906257291362604,0.001273593987105123,0.1535431755049689,8.0
S1_INGEST,F5_HANDOFF,T5_HUMAN_K2,C,H,0.015474929644584544,2.0655932660486047e-07,0.0744636696443745,8.0
S1_INGEST,F5_HANDOFF,T5_HUMAN_K3,C,C,0.8516161056043441,0.6951336501994404,0.9645840449411015,8.0
S1_INGEST,F5_HANDOFF,T5_HUMAN_K3,C,E,0.08267360774893728,0.008673199185767163,0.2091909129813563,8.0
S1_INGEST,F5_HANDOFF,T5_HUMAN_K3,C,R,0.04993662912978114,0.0014565923834910007,0.1597255860176179,8.0
S1_INGEST,F5_HANDOFF,T5_HUMAN_K3,C,H,0.015773657516937465,1.6971363850432267e-07,0.07731099198814453,8.0
S1_INGEST,F6_CONTEXT,T1_LINEAR,C,C,0.5701014174462431,0.4024463145269711,0.7264038675898286,16.0
S1_INGEST,F6_CONTEXT,T1_LINEAR,C,E,0.3863025310470933,0.23327576174013195,0.5511569556638894,16.0
S1_INGEST,F6_CONTEXT,T1_LINEAR,C,R,0.03383835110294396,0.0009203156017664993,0.10713099960191863,16.0
S1_INGEST,F6_CONTEXT,T1_LINEAR,C,H,0.009757700403719706,1.8811785489940086e-07,0.046091226134391684,16.0
S1_INGEST,F6_CONTEXT,T2_VALIDATOR,C,C,0.57001439112848,0.40230543537143715,0.72689090921585,16.0
S1_INGEST,F6_CONTEXT,T2_VALIDATOR,C,E,0.13769575788564042,0.04420336840031849,0.2695857968769728,16.0
S1_INGEST,F6_CONTEXT,T2_VALIDATOR,C,R,0.2817934319291538,0.1442003952702681,0.43751497068404327,16.0
S1_INGEST,F6_CONTEXT,T2_VALIDATOR,C,H,0.010496419056725865,2.188181889519866e-07,0.04904925625411863,16.0
S1_INGEST,F6_CONTEXT,T3_SUPERVISOR,C,C,0.5721180763801652,0.40674879158451815,0.7357384123875174,16.0
S1_INGEST,F6_CONTEXT,T3_SUPERVISOR,C,E,0.3040265917966667,0.1611092943816201,0.466005434126845,16.0
S1_INGEST,F6_CONTEXT,T3_SUPERVISOR,C,R,0.1141159623103842,0.03243258583464311,0.23513167243755054,16.0
S1_INGEST,F6_CONTEXT,T3_SUPERVISOR,C,H,0.009739369512783853,1.7373293589478693e-07,0.047445754243346516,16.0
S1_INGEST,F6_CONTEXT,T4_CRITIC,C,C,0.5711230738010236,0.3999196373400417,0.7302207886692541,16.0
S1_INGEST,F6_CONTEXT,T4_CRITIC,C,E,0.3847011330546026,0.23028459864696227,0.5554591686888937,16.0
S1_INGEST,F6_CONTEXT,T4_CRITIC,C,R,0.03356831632609988,0.0009533195733333424,0.10533830626820687,16.0
S1_INGEST,F6_CONTEXT,T4_CRITIC,C,H,0.010607476818274012,1.4241075993406864e-07,0.052332243217940826,16.0
S1_INGEST,F6_CONTEXT,T5_HUMAN_K0,C,C,0.5714850103235593,0.4024303525032969,0.7327031265669557,16.0
S1_INGEST,F6_CONTEXT,T5_HUMAN_K0,C,E,0.3437939192626045,0.19318154584019928,0.5057402031080488,16.0
S1_INGEST,F6_CONTEXT,T5_HUMAN_K0,C,R,0.07407930609725825,0.011125392538102989,0.17233307519837093,16.0
S1_INGEST,F6_CONTEXT,T5_HUMAN_K0,C,H,0.01064176431657803,2.262858433524171e-07,0.05142690634225031,16.0
S1_INGEST,F6_CONTEXT,T5_HUMAN_K1,C,C,0.5680500356700663,0.4024202693581529,0.7244400242644681,16.0
S1_INGEST,F6_CONTEXT,T5_HUMAN_K1,C,E,0.38889627370590574,0.24243355445835713,0.552693975348943,16.0
S1_INGEST,F6_CONTEXT,T5_HUMAN_K1,C,R,0.032757609673217405,0.0009838131065384827,0.10460866234961008,16.0
S1_INGEST,F6_CONTEXT,T5_HUMAN_K1,C,H,0.010296080950810594,2.3109422999999127e-07,0.048154350913011935,16.0
S1_INGEST,F6_CONTEXT,T5_HUMAN_K2,C,C,0.5716038360656513,0.40820988963812144,0.7274934424009892,16.0
S1_INGEST,F6_CONTEXT,T5_HUMAN_K2,C,E,0.384826696130415,0.2312009587844442,0.5502594062451102,16.0
S1_INGEST,F6_CONTEXT,T5_HUMAN_K2,C,R,0.033127919291607875,0.0009469955632539497,0.10605229141682107,16.0
S1_INGEST,F6_CONTEXT,T5_HUMAN_K2,C,H,0.010441548512325751,1.3887164304138188e-07,0.04937635661851865,16.0
S1_INGEST,F6_CONTEXT,T5_HUMAN_K3,C,C,0.5696923108894807,0.403155347290005,0.7322379946769572,16.0
S1_INGEST,F6_CONTEXT,T5_HUMAN_K3,C,E,0.3865625208168039,0.23317101071445012,0.5556661895331177,16.0
S1_INGEST,F6_CONTEXT,T5_HUMAN_K3,C,R,0.0336977247069974,0.000965556288584369,0.10744107455881052,16.0
S1_INGEST,F6_CONTEXT,T5_HUMAN_K3,C,H,0.010047443586718023,1.6307963757517723e-07,0.05018643108156822,16.0
S1_INGEST,F7_ADVERSARIAL,T1_LINEAR,C,C,0.6774953103140844,0.5416754368254076,0.8034163313424169,24.000000000000004
S1_INGEST,F7_ADVERSARIAL,T1_LINEAR,C,E,0.25957206548235906,0.14054523065942956,0.3914426467354672,24.000000000000004
S1_INGEST,F7_ADVERSARIAL,T1_LINEAR,C,R,0.05532973242102695,0.008721031637466067,0.13139826136837388,24.000000000000004
S1_INGEST,F7_ADVERSARIAL,T1_LINEAR,C,H,0.00760289178252971,1.4598908183870034e-07,0.0367002479353409,24.000000000000004
S1_INGEST,F7_ADVERSARIAL,T2_VALIDATOR,C,C,0.6794570379247948,0.5401825671705179,0.8090170678091795,24.000000000000004
S1_INGEST,F7_ADVERSARIAL,T2_VALIDATOR,C,E,0.07194932318108214,0.015594711068089245,0.15973479152102443,24.000000000000004
S1_INGEST,F7_ADVERSARIAL,T2_VALIDATOR,C,R,0.24068538025793054,0.12934134346419682,0.36691661199979775,24.000000000000004
S1_INGEST,F7_ADVERSARIAL,T2_VALIDATOR,C,H,0.00790825863619244,1.2844194788556477e-07,0.03819234654166405,24.000000000000004
S1_INGEST,F7_ADVERSARIAL,T3_SUPERVISOR,C,C,0.6782175811431584,0.5340421555393956,0.8059732560504852,24.000000000000004
S1_INGEST,F7_ADVERSARIAL,T3_SUPERVISOR,C,E,0.0729396643037156,0.017020280089359362,0.1624467286335811,24.000000000000004
S1_INGEST,F7_ADVERSARIAL,T3_SUPERVISOR,C,R,0.24079969311959729,0.1293723508458348,0.37612451256717694,24.000000000000004
S1_INGEST,F7_ADVERSARIAL,T3_SUPERVISOR,C,H,0.008043061433528752,1.0082880384083003e-07,0.03986816153661562,24.000000000000004
S1_INGEST,F7_ADVERSARIAL,T4_CRITIC,C,C,0.6813178346486933,0.5377394617402903,0.8100218442857104,24.000000000000004
S1_INGEST,F7_ADVERSARIAL,T4_CRITIC,C,E,0.2557198559844533,0.14078093580582013,0.3899407040759472,24.000000000000004
S1_INGEST,F7_ADVERSARIAL,T4_CRITIC,C,R,0.05525808366433958,0.009019917240126504,0.13372936415029485,24.000000000000004
S1_INGEST,F7_ADVERSARIAL,T4_CRITIC,C,H,0.007704225702513793,8.642451303012498e-08,0.03648867323749733,24.000000000000004
S1_INGEST,F7_ADVERSARIAL,T5_HUMAN_K0,C,C,0.6777129604526881,0.5321044187724576,0.8043266976860476,24.000000000000004
S1_INGEST,F7_ADVERSARIAL,T5_HUMAN_K0,C,E,0.28944520017784087,0.16757602868126018,0.4293850819608958,24.000000000000004
S1_INGEST,F7_ADVERSARIAL,T5_HUMAN_K0,C,R,0.024917466947554444,0.0007012057745250584,0.07915237220547552,24.000000000000004
S1_INGEST,F7_ADVERSARIAL,T5_HUMAN_K0,C,H,0.00792437242191648,1.4849877797847178e-07,0.03928892696405587,24.000000000000004
S1_INGEST,F7_ADVERSARIAL,T5_HUMAN_K1,C,C,0.6769827657208914,0.5371460078699852,0.8041852714097545,24.000000000000004
S1_INGEST,F7_ADVERSARIAL,T5_HUMAN_K1,C,E,0.29002351432399914,0.16956324677816773,0.4289437345670747,24.000000000000004
S1_INGEST,F7_ADVERSARIAL,T5_HUMAN_K1,C,R,0.025255227335886934,0.0007325346370957162,0.07940386304758058,24.000000000000004
S1_INGEST,F7_ADVERSARIAL,T5_HUMAN_K1,C,H,0.007738492619222361,1.8728470555087668e-07,0.036659782736369266,24.000000000000004
S1_INGEST,F7_ADVERSARIAL,T5_HUMAN_K2,C,C,0.6790932240911172,0.5361797151020349,0.8079573113912956,24.000000000000004
S1_INGEST,F7_ADVERSARIAL,T5_HUMAN_K2,C,E,0.28782843614365067,0.1653657744247299,0.43325201732753044,24.000000000000004
S1_INGEST,F7_ADVERSARIAL,T5_HUMAN_K2,C,R,0.025019097975034134,0.0007250588891952787,0.0777410229571732,24.000000000000004
S1_INGEST,F7_ADVERSARIAL,T5_HUMAN_K2,C,H,0.008059241790198166,2.2007719087862192e-07,0.039167304634843345,24.000000000000004
S1_INGEST,F7_ADVERSARIAL,T5_HUMAN_K3,C,C,0.6776978945583269,0.5417989909141667,0.8017990467202168,24.000000000000004
S1_INGEST,F7_ADVERSARIAL,T5_HUMAN_K3,C,E,0.28996602357882795,0.16977940065265465,0.4255546547305524,24.000000000000004
S1_INGEST,F7_ADVERSARIAL,T5_HUMAN_K3,C,R,0.02426919609693771,0.000722307448973527,0.07627511327638725,24.000000000000004
S1_INGEST,F7_ADVERSARIAL,T5_HUMAN_K3,C,H,0.00806688576590744,1.3434807615993064e-07,0.038814892249952465,24.000000000000004
S2_RECONCILE,CONTROL,T1_LINEAR,C,C,0.8507953496438786,0.6864657987851458,0.9643526899828841,8.0
S2_RECONCILE,CONTROL,T1_LINEAR,C,E,0.08219980995552831,0.008331930660474957,0.21711045758182576,8.0
S2_RECONCILE,CONTROL,T1_LINEAR,C,R,0.05042624592545136,0.0015096909924144676,0.15528118943529956,8.0
S2_RECONCILE,CONTROL,T1_LINEAR,C,H,0.016578594475141765,2.611634790540843e-07,0.07812644526618479,8.0
S2_RECONCILE,CONTROL,T2_VALIDATOR,C,C,0.8511135321260382,0.6923364805337582,0.9633728048715964,8.0
S2_RECONCILE,CONTROL,T2_VALIDATOR,C,E,0.08345397674417553,0.00909297486576524,0.21510745666132253,8.0
S2_RECONCILE,CONTROL,T2_VALIDATOR,C,R,0.050060987373292176,0.0014924584222875776,0.15278169279371936,8.0
S2_RECONCILE,CONTROL,T2_VALIDATOR,C,H,0.015371503756494065,2.3556928006572623e-07,0.07569598751680186,8.0
S2_RECONCILE,CONTROL,T3_SUPERVISOR,C,C,0.853454541106722,0.6924853906539226,0.9656268619252806,8.0
S2_RECONCILE,CONTROL,T3_SUPERVISOR,C,E,0.08217732632359372,0.009074046511780062,0.2131908192254122,8.0
S2_RECONCILE,CONTROL,T3_SUPERVISOR,C,R,0.0493621474449659,0.0014515129517578944,0.15111559012931994,8.0
S2_RECONCILE,CONTROL,T3_SUPERVISOR,C,H,0.015005985124718306,4.993572826545508e-07,0.07256090370956712,8.0
S2_RECONCILE,CONTROL,T4_CRITIC,C,C,0.8526546485319727,0.6907221272614151,0.9650445382301386,8.0
S2_RECONCILE,CONTROL,T4_CRITIC,C,E,0.083152999365785,0.009149964391047039,0.21297585833339833,8.0
S2_RECONCILE,CONTROL,T4_CRITIC,C,R,0.04916825629790486,0.0013486006320816844,0.15346414557589758,8.0
S2_RECONCILE,CONTROL,T4_CRITIC,C,H,0.015024095804337462,2.547698347116979e-07,0.06890875205524347,8.0
S2_RECONCILE,CONTROL,T5_HUMAN_K0,C,C,0.8532375703454007,0.6911112972790459,0.9659723347903444,8.0
S2_RECONCILE,CONTROL,T5_HUMAN_K0,C,E,0.08196725604163074,0.008587172965827899,0.21421894442445732,8.0
S2_RECONCILE,CONTROL,T5_HUMAN_K0,C,R,0.04946653001733741,0.0015266826555533702,0.15581307122225038,8.0
S2_RECONCILE,CONTROL,T5_HUMAN_K0,C,H,0.01532864359563112,3.2581307534938353e-07,0.07306074576912334,8.0
S2_RECONCILE,CONTROL,T5_HUMAN_K1,C,C,0.8518794512943516,0.6925519795427393,0.9648923037378815,8.0
S2_RECONCILE,CONTROL,T5_HUMAN_K1,C,E,0.08191379396890798,0.008616354667250355,0.21305556301359144,8.0
S2_RECONCILE,CONTROL,T5_HUMAN_K1,C,R,0.05095546562157466,0.0014865419077864802,0.1642336354883047,8.0
S2_RECONCILE,CONTROL,T5_HUMAN_K1,C,H,0.015251289115165758,1.93697428108666e-07,0.07232658725365355,8.0
S2_RECONCILE,CONTROL,T5_HUMAN_K2,C,C,0.8509276386410395,0.6917381282203976,0.9633857912295943,8.0
S2_RECONCILE,CONTROL,T5_HUMAN_K2,C,E,0.08368616288918561,0.00865063362071268,0.21424016831789927,8.0
S2_RECONCILE,CONTROL,T5_HUMAN_K2,C,R,0.049585573193840944,0.0015437571660671691,0.15899919186050396,8.0
S2_RECONCILE,CONTROL,T5_HUMAN_K2,C,H,0.01580062527593388,1.9843468882079268e-07,0.07480405585668506,8.0
S2_RECONCILE,CONTROL,T5_HUMAN_K3,C,C,0.8503991648483415,0.6850029581857122,0.9655852184132608,8.0
S2_RECONCILE,CONTROL,T5_HUMAN_K3,C,E,0.08408109669261936,0.008526861619618322,0.21756386711089684,8.0
S2_RECONCILE,CONTROL,T5_HUMAN_K3,C,R,0.04999283842372141,0.001336054425688159,0.15894797420215928,8.0
S2_RECONCILE,CONTROL,T5_HUMAN_K3,C,H,0.015526900035317712,2.60785616575192e-07,0.0771276969930226,8.0
S2_RECONCILE,F1_DATA,T1_LINEAR,C,C,0.9017019078929737,0.7893875868999197,0.97660139177416,16.0
S2_RECONCILE,F1_DATA,T1_LINEAR,C,E,0.05496469782534026,0.005488584388676324,0.1444433889766104,16.0
S2_RECONCILE,F1_DATA,T1_LINEAR,C,R,0.03309274969621529,0.0010361093776850548,0.10593328990854027,16.0
S2_RECONCILE,F1_DATA,T1_LINEAR,C,H,0.010240644585470816,1.666750354089568e-07,0.04969311635639198,16.0
S2_RECONCILE,F1_DATA,T1_LINEAR,E,C,0.015051348489115246,1.5085621786086106e-07,0.07351771579500332,7.999999999999998
S2_RECONCILE,F1_DATA,T1_LINEAR,E,E,0.8672221854133393,0.7105236701876301,0.9724425517826573,7.999999999999998
S2_RECONCILE,F1_DATA,T1_LINEAR,E,R,0.10217884652750428,0.015179861829451198,0.2479948569812951,7.999999999999998
S2_RECONCILE,F1_DATA,T1_LINEAR,E,H,0.015547619570041237,1.9999966212213933e-07,0.0742393886947247,7.999999999999998
S2_RECONCILE,F1_DATA,T2_VALIDATOR,C,C,0.9010794732339553,0.7900080957832832,0.9752792432758219,16.0
S2_RECONCILE,F1_DATA,T2_VALIDATOR,C,E,0.05497810412463422,0.005861050620638288,0.142504964843526,16.0
S2_RECONCILE,F1_DATA,T2_VALIDATOR,C,R,0.032972874687578084,0.0008649349663765899,0.10468861954739363,16.0
S2_RECONCILE,F1_DATA,T2_VALIDATOR,C,H,0.010969547953832362,2.2843471873177445e-07,0.05552628411741214,16.0
S2_RECONCILE,F1_DATA,T2_VALIDATOR,E,C,0.023363459223470606,5.746414367147189e-07,0.11428159180496442,2.0000000000000018
S2_RECONCILE,F1_DATA,T2_VALIDATOR,E,E,0.6007910700087075,0.351232197067131,0.8253705923089397,2.0000000000000018
S2_RECONCILE,F1_DATA,T2_VALIDATOR,E,R,0.3525536434085458,0.13903868677367348,0.5979966184530656,2.0000000000000018
S2_RECONCILE,F1_DATA,T2_VALIDATOR,E,H,0.023291827359276183,5.910022197015892e-07,0.11203095041603292,2.0000000000000018
S2_RECONCILE,F1_DATA,T2_VALIDATOR,R,C,0.018070618588712024,3.7423296225313975e-07,0.08627304112035976,6.0
S2_RECONCILE,F1_DATA,T2_VALIDATOR,R,E,0.016743216907818773,2.2748329806306287e-07,0.07889506292226257,6.0
S2_RECONCILE,F1_DATA,T2_VALIDATOR,R,R,0.9479761460030458,0.8357700653481253,0.9987365924959444,6.0
S2_RECONCILE,F1_DATA,T2_VALIDATOR,R,H,0.017210018500423353,2.93536069264767e-07,0.08214485318450866,6.0
S2_RECONCILE,F1_DATA,T3_SUPERVISOR,C,C,0.9016466977063817,0.7882531637990902,0.9760651457343982,16.0
S2_RECONCILE,F1_DATA,T3_SUPERVISOR,C,E,0.05511394950150098,0.006233693828463954,0.1439918863503443,16.0
S2_RECONCILE,F1_DATA,T3_SUPERVISOR,C,R,0.03298241055750185,0.0009590195105926125,0.10650784650222245,16.0
S2_RECONCILE,F1_DATA,T3_SUPERVISOR,C,H,0.010256942234615372,1.358718190371531e-07,0.04861767951480907,16.0
S2_RECONCILE,F1_DATA,T3_SUPERVISOR,E,C,0.02620170120975459,5.141323357601851e-07,0.12467372905661005,1.0000000000000018
S2_RECONCILE,F1_DATA,T3_SUPERVISOR,E,E,0.6648796383295402,0.40646233955342076,0.8841118736591395,1.0000000000000018
S2_RECONCILE,F1_DATA,T3_SUPERVISOR,E,R,0.2818661437537435,0.07964364118768494,0.5301384312810131,1.0000000000000018
S2_RECONCILE,F1_DATA,T3_SUPERVISOR,E,H,0.027052516706961807,5.36103878283043e-07,0.1298690990792543,1.0000000000000018
S2_RECONCILE,F1_DATA,T3_SUPERVISOR,R,C,0.01590464538616399,3.590610371218782e-07,0.07461373053499226,7.0
S2_RECONCILE,F1_DATA,T3_SUPERVISOR,R,E,0.015019897036729091,2.5352329064462657e-07,0.07142121938843876,7.0
S2_RECONCILE,F1_DATA,T3_SUPERVISOR,R,R,0.9532015077590617,0.849477754123643,0.9988854462571701,7.0
S2_RECONCILE,F1_DATA,T3_SUPERVISOR,R,H,0.015873949818045272,2.1863799208940697e-07,0.07777836243917005,7.0
S2_RECONCILE,F1_DATA,T4_CRITIC,C,C,0.9008005061479248,0.7884517862163332,0.9764695115170253,16.0
S2_RECONCILE,F1_DATA,T4_CRITIC,C,E,0.05659853629435033,0.005784039192935658,0.14736424158446376,16.0
S2_RECONCILE,F1_DATA,T4_CRITIC,C,R,0.032513855207331514,0.0010051217476265847,0.104116449664287,16.0
S2_RECONCILE,F1_DATA,T4_CRITIC,C,H,0.010087102350393479,1.6861677640148974e-07,0.04839141070888165,16.0
S2_RECONCILE,F1_DATA,T4_CRITIC,E,C,0.019152027445973593,4.670126916964793e-07,0.09184911048470565,5.0
S2_RECONCILE,F1_DATA,T4_CRITIC,E,E,0.7662618458712088,0.5645887320808359,0.9264797363154694,5.0
S2_RECONCILE,F1_DATA,T4_CRITIC,E,R,0.195835100936909,0.05503041109564985,0.38740776736097116,5.0
S2_RECONCILE,F1_DATA,T4_CRITIC,E,H,0.018751025745908447,2.914072968238573e-07,0.09245248569094514,5.0
S2_RECONCILE,F1_DATA,T4_CRITIC,R,C,0.021878832151015763,3.020058465991085e-07,0.10868857539014276,3.0
S2_RECONCILE,F1_DATA,T4_CRITIC,R,E,0.020816075041684135,2.576947445760015e-07,0.09739936029797026,3.0
S2_RECONCILE,F1_DATA,T4_CRITIC,R,R,0.9354061465299968,0.7900757524449188,0.9985549498792281,3.0
S2_RECONCILE,F1_DATA,T4_CRITIC,R,H,0.021898946277303273,2.540693849135117e-07,0.11038281934874355,3.0
S2_RECONCILE,F1_DATA,T5_HUMAN_K0,C,C,0.9024794596828909,0.7896375251456287,0.9772012151007099,16.0
S2_RECONCILE,F1_DATA,T5_HUMAN_K0,C,E,0.05458932332604433,0.005449626828711346,0.14772829400051973,16.0
S2_RECONCILE,F1_DATA,T5_HUMAN_K0,C,R,0.03250309801084399,0.0008961006437730019,0.10540324187013018,16.0
S2_RECONCILE,F1_DATA,T5_HUMAN_K0,C,H,0.010428118980220677,1.7713474924743973e-07,0.051817225736477554,16.0
S2_RECONCILE,F1_DATA,T5_HUMAN_K0,E,C,0.015126245081160977,2.62699030276689e-07,0.07215237321167846,7.999999999999998
S2_RECONCILE,F1_DATA,T5_HUMAN_K0,E,E,0.8646014817718062,0.706048792756426,0.969335891628003,7.999999999999998
S2_RECONCILE,F1_DATA,T5_HUMAN_K0,E,R,0.1049065939183443,0.01631002610099614,0.24687553474429616,7.999999999999998
S2_RECONCILE,F1_DATA,T5_HUMAN_K0,E,H,0.015365679228688471,2.1945125191940575e-07,0.07481324071444459,7.999999999999998
S2_RECONCILE,F1_DATA,T5_HUMAN_K1,C,C,0.9014030262772619,0.7886009625058032,0.9763541406360468,16.0
S2_RECONCILE,F1_DATA,T5_HUMAN_K1,C,E,0.05470238038061659,0.005678205626903421,0.1447021254980435,16.0
S2_RECONCILE,F1_DATA,T5_HUMAN_K1,C,R,0.03353618479804618,0.0010600399107699937,0.10459163606570519,16.0
S2_RECONCILE,F1_DATA,T5_HUMAN_K1,C,H,0.010358408544075203,1.3100601213572847e-07,0.04896105573423464,16.0
S2_RECONCILE,F1_DATA,T5_HUMAN_K1,E,C,0.0160338572409297,3.055270261214076e-07,0.07801530541888413,7.0
S2_RECONCILE,F1_DATA,T5_HUMAN_K1,E,E,0.7925648855046199,0.609412014564324,0.9326383811263884,7.0
S2_RECONCILE,F1_DATA,T5_HUMAN_K1,E,R,0.17572932083773213,0.048551725579729865,0.3552137036820647,7.0
S2_RECONCILE,F1_DATA,T5_HUMAN_K1,E,H,0.015671936416718272,2.543508312507258e-07,0.0751181069249496,7.0
S2_RECONCILE,F1_DATA,T5_HUMAN_K1,R,C,0.025874394304362468,4.016794882208274e-07,0.12264875882845137,1.0
S2_RECONCILE,F1_DATA,T5_HUMAN_K1,R,E,0.025580871699776464,4.6301123264366244e-07,0.11941614035118675,1.0
S2_RECONCILE,F1_DATA,T5_HUMAN_K1,R,R,0.9222278531710376,0.7534079964004716,0.9978419196499012,1.0
S2_RECONCILE,F1_DATA,T5_HUMAN_K1,R,H,0.026316880824823485,5.842721000094532e-07,0.12452175163303181,1.0
S2_RECONCILE,F1_DATA,T5_HUMAN_K2,C,C,0.9010841131730054,0.7888203126099441,0.9768215727124794,16.0
S2_RECONCILE,F1_DATA,T5_HUMAN_K2,C,E,0.05562662022294894,0.005953214955696342,0.14477875240778346,16.0
S2_RECONCILE,F1_DATA,T5_HUMAN_K2,C,R,0.033169713074239,0.0010684781829458968,0.10185697847602745,16.0
S2_RECONCILE,F1_DATA,T5_HUMAN_K2,C,H,0.01011955352980658,1.5352559568515974e-07,0.04910864193901949,16.0
S2_RECONCILE,F1_DATA,T5_HUMAN_K2,E,C,0.016522049771341023,3.4653729295359e-07,0.07919979034388493,7.000000000000002
S2_RECONCILE,F1_DATA,T5_HUMAN_K2,E,E,0.40114731772139334,0.20926126150274105,0.6037329729171572,7.000000000000002
S2_RECONCILE,F1_DATA,T5_HUMAN_K2,E,R,0.566830397225174,0.36628648332284003,0.7629591821194385,7.000000000000002
S2_RECONCILE,F1_DATA,T5_HUMAN_K2,E,H,0.015500235282091537,1.8202624280381767e-07,0.07488017221172663,7.000000000000002
S2_RECONCILE,F1_DATA,T5_HUMAN_K2,R,C,0.02554088538130278,8.151809945266062e-07,0.12099264548088987,1.0
S2_RECONCILE,F1_DATA,T5_HUMAN_K2,R,E,0.025603240681523823,2.9839769608212215e-07,0.12550486672270492,1.0
S2_RECONCILE,F1_DATA,T5_HUMAN_K2,R,R,0.9236352853669884,0.7580385218364468,0.9981144288671331,1.0
S2_RECONCILE,F1_DATA,T5_HUMAN_K2,R,H,0.025220588570185113,6.156469337123808e-07,0.12436250997876214,1.0
S2_RECONCILE,F1_DATA,T5_HUMAN_K3,C,C,0.9004863850992522,0.7896710171704783,0.9766353588332592,16.0
S2_RECONCILE,F1_DATA,T5_HUMAN_K3,C,E,0.05702313873683087,0.00553827562967313,0.14747789024411992,16.0
S2_RECONCILE,F1_DATA,T5_HUMAN_K3,C,R,0.031993421845526546,0.0008800240794162033,0.10063576790750145,16.0
S2_RECONCILE,F1_DATA,T5_HUMAN_K3,C,H,0.010497054318390405,1.446115668202521e-07,0.04891237305089888,16.0
S2_RECONCILE,F1_DATA,T5_HUMAN_K3,E,C,0.01586030901907172,2.588021868629792e-07,0.074793413395596,7.000000000000002
S2_RECONCILE,F1_DATA,T5_HUMAN_K3,E,E,0.47288564286546864,0.27293433102297704,0.6822502679681451,7.000000000000002
S2_RECONCILE,F1_DATA,T5_HUMAN_K3,E,R,0.4948444636061843,0.29013029119401057,0.6943998753004812,7.000000000000002
S2_RECONCILE,F1_DATA,T5_HUMAN_K3,E,H,0.016409584509275377,2.3318342036617048e-07,0.07891520945763478,7.000000000000002
S2_RECONCILE,F1_DATA,T5_HUMAN_K3,R,C,0.02614961899283278,5.194755884337436e-07,0.12474018550806583,1.0
S2_RECONCILE,F1_DATA,T5_HUMAN_K3,R,E,0.02692142077446469,3.4805439048517077e-07,0.13180062230822726,1.0
S2_RECONCILE,F1_DATA,T5_HUMAN_K3,R,R,0.9204608314326271,0.741865471684877,0.9982805401002903,1.0
S2_RECONCILE,F1_DATA,T5_HUMAN_K3,R,H,0.026468128800075423,6.013505645621011e-07,0.13195024998174493,1.0
S2_RECONCILE,F2_SEMANTIC,T1_LINEAR,C,C,0.35732928796175634,0.17620295692691304,0.5575048982047746,8.0
S2_RECONCILE,F2_SEMANTIC,T1_LINEAR,C,E,0.5772410667404652,0.36989438559951227,0.7716271387469421,8.0
S2_RECONCILE,F2_SEMANTIC,T1_LINEAR,C,R,0.049408452730200676,0.0014398319302461274,0.1561451361656146,8.0
S2_RECONCILE,F2_SEMANTIC,T1_LINEAR,C,H,0.01602119256757785,1.33423980324538e-07,0.07338181066595481,8.0
S2_RECONCILE,F2_SEMANTIC,T2_VALIDATOR,C,C,0.35637608221574635,0.17951073506425963,0.555622344385855,8.0
S2_RECONCILE,F2_SEMANTIC,T2_VALIDATOR,C,E,0.1457616497380613,0.035190136449784096,0.30318324193600904,8.0
S2_RECONCILE,F2_SEMANTIC,T2_VALIDATOR,C,R,0.48298847875462564,0.2877543361514775,0.6807713489864466,8.0
S2_RECONCILE,F2_SEMANTIC,T2_VALIDATOR,C,H,0.014873789291566759,1.8356532027760662e-07,0.07066865957191053,8.0
S2_RECONCILE,F2_SEMANTIC,T3_SUPERVISOR,C,C,0.3634204280839174,0.1796919822846101,0.5649055617102807,8.0
S2_RECONCILE,F2_SEMANTIC,T3_SUPERVISOR,C,E,0.2062511894931581,0.06450072496726617,0.38370741175413225,8.0
S2_RECONCILE,F2_SEMANTIC,T3_SUPERVISOR,C,R,0.4147296659444971,0.22894746201887933,0.6215009641578757,8.0
S2_RECONCILE,F2_SEMANTIC,T3_SUPERVISOR,C,H,0.015598716478427392,2.566126620718176e-07,0.07756571072502036,8.0
S2_RECONCILE,F2_SEMANTIC,T4_CRITIC,C,C,0.35578746007311907,0.17840120110423072,0.5564503405670709,8.0
S2_RECONCILE,F2_SEMANTIC,T4_CRITIC,C,E,0.5794557141839652,0.37872828670591535,0.7646330129394501,8.0
S2_RECONCILE,F2_SEMANTIC,T4_CRITIC,C,R,0.04936774739034422,0.0015935138709643796,0.15647826924621466,8.0
S2_RECONCILE,F2_SEMANTIC,T4_CRITIC,C,H,0.015389078352571547,3.017242832532343e-07,0.0739379119661295,8.0
S2_RECONCILE,F2_SEMANTIC,T5_HUMAN_K0,C,C,0.36106091604747914,0.17808533733777934,0.5529772741784205,8.0
S2_RECONCILE,F2_SEMANTIC,T5_HUMAN_K0,C,E,0.5757412762367966,0.3769869471580928,0.7674702906447511,8.0
S2_RECONCILE,F2_SEMANTIC,T5_HUMAN_K0,C,R,0.04853414906408171,0.0015408372218263908,0.1577602067862078,8.0
S2_RECONCILE,F2_SEMANTIC,T5_HUMAN_K0,C,H,0.014663658651642642,2.570133622069119e-07,0.07047159792889775,8.0
S2_RECONCILE,F2_SEMANTIC,T5_HUMAN_K1,C,C,0.35751559515350245,0.1788955095522761,0.5617367846918854,8.0
S2_RECONCILE,F2_SEMANTIC,T5_HUMAN_K1,C,E,0.5780485682259215,0.37484067380752334,0.7687490287263817,8.0
S2_RECONCILE,F2_SEMANTIC,T5_HUMAN_K1,C,R,0.04844749371824364,0.0013497007591396725,0.1531100236774103,8.0
S2_RECONCILE,F2_SEMANTIC,T5_HUMAN_K1,C,H,0.01598834290233226,2.3365414463908133e-07,0.07405847466384605,8.0
S2_RECONCILE,F2_SEMANTIC,T5_HUMAN_K2,C,C,0.36096226913776935,0.18089949935992092,0.5600141104837839,8.0
S2_RECONCILE,F2_SEMANTIC,T5_HUMAN_K2,C,E,0.08148372027587043,0.008858757189020907,0.2115328412567474,8.0
S2_RECONCILE,F2_SEMANTIC,T5_HUMAN_K2,C,R,0.5417038832232313,0.3403983252419276,0.7347936409373942,8.0
S2_RECONCILE,F2_SEMANTIC,T5_HUMAN_K2,C,H,0.01585012736312893,3.627520388209636e-07,0.07864513034355104,8.0
S2_RECONCILE,F2_SEMANTIC,T5_HUMAN_K3,C,C,0.36203769880793213,0.17921141448078282,0.5659465682924274,8.0
S2_RECONCILE,F2_SEMANTIC,T5_HUMAN_K3,C,E,0.14471590111099458,0.03502534600527068,0.3052723121252317,8.0
S2_RECONCILE,F2_SEMANTIC,T5_HUMAN_K3,C,R,0.47801993486672945,0.27705601207265873,0.6817473111925101,8.0
S2_RECONCILE,F2_SEMANTIC,T5_HUMAN_K3,C,H,0.015226465214343843,2.896806431201398e-07,0.07441365735351563,8.0
S2_RECONCILE,F3_TOOL,T1_LINEAR,C,C,0.9396070866398551,0.8645880058325042,0.9865559936152459,32.0
S2_RECONCILE,F3_TOOL,T1_LINEAR,C,E,0.033661117570434655,0.0031336929640495906,0.09161024393176286,32.0
S2_RECONCILE,F3_TOOL,T1_LINEAR,C,R,0.020105079644499733,0.0004961344770592025,0.06382094810610614,32.0
S2_RECONCILE,F3_TOOL,T1_LINEAR,C,H,0.006626716145210505,1.183092468373256e-07,0.03189134063117046,32.0
S2_RECONCILE,F3_TOOL,T2_VALIDATOR,C,C,0.9403702424826852,0.8720959996952322,0.9867667371938629,32.0
S2_RECONCILE,F3_TOOL,T2_VALIDATOR,C,E,0.03349744250531214,0.0035039595200092224,0.08911977286647337,32.0
S2_RECONCILE,F3_TOOL,T2_VALIDATOR,C,R,0.020277957084242494,0.0005144538107769882,0.06368844527974922,32.0
S2_RECONCILE,F3_TOOL,T2_VALIDATOR,C,H,0.005854357927760195,8.313354569368848e-08,0.028163555118910024,32.0
S2_RECONCILE,F3_TOOL,T3_SUPERVISOR,C,C,0.9408913052760909,0.8700954170711904,0.9863403748439085,32.0
S2_RECONCILE,F3_TOOL,T3_SUPERVISOR,C,E,0.03323809533810848,0.0031118499285978218,0.0889715190210563,32.0
S2_RECONCILE,F3_TOOL,T3_SUPERVISOR,C,R,0.019946436413508205,0.0005209135937916662,0.06271034231489828,32.0
S2_RECONCILE,F3_TOOL,T3_SUPERVISOR,C,H,0.005924162972292444,1.0465787123561724e-07,0.02940532717116762,32.0
S2_RECONCILE,F3_TOOL,T4_CRITIC,C,C,0.9401128806548722,0.8680856219390775,0.9859563805644506,32.0
S2_RECONCILE,F3_TOOL,T4_CRITIC,C,E,0.033811005421226795,0.003504082733134605,0.08993705512919638,32.0
S2_RECONCILE,F3_TOOL,T4_CRITIC,C,R,0.02007872273427092,0.0005019764075703473,0.062176763982478025,32.0
S2_RECONCILE,F3_TOOL,T4_CRITIC,C,H,0.00599739118963007,1.1132796063067227e-07,0.02966712491575546,32.0
S2_RECONCILE,F3_TOOL,T5_HUMAN_K0,C,C,0.9397996550897453,0.8678691110834631,0.985685620672805,32.0
S2_RECONCILE,F3_TOOL,T5_HUMAN_K0,C,E,0.03342400827424321,0.003315387662493529,0.08987492992549208,32.0
S2_RECONCILE,F3_TOOL,T5_HUMAN_K0,C,R,0.0204230806796677,0.0006341692171422744,0.06609260893692061,32.0
S2_RECONCILE,F3_TOOL,T5_HUMAN_K0,C,H,0.006353255956343744,8.387501807961422e-08,0.03183589814192059,32.0
S2_RECONCILE,F3_TOOL,T5_HUMAN_K1,C,C,0.9398692537550496,0.8703189088161597,0.9862169769013697,32.0
S2_RECONCILE,F3_TOOL,T5_HUMAN_K1,C,E,0.03371474642099279,0.0035365626325102213,0.08995113127623701,32.0
S2_RECONCILE,F3_TOOL,T5_HUMAN_K1,C,R,0.020075714585445072,0.0005750405801384695,0.06415882151769356,32.0
S2_RECONCILE,F3_TOOL,T5_HUMAN_K1,C,H,0.006340285238512486,8.005964753814076e-08,0.03151456040081905,32.0
S2_RECONCILE,F3_TOOL,T5_HUMAN_K2,C,C,0.9406296675288198,0.8673530169562104,0.9866861285547747,32.0
S2_RECONCILE,F3_TOOL,T5_HUMAN_K2,C,E,0.033809233961924076,0.003541713172725482,0.09048125817238403,32.0
S2_RECONCILE,F3_TOOL,T5_HUMAN_K2,C,R,0.019496012270335813,0.0005784226473053372,0.06241910367240109,32.0
S2_RECONCILE,F3_TOOL,T5_HUMAN_K2,C,H,0.006065086238920317,7.804669132683654e-08,0.029217913148828923,32.0
S2_RECONCILE,F3_TOOL,T5_HUMAN_K3,C,C,0.9406207611034413,0.8701350424704138,0.9865832923113614,32.0
S2_RECONCILE,F3_TOOL,T5_HUMAN_K3,C,E,0.033492889671716555,0.003332068784871163,0.0880828822771067,32.0
S2_RECONCILE,F3_TOOL,T5_HUMAN_K3,C,R,0.019725759037607482,0.000564587027230667,0.06301904829180628,32.0
S2_RECONCILE,F3_TOOL,T5_HUMAN_K3,C,H,0.0061605901872347334,1.1849319287597325e-07,0.029343219478811564,32.0
S2_RECONCILE,F4_REASONING,T1_LINEAR,C,C,0.8529828887998752,0.6967526848446297,0.9626883639785757,8.0
S2_RECONCILE,F4_REASONING,T1_LINEAR,C,E,0.08214343394649112,0.008225406905307608,0.21451922764787235,8.0
S2_RECONCILE,F4_REASONING,T1_LINEAR,C,R,0.04870390307697421,0.001391302073530635,0.1553433665374737,8.0
S2_RECONCILE,F4_REASONING,T1_LINEAR,C,H,0.016169774176659494,3.109122251832745e-07,0.075585789001677,8.0
S2_RECONCILE,F4_REASONING,T2_VALIDATOR,C,C,0.8535547523652733,0.6909991995919917,0.9645315911263456,8.0
S2_RECONCILE,F4_REASONING,T2_VALIDATOR,C,E,0.08182966929580479,0.008467886194670541,0.21765870366567314,8.0
S2_RECONCILE,F4_REASONING,T2_VALIDATOR,C,R,0.04982163768640642,0.0014731038504534695,0.15408636069457685,8.0
S2_RECONCILE,F4_REASONING,T2_VALIDATOR,C,H,0.014793940652515594,4.0934956462283106e-07,0.06929093352982159,8.0
S2_RECONCILE,F4_REASONING,T3_SUPERVISOR,C,C,0.8520928328041757,0.6913792580638424,0.9646466114322413,8.0
S2_RECONCILE,F4_REASONING,T3_SUPERVISOR,C,E,0.08158456199646269,0.008215460293301904,0.21007644385830765,8.0
S2_RECONCILE,F4_REASONING,T3_SUPERVISOR,C,R,0.05065628922326191,0.001530933797871736,0.1594878331803204,8.0
S2_RECONCILE,F4_REASONING,T3_SUPERVISOR,C,H,0.0156663159760998,4.0054802513918557e-07,0.07449394724676457,8.0
S2_RECONCILE,F4_REASONING,T4_CRITIC,C,C,0.8521918004359921,0.6896542526506516,0.9651587199113614,8.0
S2_RECONCILE,F4_REASONING,T4_CRITIC,C,E,0.08204276016643469,0.008505821557046883,0.20553648831658822,8.0
S2_RECONCILE,F4_REASONING,T4_CRITIC,C,R,0.04911561681905201,0.001632402063360643,0.1556707605858332,8.0
S2_RECONCILE,F4_REASONING,T4_CRITIC,C,H,0.01664982257852119,4.3263347933299517e-07,0.07994410654907716,8.0
S2_RECONCILE,F4_REASONING,T5_HUMAN_K0,C,C,0.8528453840470434,0.6913602982111572,0.9645953601252476,8.0
S2_RECONCILE,F4_REASONING,T5_HUMAN_K0,C,E,0.0822668000403248,0.009060585023441156,0.2156819739568745,8.0
S2_RECONCILE,F4_REASONING,T5_HUMAN_K0,C,R,0.04935493321320208,0.0014644013056805683,0.1575834121584495,8.0
S2_RECONCILE,F4_REASONING,T5_HUMAN_K0,C,H,0.015532882699429816,3.01709713156295e-07,0.07613650318414657,8.0
S2_RECONCILE,F4_REASONING,T5_HUMAN_K1,C,C,0.853822846620551,0.6960734696964427,0.9641133772166446,8.0
S2_RECONCILE,F4_REASONING,T5_HUMAN_K1,C,E,0.0831239351974149,0.008944024242617808,0.21708821647924692,8.0
S2_RECONCILE,F4_REASONING,T5_HUMAN_K1,C,R,0.04824504270834797,0.001566311367917812,0.15150210602901112,8.0
S2_RECONCILE,F4_REASONING,T5_HUMAN_K1,C,H,0.01480817547368612,2.492157738125229e-07,0.07136908378319813,8.0
S2_RECONCILE,F4_REASONING,T5_HUMAN_K2,C,C,0.8512935244949842,0.6826524867289082,0.9636777037928836,8.0
S2_RECONCILE,F4_REASONING,T5_HUMAN_K2,C,E,0.08341252891505195,0.00973265042823751,0.2168725563080132,8.0
S2_RECONCILE,F4_REASONING,T5_HUMAN_K2,C,R,0.05017524223152468,0.0015015057524646626,0.1608621924649785,8.0
S2_RECONCILE,F4_REASONING,T5_HUMAN_K2,C,H,0.015118704358439022,5.726294306948476e-07,0.07511532018367814,8.0
S2_RECONCILE,F4_REASONING,T5_HUMAN_K3,C,C,0.851309524447762,0.6925737519941382,0.9639029992193024,8.0
S2_RECONCILE,F4_REASONING,T5_HUMAN_K3,C,E,0.08334585108503088,0.009126217335163205,0.21300200552757426,8.0
S2_RECONCILE,F4_REASONING,T5_HUMAN_K3,C,R,0.05069356880960153,0.0014271766234156924,0.16151665684030775,8.0
S2_RECONCILE,F4_REASONING,T5_HUMAN_K3,C,H,0.014651055657605593,1.7438447915655263e-07,0.06972223854752412,8.0
S2_RECONCILE,F5_HANDOFF,T1_LINEAR,C,C,0.8523309571465794,0.6902281705123859,0.9653506619575873,8.0
S2_RECONCILE,F5_HANDOFF,T1_LINEAR,C,E,0.08242980793148591,0.008851640523212556,0.21062789189302494,8.0
S2_RECONCILE,F5_HANDOFF,T1_LINEAR,C,R,0.04943700908629731,0.0012900027830199364,0.1512859385414851,8.0
S2_RECONCILE,F5_HANDOFF,T1_LINEAR,C,H,0.015802225835637344,3.469245907903153e-07,0.07432463114050812,8.0
S2_RECONCILE,F5_HANDOFF,T2_VALIDATOR,C,C,0.8513069806610395,0.6826670853523678,0.9630291836651983,8.0
S2_RECONCILE,F5_HANDOFF,T2_VALIDATOR,C,E,0.08305723397458895,0.008361755636784112,0.2162238587847783,8.0
S2_RECONCILE,F5_HANDOFF,T2_VALIDATOR,C,R,0.04960564880331924,0.0014944299208743048,0.15771818534990384,8.0
S2_RECONCILE,F5_HANDOFF,T2_VALIDATOR,C,H,0.016030136561052254,1.7810032485531182e-07,0.07507920202427515,8.0
S2_RECONCILE,F5_HANDOFF,T3_SUPERVISOR,C,C,0.8518594879891305,0.6852155712331165,0.9653952472611239,8.0
S2_RECONCILE,F5_HANDOFF,T3_SUPERVISOR,C,E,0.08279994986858762,0.008058456909614107,0.21575392634879043,8.0
S2_RECONCILE,F5_HANDOFF,T3_SUPERVISOR,C,R,0.04971070545970809,0.0016619276795145253,0.15644758021573812,8.0
S2_RECONCILE,F5_HANDOFF,T3_SUPERVISOR,C,H,0.015629856682573773,3.5544129577974947e-07,0.07439262635890796,8.0
S2_RECONCILE,F5_HANDOFF,T4_CRITIC,C,C,0.8495551558908337,0.6863107578562965,0.9632941753838142,8.0
S2_RECONCILE,F5_HANDOFF,T4_CRITIC,C,E,0.0833958473873331,0.009189236421296161,0.21484142599007158,8.0
S2_RECONCILE,F5_HANDOFF,T4_CRITIC,C,R,0.05038297404205427,0.0015733204744320193,0.15688337968429925,8.0
S2_RECONCILE,F5_HANDOFF,T4_CRITIC,C,H,0.0166660226797789,3.237199286756759e-07,0.07496503665317082,8.0
S2_RECONCILE,F5_HANDOFF,T5_HUMAN_K0,C,C,0.8497860069960622,0.6857895780382841,0.9646889349557785,8.0
S2_RECONCILE,F5_HANDOFF,T5_HUMAN_K0,C,E,0.08441701505967154,0.009226126679979624,0.2176612567874427,8.0
S2_RECONCILE,F5_HANDOFF,T5_HUMAN_K0,C,R,0.050561144447721515,0.001339011188432862,0.15840490743923505,8.0
S2_RECONCILE,F5_HANDOFF,T5_HUMAN_K0,C,H,0.015235833496544763,3.141046263561616e-07,0.0731380494075496,8.0
S2_RECONCILE,F5_HANDOFF,T5_HUMAN_K1,C,C,0.8537959435005409,0.6941286826344194,0.9613883231428697,8.0
S2_RECONCILE,F5_HANDOFF,T5_HUMAN_K1,C,E,0.0816200352153103,0.008997947547104672,0.20933315481801204,8.0
S2_RECONCILE,F5_HANDOFF,T5_HUMAN_K1,C,R,0.04919754018139038,0.0014615475904431062,0.1541962741914362,8.0
S2_RECONCILE,F5_HANDOFF,T5_HUMAN_K1,C,H,0.015386481102758405,3.144986056306775e-07,0.073138537625502,8.0
S2_RECONCILE,F5_HANDOFF,T5_HUMAN_K2,C,C,0.852750472477938,0.6904089361453929,0.9649510733783464,8.0
S2_RECONCILE,F5_HANDOFF,T5_HUMAN_K2,C,E,0.0815930220232199,0.008407218856224379,0.21481712057661848,8.0
S2_RECONCILE,F5_HANDOFF,T5_HUMAN_K2,C,R,0.049753026900098564,0.0015709380067529311,0.15575869184130117,8.0
S2_RECONCILE,F5_HANDOFF,T5_HUMAN_K2,C,H,0.01590347859874353,3.732710427623625e-07,0.07745552611433558,8.0
S2_RECONCILE,F5_HANDOFF,T5_HUMAN_K3,C,C,0.8523551095051073,0.6897364261604363,0.9653553397926465,8.0
S2_RECONCILE,F5_HANDOFF,T5_HUMAN_K3,C,E,0.08300042313215701,0.00876575827331323,0.2169549191018911,8.0
S2_RECONCILE,F5_HANDOFF,T5_HUMAN_K3,C,R,0.048626798382299656,0.0014592305056254278,0.1538875486859024,8.0
S2_RECONCILE,F5_HANDOFF,T5_HUMAN_K3,C,H,0.016017668980436103,1.586586258806486e-07,0.07882955028385086,8.0
S2_RECONCILE,F6_CONTEXT,T1_LINEAR,C,C,0.36094758053817816,0.18139328827081272,0.5588819869879141,8.0
S2_RECONCILE,F6_CONTEXT,T1_LINEAR,C,E,0.5753132516660754,0.3779730276631836,0.7703004358663447,8.0
S2_RECONCILE,F6_CONTEXT,T1_LINEAR,C,R,0.047953701752558135,0.0015779601739152286,0.1511586426452586,8.0
S2_RECONCILE,F6_CONTEXT,T1_LINEAR,C,H,0.015785466043188343,3.377017543523286e-07,0.08045346896469058,8.0
S2_RECONCILE,F6_CONTEXT,T1_LINEAR,E,C,0.014675598365412107,3.3319505580583485e-07,0.0723178951552305,7.999999999999998
S2_RECONCILE,F6_CONTEXT,T1_LINEAR,E,E,0.8679369310654284,0.7148826930440824,0.9698550613891015,7.999999999999998
S2_RECONCILE,F6_CONTEXT,T1_LINEAR,E,R,0.10217674673803331,0.017259486113856946,0.24607256467865127,7.999999999999998
S2_RECONCILE,F6_CONTEXT,T1_LINEAR,E,H,0.015210723831126092,2.4620068997740067e-07,0.07539888986777636,7.999999999999998
S2_RECONCILE,F6_CONTEXT,T2_VALIDATOR,C,C,0.35973452941219797,0.18083374983049713,0.5624950409130568,8.0
S2_RECONCILE,F6_CONTEXT,T2_VALIDATOR,C,E,0.3924118139789867,0.2047037242499035,0.5946923556663845,8.0
S2_RECONCILE,F6_CONTEXT,T2_VALIDATOR,C,R,0.23248970410910805,0.08652003250813196,0.4146775252622388,8.0
S2_RECONCILE,F6_CONTEXT,T2_VALIDATOR,C,H,0.015363952499707243,2.0186977085409726e-07,0.07140007441089118,8.0
S2_RECONCILE,F6_CONTEXT,T2_VALIDATOR,E,C,0.024303366195576808,5.773124991468837e-07,0.1196473238824901,2.0000000000000018
S2_RECONCILE,F6_CONTEXT,T2_VALIDATOR,E,E,0.6981955772680476,0.4574537854814622,0.8952347135626494,2.0000000000000018
S2_RECONCILE,F6_CONTEXT,T2_VALIDATOR,E,R,0.25482327945557337,0.07175948342832707,0.4949220018494123,2.0000000000000018
S2_RECONCILE,F6_CONTEXT,T2_VALIDATOR,E,H,0.022677777080802257,3.172866692733295e-07,0.11520892445155935,2.0000000000000018
S2_RECONCILE,F6_CONTEXT,T2_VALIDATOR,R,C,0.016250108893362293,3.9253497121574296e-07,0.07796696905755103,6.0
S2_RECONCILE,F6_CONTEXT,T2_VALIDATOR,R,E,0.016070311458719264,3.152598901929617e-07,0.07444991471123487,6.0
S2_RECONCILE,F6_CONTEXT,T2_VALIDATOR,R,R,0.9512025067111686,0.8410924219042227,0.9990051516555686,6.0
S2_RECONCILE,F6_CONTEXT,T2_VALIDATOR,R,H,0.01647707293674992,3.892654886216519e-07,0.080050284227735,6.0
S2_RECONCILE,F6_CONTEXT,T3_SUPERVISOR,C,C,0.35807630113169275,0.1778590224342702,0.5591855312944447,8.0
S2_RECONCILE,F6_CONTEXT,T3_SUPERVISOR,C,E,0.26884604346671337,0.1127434420449435,0.4620662128425828,8.0
S2_RECONCILE,F6_CONTEXT,T3_SUPERVISOR,C,R,0.35759744211331335,0.1785703613636121,0.5625879312251281,8.0
S2_RECONCILE,F6_CONTEXT,T3_SUPERVISOR,C,H,0.015480213288280524,2.2316502697669957e-07,0.07386280138993498,8.0
S2_RECONCILE,F6_CONTEXT,T3_SUPERVISOR,E,C,0.01769093144462441,2.437153059021045e-07,0.08669108806024779,6.0
S2_RECONCILE,F6_CONTEXT,T3_SUPERVISOR,E,E,0.5717793219384588,0.35733073398871634,0.7730291349009915,6.0
S2_RECONCILE,F6_CONTEXT,T3_SUPERVISOR,E,R,0.39291040368976565,0.19452539633245852,0.6092893228947484,6.0
S2_RECONCILE,F6_CONTEXT,T3_SUPERVISOR,E,H,0.01761934292715114,3.5039898174022826e-07,0.08488776010875317,6.0
S2_RECONCILE,F6_CONTEXT,T3_SUPERVISOR,R,C,0.02319878698127938,4.1910658474089527e-07,0.10761170956598738,2.0
S2_RECONCILE,F6_CONTEXT,T3_SUPERVISOR,R,E,0.023850946445364393,3.653439079367652e-07,0.11235326996789974,2.0
S2_RECONCILE,F6_CONTEXT,T3_SUPERVISOR,R,R,0.9301514438729523,0.7799199591319924,0.9981896692317712,2.0
S2_RECONCILE,F6_CONTEXT,T3_SUPERVISOR,R,H,0.02279882270040401,3.5586407812460096e-07,0.11260060481877637,2.0
S2_RECONCILE,F6_CONTEXT,T4_CRITIC,C,C,0.3586289786828069,0.17636720398014685,0.5573830021968598,8.0
S2_RECONCILE,F6_CONTEXT,T4_CRITIC,C,E,0.4542669069570404,0.2545463133714448,0.6526251260684912,8.0
S2_RECONCILE,F6_CONTEXT,T4_CRITIC,C,R,0.17188279383454289,0.05052317070357831,0.34982312328649573,8.0
S2_RECONCILE,F6_CONTEXT,T4_CRITIC,C,H,0.015221320525609766,2.473993539526108e-07,0.07082854192540351,8.0
S2_RECONCILE,F6_CONTEXT,T4_CRITIC,E,C,0.015348979875627883,2.9899544975959906e-07,0.07210018133481294,8.000000000000002
S2_RECONCILE,F6_CONTEXT,T4_CRITIC,E,E,0.7448394213576164,0.5595614356125981,0.8974843544085516,8.000000000000002
S2_RECONCILE,F6_CONTEXT,T4_CRITIC,E,R,0.22389824930373697,0.08162526633704346,0.4039432899752852,8.000000000000002
S2_RECONCILE,F6_CONTEXT,T4_CRITIC,E,H,0.015913349463018724,3.142238881039335e-07,0.07503141721523914,8.000000000000002
S2_RECONCILE,F6_CONTEXT,T5_HUMAN_K0,C,C,0.36045407397610335,0.1823652842293363,0.5594339363370673,8.0
S2_RECONCILE,F6_CONTEXT,T5_HUMAN_K0,C,E,0.5750218002039714,0.3745470963625476,0.7606775896116952,8.0
S2_RECONCILE,F6_CONTEXT,T5_HUMAN_K0,C,R,0.04920663319600267,0.0014921306707992318,0.15529858499174237,8.0
S2_RECONCILE,F6_CONTEXT,T5_HUMAN_K0,C,H,0.015317492623922617,4.6897524903908515e-07,0.07502276898610037,8.0
S2_RECONCILE,F6_CONTEXT,T5_HUMAN_K0,E,C,0.015318376849767112,2.0631413889053712e-07,0.07281349115232684,7.0
S2_RECONCILE,F6_CONTEXT,T5_HUMAN_K0,E,E,0.8567241653705896,0.6901078968991043,0.9695348891572801,7.0
S2_RECONCILE,F6_CONTEXT,T5_HUMAN_K0,E,R,0.11173093034822736,0.01677689131246749,0.26358300096739606,7.0
S2_RECONCILE,F6_CONTEXT,T5_HUMAN_K0,E,H,0.016226527431415914,3.0862150619728687e-07,0.07718515989884286,7.0
S2_RECONCILE,F6_CONTEXT,T5_HUMAN_K0,R,C,0.025079511259951216,7.960241718101537e-07,0.11794761769561594,1.0
S2_RECONCILE,F6_CONTEXT,T5_HUMAN_K0,R,E,0.026389072507268175,4.784403738529129e-07,0.13207233395145634,1.0
S2_RECONCILE,F6_CONTEXT,T5_HUMAN_K0,R,R,0.921968564928926,0.7533569223752359,0.9980843724793848,1.0
S2_RECONCILE,F6_CONTEXT,T5_HUMAN_K0,R,H,0.026562851303854707,6.014593780370096e-07,0.12708585726062827,1.0
S2_RECONCILE,F6_CONTEXT,T5_HUMAN_K1,C,C,0.3605917181365358,0.18031905915089924,0.5650219639374289,8.0
S2_RECONCILE,F6_CONTEXT,T5_HUMAN_K1,C,E,0.5752382123518817,0.36932889104675776,0.7705546540772193,8.0
S2_RECONCILE,F6_CONTEXT,T5_HUMAN_K1,C,R,0.04940836760879864,0.0015077400918889715,0.15385658616051776,8.0
S2_RECONCILE,F6_CONTEXT,T5_HUMAN_K1,C,H,0.014761701902783886,1.973110219766658e-07,0.07167925322427135,8.0
S2_RECONCILE,F6_CONTEXT,T5_HUMAN_K1,E,C,0.015453895328227893,2.705015254414848e-07,0.07796233973735481,7.999999999999998
S2_RECONCILE,F6_CONTEXT,T5_HUMAN_K1,E,E,0.8650688422616556,0.7104787473536269,0.9712414762780288,7.999999999999998
S2_RECONCILE,F6_CONTEXT,T5_HUMAN_K1,E,R,0.10371717094409402,0.014614759185789411,0.2489018248009717,7.999999999999998
S2_RECONCILE,F6_CONTEXT,T5_HUMAN_K1,E,H,0.01576009146602249,3.015887730598579e-07,0.07610944028877571,7.999999999999998
S2_RECONCILE,F6_CONTEXT,T5_HUMAN_K2,C,C,0.35903103512726614,0.18017279385623258,0.5634092367403438,8.0
S2_RECONCILE,F6_CONTEXT,T5_HUMAN_K2,C,E,0.20709557486672442,0.07017198211335123,0.383480940762461,8.0
S2_RECONCILE,F6_CONTEXT,T5_HUMAN_K2,C,R,0.4193548901391057,0.22713325090415126,0.6179838110514522,8.0
S2_RECONCILE,F6_CONTEXT,T5_HUMAN_K2,C,H,0.01451849986690376,2.0539420932718292e-07,0.06808845665269167,8.0
S2_RECONCILE,F6_CONTEXT,T5_HUMAN_K2,E,C,0.015563567521862613,3.1540979178631395e-07,0.07607695523606409,8.000000000000002
S2_RECONCILE,F6_CONTEXT,T5_HUMAN_K2,E,E,0.5057340591583694,0.30866520018291815,0.7037179696161137,8.000000000000002
S2_RECONCILE,F6_CONTEXT,T5_HUMAN_K2,E,R,0.46438380807125446,0.2641728638555687,0.666575999655283,8.000000000000002
S2_RECONCILE,F6_CONTEXT,T5_HUMAN_K2,E,H,0.014318565248513495,3.5965302524863136e-07,0.06815560829335687,8.000000000000002
S2_RECONCILE,F6_CONTEXT,T5_HUMAN_K3,C,C,0.35964164940248394,0.1826200144277128,0.5628119974978819,8.0
S2_RECONCILE,F6_CONTEXT,T5_HUMAN_K3,C,E,0.26607615458532435,0.11114353607127891,0.45576534068548874,8.0
S2_RECONCILE,F6_CONTEXT,T5_HUMAN_K3,C,R,0.3595023063030701,0.1856229682452887,0.5591179132674435,8.0
S2_RECONCILE,F6_CONTEXT,T5_HUMAN_K3,C,H,0.01477988970912164,1.8438140415425092e-07,0.07205582520054118,8.0
S2_RECONCILE,F6_CONTEXT,T5_HUMAN_K3,E,C,0.015917810079279608,4.013000460437509e-07,0.0750167583498393,8.000000000000002
S2_RECONCILE,F6_CONTEXT,T5_HUMAN_K3,E,E,0.5625631478948612,0.36259584624298574,0.7498758761018485,8.000000000000002
S2_RECONCILE,F6_CONTEXT,T5_HUMAN_K3,E,R,0.4066195671555947,0.22477109060018027,0.6026048136668192,8.000000000000002
S2_RECONCILE,F6_CONTEXT,T5_HUMAN_K3,E,H,0.014899474870264584,3.246802651356063e-07,0.07180106334315633,8.000000000000002
S2_RECONCILE,F7_ADVERSARIAL,T1_LINEAR,C,C,0.5714000202039078,0.4083110960684326,0.7271922342881679,16.0
S2_RECONCILE,F7_ADVERSARIAL,T1_LINEAR,C,E,0.3442601781948188,0.19526367954991034,0.5060075418933309,16.0
S2_RECONCILE,F7_ADVERSARIAL,T1_LINEAR,C,R,0.0735236557825266,0.012139801120026501,0.17111400817987668,16.0
S2_RECONCILE,F7_ADVERSARIAL,T1_LINEAR,C,H,0.010816145818746823,1.6329608248144163e-07,0.055416623491462993,16.0
S2_RECONCILE,F7_ADVERSARIAL,T1_LINEAR,E,C,0.01614793959864202,1.7414720301186177e-07,0.0755662128009956,7.0
S2_RECONCILE,F7_ADVERSARIAL,T1_LINEAR,E,E,0.7928749542862327,0.6123986245223489,0.9332577750285861,7.0
S2_RECONCILE,F7_ADVERSARIAL,T1_LINEAR,E,R,0.17472595429684928,0.04962429078633874,0.3388731863697555,7.0
S2_RECONCILE,F7_ADVERSARIAL,T1_LINEAR,E,H,0.01625115181827595,3.4151746996581723e-07,0.07590410483528741,7.0
S2_RECONCILE,F7_ADVERSARIAL,T1_LINEAR,R,C,0.024431551291309896,7.533426823992068e-07,0.11767444421451359,1.0
S2_RECONCILE,F7_ADVERSARIAL,T1_LINEAR,R,E,0.025864659503850942,4.899522248808632e-07,0.1234041206245418,1.0
S2_RECONCILE,F7_ADVERSARIAL,T1_LINEAR,R,R,0.9243245857005866,0.7638408902507302,0.9985472415052152,1.0
S2_RECONCILE,F7_ADVERSARIAL,T1_LINEAR,R,H,0.025379203504252552,3.876310227564066e-07,0.12565221670012772,1.0
S2_RECONCILE,F7_ADVERSARIAL,T2_VALIDATOR,C,C,0.570572770245799,0.40724559913918107,0.7245246811119928,16.0
S2_RECONCILE,F7_ADVERSARIAL,T2_VALIDATOR,C,E,0.09653646798095186,0.022086353395937966,0.20745776395298768,16.0
S2_RECONCILE,F7_ADVERSARIAL,T2_VALIDATOR,C,R,0.3227134160324429,0.17988304526228246,0.4867218689391827,16.0
S2_RECONCILE,F7_ADVERSARIAL,T2_VALIDATOR,C,H,0.0101773457408062,1.1667304783923851e-07,0.050704947875691374,16.0
S2_RECONCILE,F7_ADVERSARIAL,T2_VALIDATOR,E,C,0.026441734131243167,4.602547827366618e-07,0.12462532661054862,1.0000000000000018
S2_RECONCILE,F7_ADVERSARIAL,T2_VALIDATOR,E,E,0.6667291429619497,0.41292428458752045,0.8825075550411777,1.0000000000000018
S2_RECONCILE,F7_ADVERSARIAL,T2_VALIDATOR,E,R,0.2813035888204382,0.08270698980485348,0.5310561627790356,1.0000000000000018
S2_RECONCILE,F7_ADVERSARIAL,T2_VALIDATOR,E,H,0.025525534086368894,4.1661957888567076e-07,0.12684066231159669,1.0000000000000018
S2_RECONCILE,F7_ADVERSARIAL,T2_VALIDATOR,R,C,0.0158474053837919,4.1935830856231576e-07,0.07672928110789361,7.0
S2_RECONCILE,F7_ADVERSARIAL,T2_VALIDATOR,R,E,0.016035448857673287,2.3595814465023857e-07,0.08016505749275761,7.0
S2_RECONCILE,F7_ADVERSARIAL,T2_VALIDATOR,R,R,0.9519627149411217,0.8404283846596337,0.9989053559257303,7.0
S2_RECONCILE,F7_ADVERSARIAL,T2_VALIDATOR,R,H,0.016154430817413128,3.467986597800483e-07,0.07565570037712653,7.0
S2_RECONCILE,F7_ADVERSARIAL,T3_SUPERVISOR,C,C,0.5714594417589051,0.4015607208357154,0.7273824741360714,16.0
S2_RECONCILE,F7_ADVERSARIAL,T3_SUPERVISOR,C,E,0.13805126647388516,0.04403153992395285,0.2685438985262157,16.0
S2_RECONCILE,F7_ADVERSARIAL,T3_SUPERVISOR,C,R,0.27966691199505644,0.14459446917344349,0.43700880761639543,16.0
S2_RECONCILE,F7_ADVERSARIAL,T3_SUPERVISOR,C,H,0.010822379772153265,2.256132150123916e-07,0.05018566937148821,16.0
S2_RECONCILE,F7_ADVERSARIAL,T3_SUPERVISOR,E,C,0.026901842480848523,6.185286822840802e-07,0.13001566399349196,1.0
S2_RECONCILE,F7_ADVERSARIAL,T3_SUPERVISOR,E,E,0.7697423999469524,0.5315347525999318,0.9466200767536092,1.0
S2_RECONCILE,F7_ADVERSARIAL,T3_SUPERVISOR,E,R,0.17737652108170573,0.02975720116522472,0.4041439433824862,1.0
S2_RECONCILE,F7_ADVERSARIAL,T3_SUPERVISOR,E,H,0.025979236490493423,4.34097862352901e-07,0.12162453931684598,1.0
S2_RECONCILE,F7_ADVERSARIAL,T3_SUPERVISOR,R,C,0.015788904644316343,2.080990320503693e-07,0.07653027162029817,7.0
S2_RECONCILE,F7_ADVERSARIAL,T3_SUPERVISOR,R,E,0.01666420176873959,3.285194249374915e-07,0.08038551828842723,7.0
S2_RECONCILE,F7_ADVERSARIAL,T3_SUPERVISOR,R,R,0.9516961066050251,0.8457973181896673,0.9989014066031882,7.0
S2_RECONCILE,F7_ADVERSARIAL,T3_SUPERVISOR,R,H,0.015850786981918878,2.5309363169175576e-07,0.07985438825539339,7.0
S2_RECONCILE,F7_ADVERSARIAL,T4_CRITIC,C,C,0.5709744272854717,0.4008432809599555,0.7322080231804747,16.0
S2_RECONCILE,F7_ADVERSARIAL,T4_CRITIC,C,E,0.38564713823657754,0.22937631522312574,0.5550544949337658,16.0
S2_RECONCILE,F7_ADVERSARIAL,T4_CRITIC,C,R,0.0324989136497049,0.0010089654351557082,0.10356368473110099,16.0
S2_RECONCILE,F7_ADVERSARIAL,T4_CRITIC,C,H,0.010879520828245965,1.9883014999591175e-07,0.050912014892971605,16.0
S2_RECONCILE,F7_ADVERSARIAL,T4_CRITIC,E,C,0.016396983731163828,2.1582530958015682e-07,0.07703017868298442,7.0
S2_RECONCILE,F7_ADVERSARIAL,T4_CRITIC,E,E,0.858126688665406,0.6930153588006719,0.9687256379585834,7.0
S2_RECONCILE,F7_ADVERSARIAL,T4_CRITIC,E,R,0.1097205249690376,0.017104646000529876,0.25963878889727793,7.0
S2_RECONCILE,F7_ADVERSARIAL,T4_CRITIC,E,H,0.01575580263439265,5.421044882081006e-07,0.0787303964909398,7.0
S2_RECONCILE,F7_ADVERSARIAL,T4_CRITIC,R,C,0.025649584758325305,5.477193221770034e-07,0.12056836761409742,1.0
S2_RECONCILE,F7_ADVERSARIAL,T4_CRITIC,R,E,0.02684191683332692,2.718484955480596e-07,0.1252731589755978,1.0
S2_RECONCILE,F7_ADVERSARIAL,T4_CRITIC,R,R,0.9201291460623836,0.7435774848346017,0.9978675014813401,1.0
S2_RECONCILE,F7_ADVERSARIAL,T4_CRITIC,R,H,0.027379352345964215,5.532799872756579e-07,0.13078530525730045,1.0
S2_RECONCILE,F7_ADVERSARIAL,T5_HUMAN_K0,C,C,0.5715716128295739,0.40460327289018955,0.7321907073509848,16.0
S2_RECONCILE,F7_ADVERSARIAL,T5_HUMAN_K0,C,E,0.38387533520928746,0.22684309829477625,0.5464937622492649,16.0
S2_RECONCILE,F7_ADVERSARIAL,T5_HUMAN_K0,C,R,0.033973694638437406,0.001061172220838898,0.10735207317312508,16.0
S2_RECONCILE,F7_ADVERSARIAL,T5_HUMAN_K0,C,H,0.010579357322701176,1.7881561497831292e-07,0.05144992395574694,16.0
S2_RECONCILE,F7_ADVERSARIAL,T5_HUMAN_K0,E,C,0.01615138989842649,3.036686345848719e-07,0.07459149403789787,7.999999999999998
S2_RECONCILE,F7_ADVERSARIAL,T5_HUMAN_K0,E,E,0.8652177615392372,0.7054865548503462,0.9692022123805785,7.999999999999998
S2_RECONCILE,F7_ADVERSARIAL,T5_HUMAN_K0,E,R,0.10335389032025225,0.016261343956519743,0.2535418340264919,7.999999999999998
S2_RECONCILE,F7_ADVERSARIAL,T5_HUMAN_K0,E,H,0.015276958242084124,3.677594357463024e-07,0.07329088344590604,7.999999999999998
S2_RECONCILE,F7_ADVERSARIAL,T5_HUMAN_K1,C,C,0.5689995726839124,0.4081153818883443,0.7248073764959899,16.0
S2_RECONCILE,F7_ADVERSARIAL,T5_HUMAN_K1,C,E,0.3871628265919042,0.2366657033701556,0.5461933619518711,16.0
S2_RECONCILE,F7_ADVERSARIAL,T5_HUMAN_K1,C,R,0.033677656421407194,0.0009506461189770646,0.10809658641963611,16.0
S2_RECONCILE,F7_ADVERSARIAL,T5_HUMAN_K1,C,H,0.010159944302776008,1.2328257279853342e-07,0.0480880217246198,16.0
S2_RECONCILE,F7_ADVERSARIAL,T5_HUMAN_K1,E,C,0.01568577990091897,3.2943868697129084e-07,0.07398781451165008,7.999999999999998
S2_RECONCILE,F7_ADVERSARIAL,T5_HUMAN_K1,E,E,0.8648458577220699,0.7059272909875365,0.9700410284107727,7.999999999999998
S2_RECONCILE,F7_ADVERSARIAL,T5_HUMAN_K1,E,R,0.10386942725693502,0.017469541686315898,0.24186158974842337,7.999999999999998
S2_RECONCILE,F7_ADVERSARIAL,T5_HUMAN_K1,E,H,0.015598935120076145,3.281827186085582e-07,0.07783529463392187,7.999999999999998
S2_RECONCILE,F7_ADVERSARIAL,T5_HUMAN_K2,C,C,0.5699110462258773,0.4036568308225509,0.726250450300276,16.0
S2_RECONCILE,F7_ADVERSARIAL,T5_HUMAN_K2,C,E,0.1397042158106585,0.0458200414838237,0.26715060534010204,16.0
S2_RECONCILE,F7_ADVERSARIAL,T5_HUMAN_K2,C,R,0.2802781121531893,0.14180058415931832,0.43740784898137286,16.0
S2_RECONCILE,F7_ADVERSARIAL,T5_HUMAN_K2,C,H,0.010106625810274874,2.1706846273559682e-07,0.05082410988958485,16.0
S2_RECONCILE,F7_ADVERSARIAL,T5_HUMAN_K2,E,C,0.014740701789005124,3.321084300216657e-07,0.07096674811448143,8.000000000000002
S2_RECONCILE,F7_ADVERSARIAL,T5_HUMAN_K2,E,E,0.5013112703770868,0.30275272746948434,0.6946864300160015,8.000000000000002
S2_RECONCILE,F7_ADVERSARIAL,T5_HUMAN_K2,E,R,0.4687535146877422,0.2781901202334379,0.669719678683896,8.000000000000002
S2_RECONCILE,F7_ADVERSARIAL,T5_HUMAN_K2,E,H,0.015194513146165925,4.6344528531177396e-07,0.07698766880673003,8.000000000000002
S2_RECONCILE,F7_ADVERSARIAL,T5_HUMAN_K3,C,C,0.5717434208826891,0.4090681990133488,0.7283700150147908,16.0
S2_RECONCILE,F7_ADVERSARIAL,T5_HUMAN_K3,C,E,0.13860002564710583,0.04451749983160629,0.2698676445099823,16.0
S2_RECONCILE,F7_ADVERSARIAL,T5_HUMAN_K3,C,R,0.27927170032050885,0.14387509880833496,0.4372429952163706,16.0
S2_RECONCILE,F7_ADVERSARIAL,T5_HUMAN_K3,C,H,0.010384853149696113,2.3213673779815103e-07,0.048549343696856165,16.0
S2_RECONCILE,F7_ADVERSARIAL,T5_HUMAN_K3,E,C,0.015219372935938408,2.196996175966904e-07,0.0734459389113472,8.000000000000002
S2_RECONCILE,F7_ADVERSARIAL,T5_HUMAN_K3,E,E,0.5019738056959578,0.30263465981496385,0.7013317554997078,8.000000000000002
S2_RECONCILE,F7_ADVERSARIAL,T5_HUMAN_K3,E,R,0.467164914238431,0.26930649281152524,0.6683616973340057,8.000000000000002
S2_RECONCILE,F7_ADVERSARIAL,T5_HUMAN_K3,E,H,0.015641907129672783,2.604215471150351e-07,0.07464975792488783,8.000000000000002
S3_SEGMENT,CONTROL,T1_LINEAR,C,C,0.8517233868082963,0.6851236312859638,0.9663816118453575,8.0
S3_SEGMENT,CONTROL,T1_LINEAR,C,E,0.08250153066344627,0.009197280722353473,0.21451187222843288,8.0
S3_SEGMENT,CONTROL,T1_LINEAR,C,R,0.04967600697336084,0.0015736845057275134,0.1594416978563839,8.0
S3_SEGMENT,CONTROL,T1_LINEAR,C,H,0.016099075554896584,2.906516744649438e-07,0.07659302684307423,8.0
S3_SEGMENT,CONTROL,T2_VALIDATOR,C,C,0.8518997561804182,0.6940257725751318,0.9652026580218819,8.0
S3_SEGMENT,CONTROL,T2_VALIDATOR,C,E,0.08361520992443838,0.008509171426669354,0.21678346775293614,8.0
S3_SEGMENT,CONTROL,T2_VALIDATOR,C,R,0.04908198419979247,0.0014482345983667586,0.15649523459125883,8.0
S3_SEGMENT,CONTROL,T2_VALIDATOR,C,H,0.015403049695350888,1.731848619203687e-07,0.07672689255570422,8.0
S3_SEGMENT,CONTROL,T3_SUPERVISOR,C,C,0.8505835770444121,0.6860843602744735,0.9647367007704308,8.0
S3_SEGMENT,CONTROL,T3_SUPERVISOR,C,E,0.08476360819309871,0.008968487148655316,0.22316737847226537,8.0
S3_SEGMENT,CONTROL,T3_SUPERVISOR,C,R,0.049133631049830075,0.0014165981066103697,0.15608803370490815,8.0
S3_SEGMENT,CONTROL,T3_SUPERVISOR,C,H,0.015519183712659186,4.2058893888627206e-07,0.07394649111527984,8.0
S3_SEGMENT,CONTROL,T4_CRITIC,C,C,0.8517703062050123,0.6892581477967815,0.9653896837047061,8.0
S3_SEGMENT,CONTROL,T4_CRITIC,C,E,0.08428642532815855,0.008864317172020972,0.2150178203244764,8.0
S3_SEGMENT,CONTROL,T4_CRITIC,C,R,0.04918498277871672,0.0014336268152119094,0.15501370892763763,8.0
S3_SEGMENT,CONTROL,T4_CRITIC,C,H,0.01475828568811239,2.232209177547654e-07,0.07151334051333244,8.0
S3_SEGMENT,CONTROL,T5_HUMAN_K0,C,C,0.8538773357290249,0.6925169621452362,0.9637773222045454,8.0
S3_SEGMENT,CONTROL,T5_HUMAN_K0,C,E,0.08182120722346542,0.008031993249765062,0.20486705177890333,8.0
S3_SEGMENT,CONTROL,T5_HUMAN_K0,C,R,0.04896169466796397,0.0014948846535382315,0.15471325711364886,8.0
S3_SEGMENT,CONTROL,T5_HUMAN_K0,C,H,0.015339762379545655,2.0578227620131253e-07,0.07513266805644976,8.0
S3_SEGMENT,CONTROL,T5_HUMAN_K1,C,C,0.8516402600484652,0.6921143859726173,0.963993137486929,8.0
S3_SEGMENT,CONTROL,T5_HUMAN_K1,C,E,0.08491719603567342,0.009312241234339826,0.21507296807608686,8.0
S3_SEGMENT,CONTROL,T5_HUMAN_K1,C,R,0.048046145033626746,0.0015131079194108407,0.1512804211484534,8.0
S3_SEGMENT,CONTROL,T5_HUMAN_K1,C,H,0.015396398882234694,3.410972197195663e-07,0.06967345675037412,8.0
S3_SEGMENT,CONTROL,T5_HUMAN_K2,C,C,0.8517856591252047,0.6857386938665277,0.9649407467887209,8.0
S3_SEGMENT,CONTROL,T5_HUMAN_K2,C,E,0.08380967970189061,0.008020902621063083,0.2216247010597111,8.0
S3_SEGMENT,CONTROL,T5_HUMAN_K2,C,R,0.04878412973778548,0.0015484293583515466,0.1547880994469188,8.0
S3_SEGMENT,CONTROL,T5_HUMAN_K2,C,H,0.01562053143511931,3.21417934783473e-07,0.07759462081169201,8.0
S3_SEGMENT,CONTROL,T5_HUMAN_K3,C,C,0.8542064861693233,0.6918896397245898,0.9644799276738902,8.0
S3_SEGMENT,CONTROL,T5_HUMAN_K3,C,E,0.08195731997839258,0.008097434448936939,0.21174942086947612,8.0
S3_SEGMENT,CONTROL,T5_HUMAN_K3,C,R,0.04886069992808102,0.0016840805468693722,0.15189300458330987,8.0
S3_SEGMENT,CONTROL,T5_HUMAN_K3,C,H,0.01497549392420306,2.2805230735308035e-07,0.07084119283403033,8.0
S3_SEGMENT,F1_DATA,T1_LINEAR,C,C,0.9018690806145387,0.7846216305007907,0.9778163128792268,16.0
S3_SEGMENT,F1_DATA,T1_LINEAR,C,E,0.05499390557417218,0.005446997735806035,0.14920194246857935,16.0
S3_SEGMENT,F1_DATA,T1_LINEAR,C,R,0.03249698924626915,0.0007182416964236581,0.10575940546114218,16.0
S3_SEGMENT,F1_DATA,T1_LINEAR,C,H,0.010640024565019938,1.4688955193376102e-07,0.048082116350014,16.0
S3_SEGMENT,F1_DATA,T1_LINEAR,E,C,0.01504689192745996,2.945281505215933e-07,0.07001981334361809,7.999999999999998
S3_SEGMENT,F1_DATA,T1_LINEAR,E,E,0.8652087544135154,0.7031996228234904,0.9698331589645847,7.999999999999998
S3_SEGMENT,F1_DATA,T1_LINEAR,E,R,0.10502066340886247,0.016030067286499878,0.2510919825986637,7.999999999999998
S3_SEGMENT,F1_DATA,T1_LINEAR,E,H,0.014723690250162085,2.82275509353144e-07,0.07532022747311452,7.999999999999998
S3_SEGMENT,F1_DATA,T2_VALIDATOR,C,C,0.901605360791181,0.7903673152594599,0.9762592791022053,16.0
S3_SEGMENT,F1_DATA,T2_VALIDATOR,C,E,0.05520940888410624,0.005692633217795772,0.14534501087764268,16.0
S3_SEGMENT,F1_DATA,T2_VALIDATOR,C,R,0.03301424846883809,0.0009226676099834522,0.10504096722534209,16.0
S3_SEGMENT,F1_DATA,T2_VALIDATOR,C,H,0.010170981855874544,1.4920258262720572e-07,0.049685515327140654,16.0
S3_SEGMENT,F1_DATA,T2_VALIDATOR,R,C,0.014796443987018858,2.748844085386695e-07,0.07092908294683596,8.0
S3_SEGMENT,F1_DATA,T2_VALIDATOR,R,E,0.015120244710867134,2.913726315773445e-07,0.07188292357525461,8.0
S3_SEGMENT,F1_DATA,T2_VALIDATOR,R,R,0.9548735221202052,0.8545478655527933,0.9987714018350332,8.0
S3_SEGMENT,F1_DATA,T2_VALIDATOR,R,H,0.0152097891819088,3.43886412710164e-07,0.07544422939752056,8.0
S3_SEGMENT,F1_DATA,T3_SUPERVISOR,C,C,0.9026862028664351,0.7939587548833997,0.976458695347131,16.0
S3_SEGMENT,F1_DATA,T3_SUPERVISOR,C,E,0.054617198924886666,0.005337848126915397,0.14614445971020076,16.0
S3_SEGMENT,F1_DATA,T3_SUPERVISOR,C,R,0.03275214552080086,0.0010362076973378833,0.10278472499033983,16.0
S3_SEGMENT,F1_DATA,T3_SUPERVISOR,C,H,0.009944452687877295,2.3606680194019255e-07,0.048954505675575,16.0
S3_SEGMENT,F1_DATA,T3_SUPERVISOR,R,C,0.014982533347618909,2.7831286124785763e-07,0.07285692113748717,8.0
S3_SEGMENT,F1_DATA,T3_SUPERVISOR,R,E,0.015125949974760508,1.6858953659766866e-07,0.07195795263798282,8.0
S3_SEGMENT,F1_DATA,T3_SUPERVISOR,R,R,0.9549373783965995,0.853248733220951,0.9989001075901357,8.0
S3_SEGMENT,F1_DATA,T3_SUPERVISOR,R,H,0.014954138281020962,1.4896009640792613e-07,0.07296218062972179,8.0
S3_SEGMENT,F1_DATA,T4_CRITIC,C,C,0.9016435590524433,0.7916991062942851,0.9768012466084378,16.0
S3_SEGMENT,F1_DATA,T4_CRITIC,C,E,0.055002058504598605,0.0059954250494434055,0.14395161602996878,16.0
S3_SEGMENT,F1_DATA,T4_CRITIC,C,R,0.03317111621791176,0.0008767924732740609,0.10446188264456169,16.0
S3_SEGMENT,F1_DATA,T4_CRITIC,C,H,0.01018326622504638,1.5760883478837528e-07,0.047766576863631095,16.0
S3_SEGMENT,F1_DATA,T4_CRITIC,E,C,0.020469754754956642,3.193869940474257e-07,0.09790005422587883,4.0
S3_SEGMENT,F1_DATA,T4_CRITIC,E,E,0.6634892924459532,0.4369985226176351,0.862613590717157,4.0
S3_SEGMENT,F1_DATA,T4_CRITIC,E,R,0.29394754528519673,0.11220199833421374,0.5200733892767051,4.0
S3_SEGMENT,F1_DATA,T4_CRITIC,E,H,0.022093407513893333,3.333092765664708e-07,0.10450521369198797,4.0
S3_SEGMENT,F1_DATA,T4_CRITIC,R,C,0.020035083049130677,4.2190885034730903e-07,0.09849340874532793,4.0
S3_SEGMENT,F1_DATA,T4_CRITIC,R,E,0.01989098873192421,3.871220495516931e-07,0.09491856918432023,4.0
S3_SEGMENT,F1_DATA,T4_CRITIC,R,R,0.9406183783056271,0.8158989106942567,0.9982366224686788,4.0
S3_SEGMENT,F1_DATA,T4_CRITIC,R,H,0.019455549913318094,3.813550832710091e-07,0.0922890291455636,4.0
S3_SEGMENT,F1_DATA,T5_HUMAN_K0,C,C,0.901815418773243,0.7914692829121394,0.9781104678569555,16.0
S3_SEGMENT,F1_DATA,T5_HUMAN_K0,C,E,0.05466689480374203,0.005386947739613476,0.14453460558474035,16.0
S3_SEGMENT,F1_DATA,T5_HUMAN_K0,C,R,0.033067550378448815,0.0009079394766148745,0.10282659737668218,16.0
S3_SEGMENT,F1_DATA,T5_HUMAN_K0,C,H,0.010450136044566245,2.464931750253504e-07,0.05154122676533143,16.0
S3_SEGMENT,F1_DATA,T5_HUMAN_K0,E,C,0.014705247906402012,2.671297132925945e-07,0.06886565508217855,7.999999999999998
S3_SEGMENT,F1_DATA,T5_HUMAN_K0,E,E,0.8677663308637721,0.7127205463634811,0.9706915414220709,7.999999999999998
S3_SEGMENT,F1_DATA,T5_HUMAN_K0,E,R,0.10327091073365637,0.015340705660085413,0.2434262288559312,7.999999999999998
S3_SEGMENT,F1_DATA,T5_HUMAN_K0,E,H,0.014257510496169632,3.5504177558630346e-07,0.06869756224352709,7.999999999999998
S3_SEGMENT,F1_DATA,T5_HUMAN_K1,C,C,0.9021406978336712,0.7880450031157017,0.9773942440128816,16.0
S3_SEGMENT,F1_DATA,T5_HUMAN_K1,C,E,0.05474707810195623,0.005842428254174662,0.14347748817241715,16.0
S3_SEGMENT,F1_DATA,T5_HUMAN_K1,C,R,0.03235028624715292,0.0008197353144891022,0.10201621970441822,16.0
S3_SEGMENT,F1_DATA,T5_HUMAN_K1,C,H,0.010761937817219742,2.3063053797818299e-07,0.05389823660760976,16.0
S3_SEGMENT,F1_DATA,T5_HUMAN_K1,E,C,0.01680831373277465,3.047503723000915e-07,0.07964746831476241,6.0
S3_SEGMENT,F1_DATA,T5_HUMAN_K1,E,E,0.8504806446988283,0.6871733356012122,0.9662654766568728,6.0
S3_SEGMENT,F1_DATA,T5_HUMAN_K1,E,R,0.11595198874344807,0.018446504193960447,0.264466306216967,6.0
S3_SEGMENT,F1_DATA,T5_HUMAN_K1,E,H,0.01675905282494897,3.481989297512466e-07,0.08243442422696905,6.0
S3_SEGMENT,F1_DATA,T5_HUMAN_K1,R,C,0.0240656865366974,3.9813301005244795e-07,0.11389844091757878,2.0
S3_SEGMENT,F1_DATA,T5_HUMAN_K1,R,E,0.023866883896748608,5.293033702098245e-07,0.1141651292850905,2.0
S3_SEGMENT,F1_DATA,T5_HUMAN_K1,R,R,0.9280354477233778,0.7720698647623597,0.9983512728019087,2.0
S3_SEGMENT,F1_DATA,T5_HUMAN_K1,R,H,0.02403198184317633,6.186283213744547e-07,0.1127271471511555,2.0
S3_SEGMENT,F1_DATA,T5_HUMAN_K2,C,C,0.8991552635528439,0.7844599653964364,0.9752520297095596,16.0
S3_SEGMENT,F1_DATA,T5_HUMAN_K2,C,E,0.056789514773221327,0.005838954955194733,0.14642570025172166,16.0
S3_SEGMENT,F1_DATA,T5_HUMAN_K2,C,R,0.03328676567194635,0.001024613146531206,0.10133590406978306,16.0
S3_SEGMENT,F1_DATA,T5_HUMAN_K2,C,H,0.01076845600198833,1.7593411794161542e-07,0.054244246243126265,16.0
S3_SEGMENT,F1_DATA,T5_HUMAN_K2,R,C,0.015174155604917562,2.1945128764971475e-07,0.07439110955693488,8.0
S3_SEGMENT,F1_DATA,T5_HUMAN_K2,R,E,0.015149724355045883,2.8137701708243423e-07,0.07586367594236793,8.0
S3_SEGMENT,F1_DATA,T5_HUMAN_K2,R,R,0.9547290531691681,0.8519942285658634,0.9989245132833706,8.0
S3_SEGMENT,F1_DATA,T5_HUMAN_K2,R,H,0.014947066870868402,4.3451437047298575e-07,0.07117622113793767,8.0
S3_SEGMENT,F1_DATA,T5_HUMAN_K3,C,C,0.9001701780215984,0.7862736348264026,0.9772342983461795,16.0
S3_SEGMENT,F1_DATA,T5_HUMAN_K3,C,E,0.05578893587208399,0.005729286550349263,0.1461569144347464,16.0
S3_SEGMENT,F1_DATA,T5_HUMAN_K3,C,R,0.03355165820395087,0.0008539927003876442,0.10544600470885135,16.0
S3_SEGMENT,F1_DATA,T5_HUMAN_K3,C,H,0.010489227902366725,1.5945292861685192e-07,0.05139090122696143,16.0
S3_SEGMENT,F1_DATA,T5_HUMAN_K3,E,C,0.026115940618344855,3.616294024154842e-07,0.12385508321531716,1.0000000000000018
S3_SEGMENT,F1_DATA,T5_HUMAN_K3,E,E,0.6630659911066844,0.41488775940008144,0.8850602781590233,1.0000000000000018
S3_SEGMENT,F1_DATA,T5_HUMAN_K3,E,R,0.28515785775161856,0.08240530638002964,0.5354144640267118,1.0000000000000018
S3_SEGMENT,F1_DATA,T5_HUMAN_K3,E,H,0.025660210523352187,3.152495638697164e-07,0.12361286936970772,1.0000000000000018
S3_SEGMENT,F1_DATA,T5_HUMAN_K3,R,C,0.016681560084735456,1.947494941047784e-07,0.08048763467544721,7.0
S3_SEGMENT,F1_DATA,T5_HUMAN_K3,R,E,0.015998874460843263,1.6439008410059008e-07,0.08050060067491319,7.0
S3_SEGMENT,F1_DATA,T5_HUMAN_K3,R,R,0.9514467556638811,0.8370557079751593,0.9989279395092393,7.0
S3_SEGMENT,F1_DATA,T5_HUMAN_K3,R,H,0.015872809790540055,4.1633554679957393e-07,0.07807671821790431,7.0
S3_SEGMENT,F2_SEMANTIC,T1_LINEAR,E,C,0.01488327668381386,3.0101473622024783e-07,0.07069434463801741,7.999999999999998
S3_SEGMENT,F2_SEMANTIC,T1_LINEAR,E,E,0.8678879305158402,0.7139308590589113,0.9713497906051747,7.999999999999998
S3_SEGMENT,F2_SEMANTIC,T1_LINEAR,E,R,0.10206750046415826,0.016746510773605897,0.24249497575189335,7.999999999999998
S3_SEGMENT,F2_SEMANTIC,T1_LINEAR,E,H,0.015161292336187529,2.8416700121694955e-07,0.07406755332660027,7.999999999999998
S3_SEGMENT,F2_SEMANTIC,T2_VALIDATOR,E,C,0.026319509264469423,4.1952493115709325e-07,0.1207478064689489,1.0000000000000018
S3_SEGMENT,F2_SEMANTIC,T2_VALIDATOR,E,E,0.6656179900733443,0.41340176559581077,0.8759419238028725,1.0000000000000018
S3_SEGMENT,F2_SEMANTIC,T2_VALIDATOR,E,R,0.28285101943728724,0.08676815430745666,0.5336745698489396,1.0000000000000018
S3_SEGMENT,F2_SEMANTIC,T2_VALIDATOR,E,H,0.025211481224898965,4.22121462518258e-07,0.12296253901325221,1.0000000000000018
S3_SEGMENT,F2_SEMANTIC,T2_VALIDATOR,R,C,0.016552409317340987,4.945640917258392e-07,0.079853994782809,7.0
S3_SEGMENT,F2_SEMANTIC,T2_VALIDATOR,R,E,0.015618700977874564,3.021920438677731e-07,0.07446261702829043,7.0
S3_SEGMENT,F2_SEMANTIC,T2_VALIDATOR,R,R,0.9526759741155142,0.8418778182146788,0.9988735652956979,7.0
S3_SEGMENT,F2_SEMANTIC,T2_VALIDATOR,R,H,0.015152915589270257,1.8098479045500297e-07,0.07576226890498629,7.0
S3_SEGMENT,F2_SEMANTIC,T3_SUPERVISOR,E,C,0.02326041170241939,2.862884341770253e-07,0.11181575049590939,2.0000000000000018
S3_SEGMENT,F2_SEMANTIC,T3_SUPERVISOR,E,E,0.6945563849702144,0.44576693210516455,0.896066151965778,2.0000000000000018
S3_SEGMENT,F2_SEMANTIC,T3_SUPERVISOR,E,R,0.2582987425646921,0.07312698112925874,0.4994819641234099,2.0000000000000018
S3_SEGMENT,F2_SEMANTIC,T3_SUPERVISOR,E,H,0.023884460762674052,4.315303472932906e-07,0.11452874678595665,2.0000000000000018
S3_SEGMENT,F2_SEMANTIC,T3_SUPERVISOR,R,C,0.016770403660887574,2.871131838479154e-07,0.08162907064055258,6.0
S3_SEGMENT,F2_SEMANTIC,T3_SUPERVISOR,R,E,0.018419396507228368,3.447250517218625e-07,0.09143862983089403,6.0
S3_SEGMENT,F2_SEMANTIC,T3_SUPERVISOR,R,R,0.9462207171092557,0.8213327893869306,0.9989091971901257,6.0
S3_SEGMENT,F2_SEMANTIC,T3_SUPERVISOR,R,H,0.018589482722628333,4.3302863393804105e-07,0.09530972594489362,6.0
S3_SEGMENT,F2_SEMANTIC,T4_CRITIC,E,C,0.015685553079326255,1.679706547284797e-07,0.07638709296542458,8.000000000000002
S3_SEGMENT,F2_SEMANTIC,T4_CRITIC,E,E,0.6823022004319232,0.48938477243268236,0.8522412486002015,8.000000000000002
S3_SEGMENT,F2_SEMANTIC,T4_CRITIC,E,R,0.2863430350686907,0.12677969824072907,0.47576562912489795,8.000000000000002
S3_SEGMENT,F2_SEMANTIC,T4_CRITIC,E,H,0.01566921142005978,4.410915713476325e-07,0.07596035256005734,8.000000000000002
S3_SEGMENT,F2_SEMANTIC,T5_HUMAN_K0,E,C,0.015451985962989568,2.786530800738365e-07,0.07839472143990278,7.999999999999998
S3_SEGMENT,F2_SEMANTIC,T5_HUMAN_K0,E,E,0.8652831240270868,0.7075576893223147,0.9708004449240734,7.999999999999998
S3_SEGMENT,F2_SEMANTIC,T5_HUMAN_K0,E,R,0.1040356380393562,0.016984246079389767,0.24555073232264768,7.999999999999998
S3_SEGMENT,F2_SEMANTIC,T5_HUMAN_K0,E,H,0.015229251970567301,2.1123424995898823e-07,0.07392074903921267,7.999999999999998
S3_SEGMENT,F2_SEMANTIC,T5_HUMAN_K1,E,C,0.015171987856323533,3.448260278457279e-07,0.07229737291380672,8.000000000000002
S3_SEGMENT,F2_SEMANTIC,T5_HUMAN_K1,E,E,0.8043193143619742,0.6241532652000102,0.9381745826898155,8.000000000000002
S3_SEGMENT,F2_SEMANTIC,T5_HUMAN_K1,E,R,0.1648792653628623,0.044970198960260666,0.3333057172637527,8.000000000000002
S3_SEGMENT,F2_SEMANTIC,T5_HUMAN_K1,E,H,0.015629432418839954,2.200837029227189e-07,0.07603545347688519,8.000000000000002
S3_SEGMENT,F2_SEMANTIC,T5_HUMAN_K2,R,C,0.014815628312854419,2.54136299900654e-07,0.07533004127407865,8.0
S3_SEGMENT,F2_SEMANTIC,T5_HUMAN_K2,R,E,0.014753234171832684,1.3434898256799128e-07,0.07318728030955929,8.0
S3_SEGMENT,F2_SEMANTIC,T5_HUMAN_K2,R,R,0.954446868618054,0.8510210592006279,0.9991497503333712,8.0
S3_SEGMENT,F2_SEMANTIC,T5_HUMAN_K2,R,H,0.015984268897258923,2.8020096283546357e-07,0.07974440391082996,8.0
S3_SEGMENT,F2_SEMANTIC,T5_HUMAN_K3,E,C,0.027963136589974777,6.995822615716229e-07,0.13341146183740224,1.0
S3_SEGMENT,F2_SEMANTIC,T5_HUMAN_K3,E,E,0.7681950628633749,0.5159216994558873,0.9421962053981857,1.0
S3_SEGMENT,F2_SEMANTIC,T5_HUMAN_K3,E,R,0.17809621017234734,0.03028857436895398,0.41112774237315297,1.0
S3_SEGMENT,F2_SEMANTIC,T5_HUMAN_K3,E,H,0.02574559037430303,4.1882358281159813e-07,0.12223788893923475,1.0
S3_SEGMENT,F2_SEMANTIC,T5_HUMAN_K3,R,C,0.015620383911179862,2.5387297769791013e-07,0.07677937213278321,7.0
S3_SEGMENT,F2_SEMANTIC,T5_HUMAN_K3,R,E,0.015728756416362455,2.091295282149297e-07,0.07632062804818611,7.0
S3_SEGMENT,F2_SEMANTIC,T5_HUMAN_K3,R,R,0.9533671576067414,0.8501315242997807,0.9988979162693923,7.0
S3_SEGMENT,F2_SEMANTIC,T5_HUMAN_K3,R,H,0.015283702065716288,2.962013771770759e-07,0.07357708292496205,7.0
S3_SEGMENT,F3_TOOL,T1_LINEAR,C,C,0.7443212227057796,0.6220145841034096,0.8502562945842413,32.0
S3_SEGMENT,F3_TOOL,T1_LINEAR,C,E,0.2304187977309094,0.13006013075001138,0.34604321484829215,32.0
S3_SEGMENT,F3_TOOL,T1_LINEAR,C,R,0.01948608026077816,0.000586060344916463,0.061422732775981315,32.0
S3_SEGMENT,F3_TOOL,T1_LINEAR,C,H,0.005773899302532863,1.1323213755402002e-07,0.02761817561387953,32.0
S3_SEGMENT,F3_TOOL,T2_VALIDATOR,C,C,0.7415399723615262,0.618905079878319,0.8481151480409379,32.0
S3_SEGMENT,F3_TOOL,T2_VALIDATOR,C,E,0.10730827147524295,0.04020280689693455,0.19641434933355642,32.0
S3_SEGMENT,F3_TOOL,T2_VALIDATOR,C,R,0.14495895858537447,0.0662308373027485,0.24588584615870293,32.0
S3_SEGMENT,F3_TOOL,T2_VALIDATOR,C,H,0.006192797577856361,9.065796493728092e-08,0.02968144547249066,32.0
S3_SEGMENT,F3_TOOL,T3_SUPERVISOR,C,C,0.7432445921431661,0.6247915408633736,0.8475175840614347,32.0
S3_SEGMENT,F3_TOOL,T3_SUPERVISOR,C,E,0.058060506687344034,0.012671217918941493,0.1251905907610621,32.0
S3_SEGMENT,F3_TOOL,T3_SUPERVISOR,C,R,0.1923892166476662,0.09913988449948175,0.30122021909056623,32.0
S3_SEGMENT,F3_TOOL,T3_SUPERVISOR,C,H,0.006305684521823622,7.883851374999018e-08,0.029710025202058083,32.0
S3_SEGMENT,F3_TOOL,T4_CRITIC,C,C,0.740617875742733,0.6183963042318327,0.8450609972245532,32.0
S3_SEGMENT,F3_TOOL,T4_CRITIC,C,E,0.20757387992353232,0.11387753394868508,0.3187573251744116,32.0
S3_SEGMENT,F3_TOOL,T4_CRITIC,C,R,0.04576299379694768,0.007078394741455383,0.10927824015091586,32.0
S3_SEGMENT,F3_TOOL,T4_CRITIC,C,H,0.006045250536787048,9.593426578682733e-08,0.02817709208030776,32.0
S3_SEGMENT,F3_TOOL,T5_HUMAN_K0,C,C,0.7400319929581032,0.6205257156292755,0.8487414530779726,32.0
S3_SEGMENT,F3_TOOL,T5_HUMAN_K0,C,E,0.2334729752008882,0.13003309612240016,0.35145135418166307,32.0
S3_SEGMENT,F3_TOOL,T5_HUMAN_K0,C,R,0.020180044015905216,0.0006266528499750643,0.06489913747790929,32.0
S3_SEGMENT,F3_TOOL,T5_HUMAN_K0,C,H,0.006314987825103424,8.626470306464622e-08,0.030784469361869737,32.0
S3_SEGMENT,F3_TOOL,T5_HUMAN_K1,C,C,0.7417756265499131,0.6267605292823355,0.8485438909726848,32.0
S3_SEGMENT,F3_TOOL,T5_HUMAN_K1,C,E,0.23272913996370068,0.1322841192096218,0.3443099097697799,32.0
S3_SEGMENT,F3_TOOL,T5_HUMAN_K1,C,R,0.01951748063423779,0.0005405010815612425,0.061633475373720374,32.0
S3_SEGMENT,F3_TOOL,T5_HUMAN_K1,C,H,0.005977752852148402,6.71018471992181e-08,0.028755624930759262,32.0
S3_SEGMENT,F3_TOOL,T5_HUMAN_K2,C,C,0.7425167189226647,0.6199109880968708,0.8479948961340388,32.0
S3_SEGMENT,F3_TOOL,T5_HUMAN_K2,C,E,0.23176276499212864,0.13160902989667644,0.3445106659535776,32.0
S3_SEGMENT,F3_TOOL,T5_HUMAN_K2,C,R,0.019791023369128788,0.0005227425820153886,0.06426588940054039,32.0
S3_SEGMENT,F3_TOOL,T5_HUMAN_K2,C,H,0.00592949271607787,8.051614562751588e-08,0.029192769299450888,32.0
S3_SEGMENT,F3_TOOL,T5_HUMAN_K3,C,C,0.7419361703241568,0.623729664641408,0.8470589057578569,32.0
S3_SEGMENT,F3_TOOL,T5_HUMAN_K3,C,E,0.23175938623645573,0.13139227493922803,0.3475575094607084,32.0
S3_SEGMENT,F3_TOOL,T5_HUMAN_K3,C,R,0.02003382529310668,0.0006081359713043616,0.06473641662124657,32.0
S3_SEGMENT,F3_TOOL,T5_HUMAN_K3,C,H,0.006270618146280842,8.954640560219805e-08,0.02979144932763668,32.0
S3_SEGMENT,F4_REASONING,T1_LINEAR,C,C,0.8514643151570314,0.6893253112023779,0.9639341897852887,8.0
S3_SEGMENT,F4_REASONING,T1_LINEAR,C,E,0.08293190323511956,0.008703317962275525,0.21333751245750454,8.0
S3_SEGMENT,F4_REASONING,T1_LINEAR,C,R,0.050087766620069425,0.0014826722564887317,0.16133864570244474,8.0
S3_SEGMENT,F4_REASONING,T1_LINEAR,C,H,0.015516014987779577,4.2782376204679605e-07,0.07826691618031978,8.0
S3_SEGMENT,F4_REASONING,T2_VALIDATOR,C,C,0.8535491067495168,0.7004095003347659,0.9616325098966899,8.0
S3_SEGMENT,F4_REASONING,T2_VALIDATOR,C,E,0.08197771009442352,0.00869175737368991,0.20758747446033082,8.0
S3_SEGMENT,F4_REASONING,T2_VALIDATOR,C,R,0.049364164663734764,0.001538424983686077,0.15476092669894775,8.0
S3_SEGMENT,F4_REASONING,T2_VALIDATOR,C,H,0.015109018492324879,3.5114613567315564e-07,0.0744190851123082,8.0
S3_SEGMENT,F4_REASONING,T3_SUPERVISOR,C,C,0.8525311557477411,0.6850774103304094,0.9637661346701221,8.0
S3_SEGMENT,F4_REASONING,T3_SUPERVISOR,C,E,0.0833161543568616,0.00789824820079411,0.21479945027733313,8.0
S3_SEGMENT,F4_REASONING,T3_SUPERVISOR,C,R,0.04877950481340885,0.0012597758258536978,0.1537212428397282,8.0
S3_SEGMENT,F4_REASONING,T3_SUPERVISOR,C,H,0.015373185081988499,3.059326527374479e-07,0.07491078183454392,8.0
S3_SEGMENT,F4_REASONING,T4_CRITIC,C,C,0.8519894069769391,0.688903553310758,0.9639647380604798,8.0
S3_SEGMENT,F4_REASONING,T4_CRITIC,C,E,0.08239992165873178,0.009056706899283654,0.21625925641095975,8.0
S3_SEGMENT,F4_REASONING,T4_CRITIC,C,R,0.04980791818399157,0.001514737282240625,0.15658114114007482,8.0
S3_SEGMENT,F4_REASONING,T4_CRITIC,C,H,0.01580275318033753,2.8144257018759653e-07,0.07817030199016746,8.0
S3_SEGMENT,F4_REASONING,T5_HUMAN_K0,C,C,0.8528611834384793,0.6907725360339603,0.9635261189337437,8.0
S3_SEGMENT,F4_REASONING,T5_HUMAN_K0,C,E,0.08214064930206587,0.00892881289525813,0.2131392619702397,8.0
S3_SEGMENT,F4_REASONING,T5_HUMAN_K0,C,R,0.049740195282553315,0.0015967814713179279,0.15588020558726876,8.0
S3_SEGMENT,F4_REASONING,T5_HUMAN_K0,C,H,0.015257971976901593,3.5638753893523326e-07,0.075378535407832,8.0
S3_SEGMENT,F4_REASONING,T5_HUMAN_K1,C,C,0.851625499333404,0.6889972870025745,0.9639836679199204,8.0
S3_SEGMENT,F4_REASONING,T5_HUMAN_K1,C,E,0.08337669353783002,0.00878048986792957,0.21637868467876534,8.0
S3_SEGMENT,F4_REASONING,T5_HUMAN_K1,C,R,0.049890011635619444,0.0014284750058476902,0.15929027075288868,8.0
S3_SEGMENT,F4_REASONING,T5_HUMAN_K1,C,H,0.015107795493146512,1.6999804949359236e-07,0.07291148591374387,8.0
S3_SEGMENT,F4_REASONING,T5_HUMAN_K2,C,C,0.8526431536488606,0.6924363979565016,0.9632248148236078,8.0
S3_SEGMENT,F4_REASONING,T5_HUMAN_K2,C,E,0.08251869195751642,0.00882405732959324,0.21070976807174135,8.0
S3_SEGMENT,F4_REASONING,T5_HUMAN_K2,C,R,0.04904072284809513,0.0016567373538049716,0.1577558784152188,8.0
S3_SEGMENT,F4_REASONING,T5_HUMAN_K2,C,H,0.015797431545527877,3.041342691006451e-07,0.07911929137420134,8.0
S3_SEGMENT,F4_REASONING,T5_HUMAN_K3,C,C,0.8528394180952973,0.6937298476777264,0.9652435893471822,8.0
S3_SEGMENT,F4_REASONING,T5_HUMAN_K3,C,E,0.08290897308568948,0.008572631756591655,0.2144568520541482,8.0
S3_SEGMENT,F4_REASONING,T5_HUMAN_K3,C,R,0.04857374315149716,0.001446851039162612,0.15245748212452961,8.0
S3_SEGMENT,F4_REASONING,T5_HUMAN_K3,C,H,0.015677865667516035,2.5020166429827996e-07,0.07751704978124196,8.0
S3_SEGMENT,F5_HANDOFF,T1_LINEAR,C,C,0.8521628392664795,0.6893576816857476,0.9654177993668148,8.0
S3_SEGMENT,F5_HANDOFF,T1_LINEAR,C,E,0.08369767778533632,0.008543472089084701,0.215753748312552,8.0
S3_SEGMENT,F5_HANDOFF,T1_LINEAR,C,R,0.04964486290152175,0.0014310338892425355,0.15877744416014503,8.0
S3_SEGMENT,F5_HANDOFF,T1_LINEAR,C,H,0.014494620046662441,2.0554879068901926e-07,0.07132297906076195,8.0
S3_SEGMENT,F5_HANDOFF,T2_VALIDATOR,C,C,0.8506399037259968,0.6874858626783469,0.9635665507757873,8.0
S3_SEGMENT,F5_HANDOFF,T2_VALIDATOR,C,E,0.08452439647273603,0.008909995772645634,0.21790284080092936,8.0
S3_SEGMENT,F5_HANDOFF,T2_VALIDATOR,C,R,0.048907268972486456,0.0014017899422490508,0.152999746666779,8.0
S3_SEGMENT,F5_HANDOFF,T2_VALIDATOR,C,H,0.01592843082878072,2.0659883483676399e-07,0.07710839830961545,8.0
S3_SEGMENT,F5_HANDOFF,T3_SUPERVISOR,C,C,0.8515969174289383,0.6962809539137839,0.9647930718279236,8.0
S3_SEGMENT,F5_HANDOFF,T3_SUPERVISOR,C,E,0.08377158414202245,0.00885706321551502,0.21259001312137474,8.0
S3_SEGMENT,F5_HANDOFF,T3_SUPERVISOR,C,R,0.04934284394391931,0.001589310910318275,0.15873781359667113,8.0
S3_SEGMENT,F5_HANDOFF,T3_SUPERVISOR,C,H,0.01528865448512008,2.3281798663506678e-07,0.0743375875991417,8.0
S3_SEGMENT,F5_HANDOFF,T4_CRITIC,C,C,0.8520762563201423,0.6931920912754725,0.9650946348343228,8.0
S3_SEGMENT,F5_HANDOFF,T4_CRITIC,C,E,0.08325528936138799,0.008297173873298452,0.21654126527761913,8.0
S3_SEGMENT,F5_HANDOFF,T4_CRITIC,C,R,0.04948408664014364,0.001479847204685807,0.1536903657287935,8.0
S3_SEGMENT,F5_HANDOFF,T4_CRITIC,C,H,0.015184367678326052,2.7157568292712463e-07,0.07077194863232396,8.0
S3_SEGMENT,F5_HANDOFF,T5_HUMAN_K0,C,C,0.8543523696051483,0.6978604695903953,0.9640430620692549,8.0
S3_SEGMENT,F5_HANDOFF,T5_HUMAN_K0,C,E,0.08107719276331529,0.008502094547700182,0.20956042979038872,8.0
S3_SEGMENT,F5_HANDOFF,T5_HUMAN_K0,C,R,0.049278830544064726,0.0015039028052160272,0.15372834980385278,8.0
S3_SEGMENT,F5_HANDOFF,T5_HUMAN_K0,C,H,0.015291607087471728,2.3279213640356133e-07,0.07471434325847215,8.0
S3_SEGMENT,F5_HANDOFF,T5_HUMAN_K1,C,C,0.8556487829895734,0.7019060855504198,0.9652343856637721,8.0
S3_SEGMENT,F5_HANDOFF,T5_HUMAN_K1,C,E,0.08149848669927169,0.008295650946000254,0.2089531460762805,8.0
S3_SEGMENT,F5_HANDOFF,T5_HUMAN_K1,C,R,0.04770117151519826,0.0015360210795160117,0.14896435880358655,8.0
S3_SEGMENT,F5_HANDOFF,T5_HUMAN_K1,C,H,0.015151558795956597,3.067278602090399e-07,0.07322260168037804,8.0
S3_SEGMENT,F5_HANDOFF,T5_HUMAN_K2,C,C,0.850758459255608,0.6911257401813155,0.9654665972757603,8.0
S3_SEGMENT,F5_HANDOFF,T5_HUMAN_K2,C,E,0.08368054620495646,0.008297126343538087,0.21740081993835583,8.0
S3_SEGMENT,F5_HANDOFF,T5_HUMAN_K2,C,R,0.04936395976913172,0.001521463083297782,0.1522109557146808,8.0
S3_SEGMENT,F5_HANDOFF,T5_HUMAN_K2,C,H,0.016197034770303723,2.9539599801294933e-07,0.07995247590403638,8.0
S3_SEGMENT,F5_HANDOFF,T5_HUMAN_K3,C,C,0.8510760303469401,0.6861482431623482,0.9650427017976844,8.0
S3_SEGMENT,F5_HANDOFF,T5_HUMAN_K3,C,E,0.0822474693749154,0.0084439259701246,0.21633726900147995,8.0
S3_SEGMENT,F5_HANDOFF,T5_HUMAN_K3,C,R,0.05042299333838541,0.0017770084879424643,0.15527047642666353,8.0
S3_SEGMENT,F5_HANDOFF,T5_HUMAN_K3,C,H,0.01625350693975909,2.6318113068278413e-07,0.07870964511568822,8.0
S3_SEGMENT,F6_CONTEXT,T1_LINEAR,E,C,0.01027859419346179,2.4699519768384286e-07,0.05246522217579347,15.999999999999998
S3_SEGMENT,F6_CONTEXT,T1_LINEAR,E,E,0.9104047622420764,0.8037120013884261,0.9815419568620725,15.999999999999998
S3_SEGMENT,F6_CONTEXT,T1_LINEAR,E,R,0.06883155944612014,0.009969642802261638,0.1665934661452268,15.999999999999998
S3_SEGMENT,F6_CONTEXT,T1_LINEAR,E,H,0.010485084118341545,2.46800142573667e-07,0.050099838156511915,15.999999999999998
S3_SEGMENT,F6_CONTEXT,T2_VALIDATOR,E,C,0.01700540257139128,2.8022642681583426e-07,0.08095503676444234,6.0
S3_SEGMENT,F6_CONTEXT,T2_VALIDATOR,E,E,0.7114377206309964,0.5070807850626424,0.8855168885684418,6.0
S3_SEGMENT,F6_CONTEXT,T2_VALIDATOR,E,R,0.253616466463786,0.0906714489990004,0.45281843030671726,6.0
S3_SEGMENT,F6_CONTEXT,T2_VALIDATOR,E,H,0.017940410333826286,2.714967865578485e-07,0.08593721554296561,6.0
S3_SEGMENT,F6_CONTEXT,T2_VALIDATOR,R,C,0.01375366770752989,2.491318790251426e-07,0.06658077118528007,10.0
S3_SEGMENT,F6_CONTEXT,T2_VALIDATOR,R,E,0.013826556578280101,2.552116748678981e-07,0.06615233938114935,10.0
S3_SEGMENT,F6_CONTEXT,T2_VALIDATOR,R,R,0.9586457856471148,0.8659216964203036,0.9990860782186702,10.0
S3_SEGMENT,F6_CONTEXT,T2_VALIDATOR,R,H,0.013773990067075229,3.744335543747444e-07,0.0658297283865463,10.0
S3_SEGMENT,F6_CONTEXT,T3_SUPERVISOR,E,C,0.017953052450027145,3.0719166612350645e-07,0.08802277413375406,5.0
S3_SEGMENT,F6_CONTEXT,T3_SUPERVISOR,E,E,0.6162975789684835,0.3975485518829917,0.8145077096928323,5.0
S3_SEGMENT,F6_CONTEXT,T3_SUPERVISOR,E,R,0.3466608233258404,0.15343060196173514,0.5698897239189222,5.0
S3_SEGMENT,F6_CONTEXT,T3_SUPERVISOR,E,H,0.019088545255649046,3.488669467992761e-07,0.09218292934697478,5.0
S3_SEGMENT,F6_CONTEXT,T3_SUPERVISOR,R,C,0.013062931433865863,1.3694434523798798e-07,0.06486060180578285,11.0
S3_SEGMENT,F6_CONTEXT,T3_SUPERVISOR,R,E,0.012654688595701522,2.2753028253056952e-07,0.0596374655123388,11.0
S3_SEGMENT,F6_CONTEXT,T3_SUPERVISOR,R,R,0.9614717714859655,0.8748140651307298,0.9990132576802854,11.0
S3_SEGMENT,F6_CONTEXT,T3_SUPERVISOR,R,H,0.012810608484467061,3.0873048796548945e-07,0.0602916689871676,11.0
S3_SEGMENT,F6_CONTEXT,T4_CRITIC,E,C,0.011646080501577886,2.1096854334383685e-07,0.057078517289213974,12.000000000000002
S3_SEGMENT,F6_CONTEXT,T4_CRITIC,E,E,0.7937382663856285,0.6378084805553268,0.9168705726604516,12.000000000000002
S3_SEGMENT,F6_CONTEXT,T4_CRITIC,E,R,0.1820969187225592,0.06597278521004579,0.3288975372777909,12.000000000000002
S3_SEGMENT,F6_CONTEXT,T4_CRITIC,E,H,0.012518734390234374,1.9694829096341275e-07,0.06360506086983121,12.000000000000002
S3_SEGMENT,F6_CONTEXT,T4_CRITIC,R,C,0.020436586299289076,3.020879164913812e-07,0.09905811550637685,4.0
S3_SEGMENT,F6_CONTEXT,T4_CRITIC,R,E,0.019355148116450196,2.566858938677625e-07,0.09330414385836484,4.0
S3_SEGMENT,F6_CONTEXT,T4_CRITIC,R,R,0.9410540333960861,0.8093922645083511,0.9984888526482851,4.0
S3_SEGMENT,F6_CONTEXT,T4_CRITIC,R,H,0.01915423218817466,3.7159335658868764e-07,0.09559712756210607,4.0
S3_SEGMENT,F6_CONTEXT,T5_HUMAN_K0,E,C,0.00997761940037874,2.4346249606443553e-07,0.04771624985027733,14.999999999999998
S3_SEGMENT,F6_CONTEXT,T5_HUMAN_K0,E,E,0.9056892275257781,0.7926579600631035,0.9798512940956878,14.999999999999998
S3_SEGMENT,F6_CONTEXT,T5_HUMAN_K0,E,R,0.07384665524528837,0.010522328667108232,0.17845891966886143,14.999999999999998
S3_SEGMENT,F6_CONTEXT,T5_HUMAN_K0,E,H,0.010486497828554778,1.3147077852934346e-07,0.051157838062206175,14.999999999999998
S3_SEGMENT,F6_CONTEXT,T5_HUMAN_K0,R,C,0.02765754056787894,6.649636845831298e-07,0.13021430421024627,1.0
S3_SEGMENT,F6_CONTEXT,T5_HUMAN_K0,R,E,0.024703437995382212,3.657360976212521e-07,0.11973275132812436,1.0
S3_SEGMENT,F6_CONTEXT,T5_HUMAN_K0,R,R,0.9220510808893514,0.7537092946516614,0.9984520274741792,1.0
S3_SEGMENT,F6_CONTEXT,T5_HUMAN_K0,R,H,0.025587940547387472,2.7211616948100667e-07,0.1221699343655538,1.0
S3_SEGMENT,F6_CONTEXT,T5_HUMAN_K1,E,C,0.010513415866361047,1.379601745512998e-07,0.05269719010277201,15.999999999999998
S3_SEGMENT,F6_CONTEXT,T5_HUMAN_K1,E,E,0.9096084884776687,0.8016324194971031,0.9810534336542406,15.999999999999998
S3_SEGMENT,F6_CONTEXT,T5_HUMAN_K1,E,R,0.0695049152546916,0.01088654149459328,0.16475778932521645,15.999999999999998
S3_SEGMENT,F6_CONTEXT,T5_HUMAN_K1,E,H,0.010373180401278683,2.0795437746304872e-07,0.050161981047811666,15.999999999999998
S3_SEGMENT,F6_CONTEXT,T5_HUMAN_K2,E,C,0.020881510435118992,4.196564204841485e-07,0.10319265159740387,4.0
S3_SEGMENT,F6_CONTEXT,T5_HUMAN_K2,E,E,0.8242117349601054,0.6292003792123986,0.9593381109509428,4.0
S3_SEGMENT,F6_CONTEXT,T5_HUMAN_K2,E,R,0.1358335064064069,0.02388770500013452,0.3122414558027201,4.0
S3_SEGMENT,F6_CONTEXT,T5_HUMAN_K2,E,H,0.019073248198368673,2.9067470792444707e-07,0.09526290288156722,4.0
S3_SEGMENT,F6_CONTEXT,T5_HUMAN_K2,R,C,0.011578401810971684,3.5990087397682537e-07,0.055342927857048634,12.0
S3_SEGMENT,F6_CONTEXT,T5_HUMAN_K2,R,E,0.012059708131886688,3.954816811120774e-07,0.05726433653054605,12.0
S3_SEGMENT,F6_CONTEXT,T5_HUMAN_K2,R,R,0.9643853755921793,0.885588903277598,0.9991419314276582,12.0
S3_SEGMENT,F6_CONTEXT,T5_HUMAN_K2,R,H,0.011976514464962206,2.1148769003583228e-07,0.0565695973704718,12.0
S3_SEGMENT,F6_CONTEXT,T5_HUMAN_K3,E,C,0.016455293206353996,2.9132743171887893e-07,0.08308835075417939,6.0
S3_SEGMENT,F6_CONTEXT,T5_HUMAN_K3,E,E,0.8511340455706404,0.6805425104948342,0.9700847610298599,6.0
S3_SEGMENT,F6_CONTEXT,T5_HUMAN_K3,E,R,0.11582937034635359,0.017015649787374434,0.27065359908486225,6.0
S3_SEGMENT,F6_CONTEXT,T5_HUMAN_K3,E,H,0.016581290876652027,5.520363740838047e-07,0.07695417362311713,6.0
S3_SEGMENT,F6_CONTEXT,T5_HUMAN_K3,R,C,0.013661631172584775,3.056418252378149e-07,0.06879454227211543,10.0
S3_SEGMENT,F6_CONTEXT,T5_HUMAN_K3,R,E,0.012793538556640517,2.1443964705342562e-07,0.0619371377960816,10.0
S3_SEGMENT,F6_CONTEXT,T5_HUMAN_K3,R,R,0.9598406713022754,0.8660487500658814,0.9991395472260256,10.0
S3_SEGMENT,F6_CONTEXT,T5_HUMAN_K3,R,H,0.013704158968499318,2.4254143945172816e-07,0.06647768031240293,10.0
S3_SEGMENT,F7_ADVERSARIAL,T1_LINEAR,C,C,0.3604199954037647,0.18061140243432006,0.5576316418980436,8.0
S3_SEGMENT,F7_ADVERSARIAL,T1_LINEAR,C,E,0.574665813461125,0.3781654474898375,0.7655335839721484,8.0
S3_SEGMENT,F7_ADVERSARIAL,T1_LINEAR,C,R,0.04990891221715767,0.0013258082679171962,0.15736935524489967,8.0
S3_SEGMENT,F7_ADVERSARIAL,T1_LINEAR,C,H,0.015005278917952544,3.6098678223774053e-07,0.07300509107396226,8.0
S3_SEGMENT,F7_ADVERSARIAL,T1_LINEAR,E,C,0.011159011531713517,1.358737648505287e-07,0.05380957509328844,12.999999999999998
S3_SEGMENT,F7_ADVERSARIAL,T1_LINEAR,E,E,0.8975088523163551,0.7745516740725241,0.9769769351895168,12.999999999999998
S3_SEGMENT,F7_ADVERSARIAL,T1_LINEAR,E,R,0.07957369401249487,0.012314496427672943,0.19266292358486226,12.999999999999998
S3_SEGMENT,F7_ADVERSARIAL,T1_LINEAR,E,H,0.011758442139436335,2.8292739506649503e-07,0.057971474585553025,12.999999999999998
S3_SEGMENT,F7_ADVERSARIAL,T1_LINEAR,R,C,0.020153323950355205,2.413459565667008e-07,0.09781805114527184,3.0
S3_SEGMENT,F7_ADVERSARIAL,T1_LINEAR,R,E,0.02177229687473506,3.519098152689624e-07,0.10403790830373687,3.0
S3_SEGMENT,F7_ADVERSARIAL,T1_LINEAR,R,R,0.936458700017822,0.8005503020632629,0.9982798040013154,3.0
S3_SEGMENT,F7_ADVERSARIAL,T1_LINEAR,R,H,0.02161567915708772,4.874375590897402e-07,0.1042245331851569,3.0
S3_SEGMENT,F7_ADVERSARIAL,T2_VALIDATOR,C,C,0.3575270084278506,0.1732220009018634,0.5569288761889021,8.0
S3_SEGMENT,F7_ADVERSARIAL,T2_VALIDATOR,C,E,0.2712997204607244,0.1116416471583941,0.4657474295006312,8.0
S3_SEGMENT,F7_ADVERSARIAL,T2_VALIDATOR,C,R,0.35448727929470897,0.1819491120280237,0.552471504375239,8.0
S3_SEGMENT,F7_ADVERSARIAL,T2_VALIDATOR,C,H,0.016685991816715956,2.59437582339444e-07,0.0782448202239244,8.0
S3_SEGMENT,F7_ADVERSARIAL,T2_VALIDATOR,E,C,0.025961699820137255,4.436717043987302e-07,0.1230656428235824,1.0
S3_SEGMENT,F7_ADVERSARIAL,T2_VALIDATOR,E,E,0.769906629237328,0.5240235641296084,0.9454003790460613,1.0
S3_SEGMENT,F7_ADVERSARIAL,T2_VALIDATOR,E,R,0.1782297537196141,0.030633698479699805,0.4035752242464949,1.0
S3_SEGMENT,F7_ADVERSARIAL,T2_VALIDATOR,E,H,0.025901917222920574,4.5189877709676407e-07,0.12280254851140407,1.0
S3_SEGMENT,F7_ADVERSARIAL,T2_VALIDATOR,R,C,0.010176794103105152,2.7718981811191644e-07,0.04741795892298378,15.0
S3_SEGMENT,F7_ADVERSARIAL,T2_VALIDATOR,R,E,0.010687912933047378,1.226923207805797e-07,0.053180631583022595,15.0
S3_SEGMENT,F7_ADVERSARIAL,T2_VALIDATOR,R,R,0.9684385240804987,0.8988731834457976,0.999218879153936,15.0
S3_SEGMENT,F7_ADVERSARIAL,T2_VALIDATOR,R,H,0.010696768883348817,1.7877729818339416e-07,0.05010616031519775,15.0
S3_SEGMENT,F7_ADVERSARIAL,T3_SUPERVISOR,C,C,0.35843118838672366,0.17709665746815897,0.565166362543087,8.0
S3_SEGMENT,F7_ADVERSARIAL,T3_SUPERVISOR,C,E,0.20483080389205785,0.06854807656923483,0.38487707221695366,8.0
S3_SEGMENT,F7_ADVERSARIAL,T3_SUPERVISOR,C,R,0.42178369131752036,0.23416270766918754,0.6211168211980752,8.0
S3_SEGMENT,F7_ADVERSARIAL,T3_SUPERVISOR,C,H,0.014954316403698136,2.40073716926794e-07,0.06898277621786562,8.0
S3_SEGMENT,F7_ADVERSARIAL,T3_SUPERVISOR,E,C,0.02202257094428275,6.582660138945897e-07,0.10325633162424026,3.0
S3_SEGMENT,F7_ADVERSARIAL,T3_SUPERVISOR,E,E,0.7189245791759011,0.4887713786965617,0.9058557038978092,3.0
S3_SEGMENT,F7_ADVERSARIAL,T3_SUPERVISOR,E,R,0.23664587894386946,0.06715515065711328,0.45680681646393595,3.0
S3_SEGMENT,F7_ADVERSARIAL,T3_SUPERVISOR,E,H,0.022406970935946676,4.625208286433724e-07,0.11005582220740963,3.0
S3_SEGMENT,F7_ADVERSARIAL,T3_SUPERVISOR,R,C,0.011146302652286295,1.5300573419844479e-07,0.053251722871166134,13.0
S3_SEGMENT,F7_ADVERSARIAL,T3_SUPERVISOR,R,E,0.012027642672843336,2.243839186784732e-07,0.056529772834659285,13.0
S3_SEGMENT,F7_ADVERSARIAL,T3_SUPERVISOR,R,R,0.9652360148063774,0.8860647103471425,0.9992742028863619,13.0
S3_SEGMENT,F7_ADVERSARIAL,T3_SUPERVISOR,R,H,0.011590039868493007,1.9812533903768584e-07,0.05534319868554891,13.0
S3_SEGMENT,F7_ADVERSARIAL,T4_CRITIC,C,C,0.3590869929265962,0.18016328076040153,0.556103324710795,8.0
S3_SEGMENT,F7_ADVERSARIAL,T4_CRITIC,C,E,0.5760274188818161,0.37425425608612883,0.7660300280391266,8.0
S3_SEGMENT,F7_ADVERSARIAL,T4_CRITIC,C,R,0.049083172791947814,0.0013860047977256613,0.14983215319786375,8.0
S3_SEGMENT,F7_ADVERSARIAL,T4_CRITIC,C,H,0.015802415399639988,2.625647738496485e-07,0.0763062860476165,8.0
S3_SEGMENT,F7_ADVERSARIAL,T4_CRITIC,E,C,0.010299654937585091,1.3406897610345144e-07,0.04963368558896163,14.999999999999998
S3_SEGMENT,F7_ADVERSARIAL,T4_CRITIC,E,E,0.9088155109220921,0.8012270874868362,0.9807935000458615,14.999999999999998
S3_SEGMENT,F7_ADVERSARIAL,T4_CRITIC,E,R,0.0707341957698591,0.010737393940642955,0.1700766335792589,14.999999999999998
S3_SEGMENT,F7_ADVERSARIAL,T4_CRITIC,E,H,0.010150638370463672,1.354551432400881e-07,0.0495109633392032,14.999999999999998
S3_SEGMENT,F7_ADVERSARIAL,T4_CRITIC,R,C,0.02429956431756741,5.493826906306717e-07,0.11363849177928682,1.0
S3_SEGMENT,F7_ADVERSARIAL,T4_CRITIC,R,E,0.02530802888337366,4.706822191773899e-07,0.11965000887685621,1.0
S3_SEGMENT,F7_ADVERSARIAL,T4_CRITIC,R,R,0.9240127220919899,0.7593404143118313,0.9977060137124937,1.0
S3_SEGMENT,F7_ADVERSARIAL,T4_CRITIC,R,H,0.026379684707068987,3.4252435710888095e-07,0.1293992174409055,1.0
S3_SEGMENT,F7_ADVERSARIAL,T5_HUMAN_K0,C,C,0.3595465829503971,0.1797287369996918,0.5654946567945487,8.0
S3_SEGMENT,F7_ADVERSARIAL,T5_HUMAN_K0,C,E,0.5754522904103364,0.36757522617210125,0.7664987865120072,8.0
S3_SEGMENT,F7_ADVERSARIAL,T5_HUMAN_K0,C,R,0.04925688455320222,0.0014936031934977227,0.15519473831141195,8.0
S3_SEGMENT,F7_ADVERSARIAL,T5_HUMAN_K0,C,H,0.01574424208606418,2.7817532959970273e-07,0.07556752793755511,8.0
S3_SEGMENT,F7_ADVERSARIAL,T5_HUMAN_K0,E,C,0.009927396310394103,1.426390400223317e-07,0.04964291537276981,15.999999999999998
S3_SEGMENT,F7_ADVERSARIAL,T5_HUMAN_K0,E,E,0.9103132741122335,0.8046645998299526,0.9816318159583631,15.999999999999998
S3_SEGMENT,F7_ADVERSARIAL,T5_HUMAN_K0,E,R,0.06939956594976016,0.010660384655067974,0.16368707950136618,15.999999999999998
S3_SEGMENT,F7_ADVERSARIAL,T5_HUMAN_K0,E,H,0.010359763627612116,1.7337826326677346e-07,0.051617531848107676,15.999999999999998
S3_SEGMENT,F7_ADVERSARIAL,T5_HUMAN_K1,C,C,0.3584430628040448,0.18244252017929535,0.553552749309931,8.0
S3_SEGMENT,F7_ADVERSARIAL,T5_HUMAN_K1,C,E,0.5760917410210661,0.3772189916321569,0.7671861360946155,8.0
S3_SEGMENT,F7_ADVERSARIAL,T5_HUMAN_K1,C,R,0.04948390283884211,0.001254749253685091,0.15393411495264148,8.0
S3_SEGMENT,F7_ADVERSARIAL,T5_HUMAN_K1,C,H,0.015981293336047028,2.3957667403137054e-07,0.07759967451380297,8.0
S3_SEGMENT,F7_ADVERSARIAL,T5_HUMAN_K1,E,C,0.010331611312103493,1.4667646362622638e-07,0.049904197358101164,15.999999999999998
S3_SEGMENT,F7_ADVERSARIAL,T5_HUMAN_K1,E,E,0.9098259128726733,0.8036715020636891,0.980514556166194,15.999999999999998
S3_SEGMENT,F7_ADVERSARIAL,T5_HUMAN_K1,E,R,0.06898315206137716,0.010381781567508444,0.16764019221176835,15.999999999999998
S3_SEGMENT,F7_ADVERSARIAL,T5_HUMAN_K1,E,H,0.010859323753845886,1.442334544362013e-07,0.05200646590458242,15.999999999999998
S3_SEGMENT,F7_ADVERSARIAL,T5_HUMAN_K2,C,C,0.3610317618710995,0.17932663843982946,0.5606149507824403,8.0
S3_SEGMENT,F7_ADVERSARIAL,T5_HUMAN_K2,C,E,0.5741166075747913,0.3720838391563364,0.7677539448180215,8.0
S3_SEGMENT,F7_ADVERSARIAL,T5_HUMAN_K2,C,R,0.04952751585351658,0.0015662701050363165,0.15502060645002017,8.0
S3_SEGMENT,F7_ADVERSARIAL,T5_HUMAN_K2,C,H,0.015324114700592627,2.4516440526908257e-07,0.07237039998755473,8.0
S3_SEGMENT,F7_ADVERSARIAL,T5_HUMAN_K2,E,C,0.02031338977139047,3.109604549787858e-07,0.09682009421737302,4.0
S3_SEGMENT,F7_ADVERSARIAL,T5_HUMAN_K2,E,E,0.8220727179487907,0.6297833169959877,0.9607190855795521,4.0
S3_SEGMENT,F7_ADVERSARIAL,T5_HUMAN_K2,E,R,0.13705178666356455,0.02101034577438529,0.3120024614713149,4.0
S3_SEGMENT,F7_ADVERSARIAL,T5_HUMAN_K2,E,H,0.020562105616254385,3.24423300328987e-07,0.09724242565532304,4.0
S3_SEGMENT,F7_ADVERSARIAL,T5_HUMAN_K2,R,C,0.011930179956333404,2.7175708369305877e-07,0.0575072720575626,12.0
S3_SEGMENT,F7_ADVERSARIAL,T5_HUMAN_K2,R,E,0.012600375525221847,2.0921394279390713e-07,0.060160856029548015,12.0
S3_SEGMENT,F7_ADVERSARIAL,T5_HUMAN_K2,R,R,0.9633237924726509,0.8820942586033047,0.9992194782083484,12.0
S3_SEGMENT,F7_ADVERSARIAL,T5_HUMAN_K2,R,H,0.012145652045793867,2.174159725584465e-07,0.05926354307499186,12.0
S3_SEGMENT,F7_ADVERSARIAL,T5_HUMAN_K3,C,C,0.3638335053113336,0.18218308595244484,0.5682737075442986,8.0
S3_SEGMENT,F7_ADVERSARIAL,T5_HUMAN_K3,C,E,0.5712006058045618,0.3703839310857597,0.7612170217225347,8.0
S3_SEGMENT,F7_ADVERSARIAL,T5_HUMAN_K3,C,R,0.049487717995683946,0.001384061194842334,0.156709182438558,8.0
S3_SEGMENT,F7_ADVERSARIAL,T5_HUMAN_K3,C,H,0.015478170888420656,3.2951720563821876e-07,0.07547618151963384,8.0
S3_SEGMENT,F7_ADVERSARIAL,T5_HUMAN_K3,E,C,0.01926805644941021,2.7698350868434794e-07,0.09123274262743866,4.0
S3_SEGMENT,F7_ADVERSARIAL,T5_HUMAN_K3,E,E,0.8228724862300251,0.6224343851848227,0.9613404142444972,4.0
S3_SEGMENT,F7_ADVERSARIAL,T5_HUMAN_K3,E,R,0.13761240447376774,0.021649317846852496,0.3207591121030853,4.0
S3_SEGMENT,F7_ADVERSARIAL,T5_HUMAN_K3,E,H,0.020247052846796874,6.829831213267047e-07,0.09578212224709114,4.0
S3_SEGMENT,F7_ADVERSARIAL,T5_HUMAN_K3,R,C,0.01223693760313636,2.0695838374112744e-07,0.0609054987934656,12.0
S3_SEGMENT,F7_ADVERSARIAL,T5_HUMAN_K3,R,E,0.012142560825869874,3.2172786475122965e-07,0.05579853672454232,12.0
S3_SEGMENT,F7_ADVERSARIAL,T5_HUMAN_K3,R,R,0.9633895372793057,0.8808794397512241,0.9991281751332487,12.0
S3_SEGMENT,F7_ADVERSARIAL,T5_HUMAN_K3,R,H,0.01223096429168809,2.548438753511441e-07,0.05950372072441692,12.0
S4_MODEL,CONTROL,T1_LINEAR,C,C,0.8540854327434529,0.6936985686250121,0.9667153106116129,8.0
S4_MODEL,CONTROL,T1_LINEAR,C,E,0.08226634797245777,0.00790662953241109,0.21319833930047702,8.0
S4_MODEL,CONTROL,T1_LINEAR,C,R,0.04805463822147588,0.0015502075243893905,0.14817529872388852,8.0
S4_MODEL,CONTROL,T1_LINEAR,C,H,0.015593581062613337,2.716118113239751e-07,0.07590607717475754,8.0
S4_MODEL,CONTROL,T2_VALIDATOR,C,C,0.8520454296635701,0.6876576604178395,0.9639091951954959,8.0
S4_MODEL,CONTROL,T2_VALIDATOR,C,E,0.08323504006941573,0.009397271846574741,0.21556333466443564,8.0
S4_MODEL,CONTROL,T2_VALIDATOR,C,R,0.04978433601262987,0.0014912546595655862,0.16160118881881502,8.0
S4_MODEL,CONTROL,T2_VALIDATOR,C,H,0.014935194254384243,2.447666526777038e-07,0.07154785831452187,8.0
S4_MODEL,CONTROL,T3_SUPERVISOR,C,C,0.8546904983112034,0.6930536777367353,0.9655992749121023,8.0
S4_MODEL,CONTROL,T3_SUPERVISOR,C,E,0.08048031543904649,0.008719853709758633,0.21019424856094115,8.0
S4_MODEL,CONTROL,T3_SUPERVISOR,C,R,0.049539812732538276,0.0013868721448220412,0.15471847103458006,8.0
S4_MODEL,CONTROL,T3_SUPERVISOR,C,H,0.015289373517211935,2.922964549963877e-07,0.07455679805955003,8.0
S4_MODEL,CONTROL,T4_CRITIC,C,C,0.8527264251062235,0.6859469137829748,0.9663690258505789,8.0
S4_MODEL,CONTROL,T4_CRITIC,C,E,0.08237244546030019,0.0083022897861503,0.21618093673483793,8.0
S4_MODEL,CONTROL,T4_CRITIC,C,R,0.0497895928863413,0.001497796288743556,0.15925912448621135,8.0
S4_MODEL,CONTROL,T4_CRITIC,C,H,0.01511153654713496,4.2685969657114114e-07,0.07310650822818913,8.0
S4_MODEL,CONTROL,T5_HUMAN_K0,C,C,0.850955026780166,0.6817704957799907,0.9637525789309203,8.0
S4_MODEL,CONTROL,T5_HUMAN_K0,C,E,0.08329108646217866,0.009081749923692832,0.2178620343246128,8.0
S4_MODEL,CONTROL,T5_HUMAN_K0,C,R,0.050769213957029026,0.0016094830653490422,0.15811097900624813,8.0
S4_MODEL,CONTROL,T5_HUMAN_K0,C,H,0.01498467280062634,2.672506425375858e-07,0.0728479586766183,8.0
S4_MODEL,CONTROL,T5_HUMAN_K1,C,C,0.852489890304694,0.6857565301203185,0.9644990299368107,8.0
S4_MODEL,CONTROL,T5_HUMAN_K1,C,E,0.08255669809244917,0.00822533191492842,0.21349716443936215,8.0
S4_MODEL,CONTROL,T5_HUMAN_K1,C,R,0.04978690022689386,0.0014362010594517703,0.1597525531278303,8.0
S4_MODEL,CONTROL,T5_HUMAN_K1,C,H,0.015166511375963048,4.141516834855395e-07,0.07274850518004176,8.0
S4_MODEL,CONTROL,T5_HUMAN_K2,C,C,0.8530501247853294,0.6893769400762335,0.965538132128577,8.0
S4_MODEL,CONTROL,T5_HUMAN_K2,C,E,0.08105552338353018,0.008345323123703367,0.21106337521900234,8.0
S4_MODEL,CONTROL,T5_HUMAN_K2,C,R,0.05063842934046286,0.0015089796967044673,0.15517355374028322,8.0
S4_MODEL,CONTROL,T5_HUMAN_K2,C,H,0.015255922490677674,2.652794345658917e-07,0.07317189208570744,8.0
S4_MODEL,CONTROL,T5_HUMAN_K3,C,C,0.8531995029238599,0.6938769941364717,0.9646550921324043,8.0
S4_MODEL,CONTROL,T5_HUMAN_K3,C,E,0.08174809933107165,0.007553533203569111,0.2091538756637371,8.0
S4_MODEL,CONTROL,T5_HUMAN_K3,C,R,0.04955790719228965,0.0014830162036389076,0.15275187310022628,8.0
S4_MODEL,CONTROL,T5_HUMAN_K3,C,H,0.015494490552778878,2.2150143712733e-07,0.07470809699074944,8.0
S4_MODEL,F1_DATA,T1_LINEAR,C,C,0.5750112583712315,0.41410762763389375,0.7296912882246985,16.0
S4_MODEL,F1_DATA,T1_LINEAR,C,E,0.38222119792863424,0.23003928814051486,0.5423881489183068,16.0
S4_MODEL,F1_DATA,T1_LINEAR,C,R,0.03249682558807743,0.000963103798072616,0.1010656015353183,16.0
S4_MODEL,F1_DATA,T1_LINEAR,C,H,0.010270718112056926,1.986423613630285e-07,0.049970340001195296,16.0
S4_MODEL,F1_DATA,T1_LINEAR,E,C,0.015278396150142917,2.3004558365095842e-07,0.07679612312779406,7.999999999999998
S4_MODEL,F1_DATA,T1_LINEAR,E,E,0.8673311821963763,0.7176224278592571,0.9711130949155468,7.999999999999998
S4_MODEL,F1_DATA,T1_LINEAR,E,R,0.10162136391145217,0.016309171892154046,0.23617937708605388,7.999999999999998
S4_MODEL,F1_DATA,T1_LINEAR,E,H,0.015769057742028653,2.4109304389531237e-07,0.0788585912273025,7.999999999999998
S4_MODEL,F1_DATA,T2_VALIDATOR,C,C,0.5706428018409365,0.4033994489559078,0.7300147144061803,16.0
S4_MODEL,F1_DATA,T2_VALIDATOR,C,E,0.09620447168815592,0.0226525572349554,0.2065252806648027,16.0
S4_MODEL,F1_DATA,T2_VALIDATOR,C,R,0.32277711942874665,0.17750203161115535,0.4816238648595532,16.0
S4_MODEL,F1_DATA,T2_VALIDATOR,C,H,0.010375607042160883,2.0284918342243346e-07,0.04877744471473931,16.0
S4_MODEL,F1_DATA,T2_VALIDATOR,R,C,0.016306737866141074,4.106011289524179e-07,0.07899223351069787,8.0
S4_MODEL,F1_DATA,T2_VALIDATOR,R,E,0.014652494365698444,2.3594855289159586e-07,0.07303390624867662,8.0
S4_MODEL,F1_DATA,T2_VALIDATOR,R,R,0.9536850651047409,0.8508890790170018,0.9989879043148397,8.0
S4_MODEL,F1_DATA,T2_VALIDATOR,R,H,0.015355702663419634,2.947298135377568e-07,0.07624580934349766,8.0
S4_MODEL,F1_DATA,T3_SUPERVISOR,C,C,0.5668269439180427,0.4027811442898514,0.7293143001087333,16.0
S4_MODEL,F1_DATA,T3_SUPERVISOR,C,E,0.05573901124197371,0.005766471862651641,0.14543461995426762,16.0
S4_MODEL,F1_DATA,T3_SUPERVISOR,C,R,0.36648139479681824,0.21468509613561318,0.5344578388655972,16.0
S4_MODEL,F1_DATA,T3_SUPERVISOR,C,H,0.010952650043165512,1.707759850210923e-07,0.052807870861123506,16.0
S4_MODEL,F1_DATA,T3_SUPERVISOR,R,C,0.015564222079858197,2.543240325846624e-07,0.07672242755531093,8.0
S4_MODEL,F1_DATA,T3_SUPERVISOR,R,E,0.015349738411501236,4.4691300384621684e-07,0.07464758397027275,8.0
S4_MODEL,F1_DATA,T3_SUPERVISOR,R,R,0.9544136427425588,0.8505056712708764,0.9989288719988092,8.0
S4_MODEL,F1_DATA,T3_SUPERVISOR,R,H,0.01467239676608187,1.999552879971314e-07,0.07301810258291479,8.0
S4_MODEL,F1_DATA,T4_CRITIC,C,C,0.5690039548855663,0.40670933681353827,0.728330527041495,16.0
S4_MODEL,F1_DATA,T4_CRITIC,C,E,0.055085591962963025,0.005692925676201194,0.14671288751426492,16.0
S4_MODEL,F1_DATA,T4_CRITIC,C,R,0.366165326228443,0.21620547389085715,0.5296423238098467,16.0
S4_MODEL,F1_DATA,T4_CRITIC,C,H,0.009745126923027562,2.2112359258994573e-07,0.04846702845297181,16.0
S4_MODEL,F1_DATA,T4_CRITIC,E,C,0.024358805547453278,3.262037406210899e-07,0.12173347549050931,2.0000000000000018
S4_MODEL,F1_DATA,T4_CRITIC,E,E,0.5999963399355817,0.3451682542580947,0.8299607016924073,2.0000000000000018
S4_MODEL,F1_DATA,T4_CRITIC,E,R,0.3531315261970896,0.13013949647275164,0.5968606268584874,2.0000000000000018
S4_MODEL,F1_DATA,T4_CRITIC,E,H,0.022513328319875472,3.7386177317343266e-07,0.10793364895399447,2.0000000000000018
S4_MODEL,F1_DATA,T4_CRITIC,R,C,0.018506001189471048,2.7554365486399765e-07,0.08982127937541393,6.0
S4_MODEL,F1_DATA,T4_CRITIC,R,E,0.01825549690228459,6.540514247920354e-07,0.09334034278162781,6.0
S4_MODEL,F1_DATA,T4_CRITIC,R,R,0.9458570664001953,0.8211480618727204,0.9987409116083286,6.0
S4_MODEL,F1_DATA,T4_CRITIC,R,H,0.01738143550804901,2.1270732206375376e-07,0.08290302832577476,6.0
S4_MODEL,F1_DATA,T5_HUMAN_K0,C,C,0.5725615571848912,0.408780355083209,0.7297171603972963,16.0
S4_MODEL,F1_DATA,T5_HUMAN_K0,C,E,0.38556794324086857,0.23050702303018966,0.5494673893305076,16.0
S4_MODEL,F1_DATA,T5_HUMAN_K0,C,R,0.032029544202224716,0.0008752912117906188,0.10289709059059488,16.0
S4_MODEL,F1_DATA,T5_HUMAN_K0,C,H,0.009840955372015488,1.6329898136970248e-07,0.04769969982636452,16.0
S4_MODEL,F1_DATA,T5_HUMAN_K0,E,C,0.014910118253644822,1.5549350195033946e-07,0.07466715277461743,7.999999999999998
S4_MODEL,F1_DATA,T5_HUMAN_K0,E,E,0.8671723204559805,0.720879383242744,0.9704526878864127,7.999999999999998
S4_MODEL,F1_DATA,T5_HUMAN_K0,E,R,0.1029753370927464,0.01572289856606306,0.2390174450092048,7.999999999999998
S4_MODEL,F1_DATA,T5_HUMAN_K0,E,H,0.014942224197628253,3.0299454977612493e-07,0.07234722924129351,7.999999999999998
S4_MODEL,F1_DATA,T5_HUMAN_K1,C,C,0.5723727841452277,0.4082956021552644,0.7301137248402296,16.0
S4_MODEL,F1_DATA,T5_HUMAN_K1,C,E,0.3843699725430209,0.23042767362617445,0.5501392427706273,16.0
S4_MODEL,F1_DATA,T5_HUMAN_K1,C,R,0.03287376217900713,0.0008986779761408507,0.10220248849915026,16.0
S4_MODEL,F1_DATA,T5_HUMAN_K1,C,H,0.01038348113274416,2.1519356832247686e-07,0.04970158903681935,16.0
S4_MODEL,F1_DATA,T5_HUMAN_K1,E,C,0.01766000487832298,2.5275853666784104e-07,0.08282529623011317,6.0
S4_MODEL,F1_DATA,T5_HUMAN_K1,E,E,0.8465999398849305,0.676158183613556,0.9659441864341864,6.0
S4_MODEL,F1_DATA,T5_HUMAN_K1,E,R,0.11897970468699845,0.018165519729872105,0.278490124142774,6.0
S4_MODEL,F1_DATA,T5_HUMAN_K1,E,H,0.01676035054974799,2.2477563055892873e-07,0.07903713175332869,6.0
S4_MODEL,F1_DATA,T5_HUMAN_K1,R,C,0.02260628819592453,4.351700344235119e-07,0.10916836826520247,2.0
S4_MODEL,F1_DATA,T5_HUMAN_K1,R,E,0.023519620902622353,5.169090179005654e-07,0.11723861701101487,2.0
S4_MODEL,F1_DATA,T5_HUMAN_K1,R,R,0.9305802632226863,0.7795615402239382,0.9982106978556494,2.0
S4_MODEL,F1_DATA,T5_HUMAN_K1,R,H,0.023293827678766803,3.8785676651540393e-07,0.11326086860099326,2.0
S4_MODEL,F1_DATA,T5_HUMAN_K2,C,C,0.5731706089585589,0.4061229327676619,0.7322752003855988,16.0
S4_MODEL,F1_DATA,T5_HUMAN_K2,C,E,0.3425829256464075,0.19325960612870263,0.5083003516573897,16.0
S4_MODEL,F1_DATA,T5_HUMAN_K2,C,R,0.07357634816562118,0.012546393414288499,0.17361122979165375,16.0
S4_MODEL,F1_DATA,T5_HUMAN_K2,C,H,0.010670117229412367,1.8183343353496983e-07,0.0505459912453736,16.0
S4_MODEL,F1_DATA,T5_HUMAN_K2,R,C,0.015794442243296836,3.8692579759856423e-07,0.07504567203706143,8.0
S4_MODEL,F1_DATA,T5_HUMAN_K2,R,E,0.014478404823860076,2.6301439338395037e-07,0.06867140800934647,8.0
S4_MODEL,F1_DATA,T5_HUMAN_K2,R,R,0.9546791949270095,0.8526665362317476,0.9989111801695174,8.0
S4_MODEL,F1_DATA,T5_HUMAN_K2,R,H,0.015047958005833622,3.294165039090344e-07,0.07475342059649978,8.0
S4_MODEL,F1_DATA,T5_HUMAN_K3,C,C,0.5691178176846652,0.40509855001798206,0.7289653912777284,16.0
S4_MODEL,F1_DATA,T5_HUMAN_K3,C,E,0.0562171473927485,0.006387831747642807,0.14639395751763365,16.0
S4_MODEL,F1_DATA,T5_HUMAN_K3,C,R,0.36383843091885,0.21175177066478967,0.528562578458182,16.0
S4_MODEL,F1_DATA,T5_HUMAN_K3,C,H,0.010826604003736239,1.6566760950141628e-07,0.05276641347707343,16.0
S4_MODEL,F1_DATA,T5_HUMAN_K3,R,C,0.014737191180701941,3.115315593731065e-07,0.07074723865089545,8.0
S4_MODEL,F1_DATA,T5_HUMAN_K3,R,E,0.014659089864725942,3.247165602901621e-07,0.07095603274086934,8.0
S4_MODEL,F1_DATA,T5_HUMAN_K3,R,R,0.95558354673095,0.8588951994786259,0.9989187318381592,8.0
S4_MODEL,F1_DATA,T5_HUMAN_K3,R,H,0.015020172223622189,1.6677201307267977e-07,0.07262567547367592,8.0
S4_MODEL,F2_SEMANTIC,T1_LINEAR,E,C,0.015521104850176642,2.2778552275796276e-07,0.0775762311957411,8.000000000000002
S4_MODEL,F2_SEMANTIC,T1_LINEAR,E,E,0.804204629629895,0.6353267703053914,0.9378196394824881,8.000000000000002
S4_MODEL,F2_SEMANTIC,T1_LINEAR,E,R,0.16513461985379718,0.04407172627792405,0.33141231610366184,8.000000000000002
S4_MODEL,F2_SEMANTIC,T1_LINEAR,E,H,0.015139645666131135,1.661416500883471e-07,0.07145453135307238,8.000000000000002
S4_MODEL,F2_SEMANTIC,T2_VALIDATOR,R,C,0.015460318465758799,2.7054303954945794e-07,0.07442294740319316,8.0
S4_MODEL,F2_SEMANTIC,T2_VALIDATOR,R,E,0.01550009364259575,2.909970197518398e-07,0.07359837848199281,8.0
S4_MODEL,F2_SEMANTIC,T2_VALIDATOR,R,R,0.9542983666100087,0.8552814221442554,0.9990432591495209,8.0
S4_MODEL,F2_SEMANTIC,T2_VALIDATOR,R,H,0.014741221281636812,1.6001725843947027e-07,0.07010844069362954,8.0
S4_MODEL,F2_SEMANTIC,T3_SUPERVISOR,E,C,0.026053470679385626,3.7897421659094345e-07,0.12328350601169334,1.0
S4_MODEL,F2_SEMANTIC,T3_SUPERVISOR,E,E,0.7670889164836747,0.5227559976859266,0.9449368949633292,1.0
S4_MODEL,F2_SEMANTIC,T3_SUPERVISOR,E,R,0.18053562259740202,0.030237356000132578,0.40748715431540894,1.0
S4_MODEL,F2_SEMANTIC,T3_SUPERVISOR,E,H,0.026321990239537824,3.8159527696767044e-07,0.12995043337697304,1.0
S4_MODEL,F2_SEMANTIC,T3_SUPERVISOR,R,C,0.015039748717759224,2.4305117043711326e-07,0.0728081154753275,7.0
S4_MODEL,F2_SEMANTIC,T3_SUPERVISOR,R,E,0.015831801496239677,3.1069362301041734e-07,0.0778216505705036,7.0
S4_MODEL,F2_SEMANTIC,T3_SUPERVISOR,R,R,0.9524224764080472,0.8433804452116327,0.9988747949545845,7.0
S4_MODEL,F2_SEMANTIC,T3_SUPERVISOR,R,H,0.016705973377953907,2.3050038256410577e-07,0.07857735960189444,7.0
S4_MODEL,F2_SEMANTIC,T4_CRITIC,E,C,0.018028310609955814,3.5835288289030246e-07,0.0864326448296961,5.000000000000002
S4_MODEL,F2_SEMANTIC,T4_CRITIC,E,E,0.53868560207488,0.3205234519540788,0.756285333721314,5.000000000000002
S4_MODEL,F2_SEMANTIC,T4_CRITIC,E,R,0.42522274491823187,0.20849377786609335,0.6500567417739083,5.000000000000002
S4_MODEL,F2_SEMANTIC,T4_CRITIC,E,H,0.018063342396932244,2.934715569519153e-07,0.08726191936143142,5.000000000000002
S4_MODEL,F2_SEMANTIC,T4_CRITIC,R,C,0.021415701645659545,3.2020221692046193e-07,0.10024281683997689,3.0
S4_MODEL,F2_SEMANTIC,T4_CRITIC,R,E,0.022384564679282563,4.699397076748985e-07,0.1131706187014235,3.0
S4_MODEL,F2_SEMANTIC,T4_CRITIC,R,R,0.9346440215900751,0.7872763859018054,0.9981850932612673,3.0
S4_MODEL,F2_SEMANTIC,T4_CRITIC,R,H,0.021555712084982845,4.4691931607142387e-07,0.1065666678327383,3.0
S4_MODEL,F2_SEMANTIC,T5_HUMAN_K0,E,C,0.014640038363597068,3.025692919879678e-07,0.07052612787387391,7.999999999999998
S4_MODEL,F2_SEMANTIC,T5_HUMAN_K0,E,E,0.8652582906529434,0.7071170769203089,0.9706787222473944,7.999999999999998
S4_MODEL,F2_SEMANTIC,T5_HUMAN_K0,E,R,0.1041656533152644,0.015750083350478405,0.24844381203195695,7.999999999999998
S4_MODEL,F2_SEMANTIC,T5_HUMAN_K0,E,H,0.015936017668195104,2.6688813088884553e-07,0.07390928372409218,7.999999999999998
S4_MODEL,F2_SEMANTIC,T5_HUMAN_K1,E,C,0.015918797653603725,4.956578125621471e-07,0.0738636955855224,7.0
S4_MODEL,F2_SEMANTIC,T5_HUMAN_K1,E,E,0.8602424586029596,0.6989379168789812,0.9701246310135342,7.0
S4_MODEL,F2_SEMANTIC,T5_HUMAN_K1,E,R,0.10840084344057237,0.01599576605777221,0.2570573417960548,7.0
S4_MODEL,F2_SEMANTIC,T5_HUMAN_K1,E,H,0.015437900302864342,2.3043962644270324e-07,0.07196893981528045,7.0
S4_MODEL,F2_SEMANTIC,T5_HUMAN_K1,R,C,0.025788753276116804,3.851814212517366e-07,0.1266099437237248,1.0
S4_MODEL,F2_SEMANTIC,T5_HUMAN_K1,R,E,0.026779945195839976,5.01253891116102e-07,0.13055501212175993,1.0
S4_MODEL,F2_SEMANTIC,T5_HUMAN_K1,R,R,0.919913476875734,0.7485250185104372,0.9982582287733137,1.0
S4_MODEL,F2_SEMANTIC,T5_HUMAN_K1,R,H,0.027517824652309224,5.143818257108049e-07,0.13564690746691363,1.0
S4_MODEL,F2_SEMANTIC,T5_HUMAN_K2,R,C,0.013950930446755308,1.5884717850631448e-07,0.06872772432661214,8.0
S4_MODEL,F2_SEMANTIC,T5_HUMAN_K2,R,E,0.015277340127919667,2.124333074694506e-07,0.07251826028366247,8.0
S4_MODEL,F2_SEMANTIC,T5_HUMAN_K2,R,R,0.9559220131300487,0.8533497067854432,0.9987636086591942,8.0
S4_MODEL,F2_SEMANTIC,T5_HUMAN_K2,R,H,0.014849716295276344,2.8348897661395574e-07,0.07002111525336213,8.0
S4_MODEL,F2_SEMANTIC,T5_HUMAN_K3,E,C,0.027008451826549425,4.1146748204549963e-07,0.1351649809212686,1.0000000000000018
S4_MODEL,F2_SEMANTIC,T5_HUMAN_K3,E,E,0.6611987890136024,0.3975255984700061,0.8768888698671574,1.0000000000000018
S4_MODEL,F2_SEMANTIC,T5_HUMAN_K3,E,R,0.2844392310021424,0.08083631970755797,0.5398685612144822,1.0000000000000018
S4_MODEL,F2_SEMANTIC,T5_HUMAN_K3,E,H,0.02735352815770567,4.3679418359000923e-07,0.13213757309959837,1.0000000000000018
S4_MODEL,F2_SEMANTIC,T5_HUMAN_K3,R,C,0.016020790166550985,2.8830966870835627e-07,0.07739208180111953,7.0
S4_MODEL,F2_SEMANTIC,T5_HUMAN_K3,R,E,0.016261617933469957,4.794683002245044e-07,0.07789325657591648,7.0
S4_MODEL,F2_SEMANTIC,T5_HUMAN_K3,R,R,0.950569324206665,0.8432712102256771,0.998748608857446,7.0
S4_MODEL,F2_SEMANTIC,T5_HUMAN_K3,R,H,0.017148267693314102,3.141534685101287e-07,0.08506143756714693,7.0
S4_MODEL,F3_TOOL,T1_LINEAR,C,C,0.6766923113247365,0.5394791555021122,0.8039522913776358,24.000000000000004
S4_MODEL,F3_TOOL,T1_LINEAR,C,E,0.29075585854149766,0.16993312518170903,0.42415945148520523,24.000000000000004
S4_MODEL,F3_TOOL,T1_LINEAR,C,R,0.024716162714800597,0.0006863360873644725,0.08101612781364646,24.000000000000004
S4_MODEL,F3_TOOL,T1_LINEAR,C,H,0.007835667418965292,1.6488308150225042e-07,0.03898849119841561,24.000000000000004
S4_MODEL,F3_TOOL,T1_LINEAR,E,C,0.015257741590823248,2.923134353809589e-07,0.07327869728433808,7.999999999999998
S4_MODEL,F3_TOOL,T1_LINEAR,E,E,0.8685565708295653,0.7196092641475218,0.9705130907195804,7.999999999999998
S4_MODEL,F3_TOOL,T1_LINEAR,E,R,0.10073307089045781,0.016645135031356072,0.23658227061800027,7.999999999999998
S4_MODEL,F3_TOOL,T1_LINEAR,E,H,0.015452616689153651,2.0219615585187983e-07,0.07748417897639183,7.999999999999998
S4_MODEL,F3_TOOL,T2_VALIDATOR,C,C,0.6764207633694853,0.5360411280656477,0.8051911406513685,24.000000000000004
S4_MODEL,F3_TOOL,T2_VALIDATOR,C,E,0.04180481037761737,0.00405150880233213,0.1108162713119754,24.000000000000004
S4_MODEL,F3_TOOL,T2_VALIDATOR,C,R,0.2738136050686871,0.15418005749299107,0.4101370578559579,24.000000000000004
S4_MODEL,F3_TOOL,T2_VALIDATOR,C,H,0.007960821184210161,1.8966989524817313e-07,0.039716554402065486,24.000000000000004
S4_MODEL,F3_TOOL,T2_VALIDATOR,E,C,0.022821613733077454,3.641533006510181e-07,0.1106822544819893,3.0000000000000018
S4_MODEL,F3_TOOL,T2_VALIDATOR,E,E,0.5479967541009503,0.31683238636099126,0.7729911965800446,3.0000000000000018
S4_MODEL,F3_TOOL,T2_VALIDATOR,E,R,0.40875907122539096,0.1924899446162819,0.6438547740338121,3.0000000000000018
S4_MODEL,F3_TOOL,T2_VALIDATOR,E,H,0.020422560940581338,3.030697473634459e-07,0.09773016278848509,3.0000000000000018
S4_MODEL,F3_TOOL,T2_VALIDATOR,R,C,0.01735969952846977,3.6187416248976335e-07,0.08205911535100238,5.0
S4_MODEL,F3_TOOL,T2_VALIDATOR,R,E,0.017362871183410986,3.891300634179488e-07,0.08389148372402547,5.0
S4_MODEL,F3_TOOL,T2_VALIDATOR,R,R,0.9479113486810407,0.8282049911545369,0.9988204264469819,5.0
S4_MODEL,F3_TOOL,T2_VALIDATOR,R,H,0.017366080607078508,4.7359449580564686e-07,0.08507236094103163,5.0
S4_MODEL,F3_TOOL,T3_SUPERVISOR,C,C,0.6771987088573814,0.5392062644435891,0.8054598960254683,24.000000000000004
S4_MODEL,F3_TOOL,T3_SUPERVISOR,C,E,0.07395584848052285,0.017604374560786926,0.16041916467761716,24.000000000000004
S4_MODEL,F3_TOOL,T3_SUPERVISOR,C,R,0.24114277228582875,0.1293493752124715,0.36719916612136866,24.000000000000004
S4_MODEL,F3_TOOL,T3_SUPERVISOR,C,H,0.007702670376266981,1.5511474998384612e-07,0.03690532392897985,24.000000000000004
S4_MODEL,F3_TOOL,T3_SUPERVISOR,E,C,0.02565416713878062,5.583924997541624e-07,0.11980861204712719,1.0000000000000018
S4_MODEL,F3_TOOL,T3_SUPERVISOR,E,E,0.6653750735643997,0.40594326574956574,0.8789603551565052,1.0000000000000018
S4_MODEL,F3_TOOL,T3_SUPERVISOR,E,R,0.2828956942067761,0.08542508635479193,0.5345396467695682,1.0000000000000018
S4_MODEL,F3_TOOL,T3_SUPERVISOR,E,H,0.026075065090043488,5.631691973600496e-07,0.13257944612482056,1.0000000000000018
S4_MODEL,F3_TOOL,T3_SUPERVISOR,R,C,0.01686374771951639,2.249913259129421e-07,0.08211884849971733,7.0
S4_MODEL,F3_TOOL,T3_SUPERVISOR,R,E,0.01623486458272613,4.808367405832273e-07,0.07966569541008454,7.0
S4_MODEL,F3_TOOL,T3_SUPERVISOR,R,R,0.951377233367916,0.8423482517944111,0.9988765874207572,7.0
S4_MODEL,F3_TOOL,T3_SUPERVISOR,R,H,0.015524154329841342,3.836014478658886e-07,0.07574959046298925,7.0
S4_MODEL,F3_TOOL,T4_CRITIC,C,C,0.6782827392773667,0.5399082836266224,0.8047022504663865,24.000000000000004
S4_MODEL,F3_TOOL,T4_CRITIC,C,E,0.04087082466035585,0.004291374012921467,0.10646204177588228,24.000000000000004
S4_MODEL,F3_TOOL,T4_CRITIC,C,R,0.2735167984305794,0.1532094686740798,0.4067617025746916,24.000000000000004
S4_MODEL,F3_TOOL,T4_CRITIC,C,H,0.007329637631698086,1.2441933053251768e-07,0.03536193813517005,24.000000000000004
S4_MODEL,F3_TOOL,T4_CRITIC,E,C,0.016217703797356747,3.2126637068894497e-07,0.08436247368953421,7.000000000000002
S4_MODEL,F3_TOOL,T4_CRITIC,E,E,0.4022940751779607,0.20971130212531924,0.6097128468064277,7.000000000000002
S4_MODEL,F3_TOOL,T4_CRITIC,E,R,0.5650890319619661,0.35439031541164034,0.7599318575464074,7.000000000000002
S4_MODEL,F3_TOOL,T4_CRITIC,E,H,0.01639918906271628,1.1893749479415158e-07,0.08027468566298022,7.000000000000002
S4_MODEL,F3_TOOL,T4_CRITIC,R,C,0.02482502098187571,5.600830518988328e-07,0.11673265145521058,1.0
S4_MODEL,F3_TOOL,T4_CRITIC,R,E,0.025772722247153795,3.37052215486802e-07,0.12503215659661798,1.0
S4_MODEL,F3_TOOL,T4_CRITIC,R,R,0.9236004622039958,0.7660933723775811,0.9979644870449774,1.0
S4_MODEL,F3_TOOL,T4_CRITIC,R,H,0.02580179456697477,4.684627206135892e-07,0.12179726146274919,1.0
S4_MODEL,F3_TOOL,T5_HUMAN_K0,C,C,0.6773169423959757,0.5381419079056065,0.8041083374091997,24.000000000000004
S4_MODEL,F3_TOOL,T5_HUMAN_K0,C,E,0.28945770133775,0.16708062957402925,0.4252247952080717,24.000000000000004
S4_MODEL,F3_TOOL,T5_HUMAN_K0,C,R,0.025098599188290844,0.0007086403439494373,0.07857753749199387,24.000000000000004
S4_MODEL,F3_TOOL,T5_HUMAN_K0,C,H,0.008126757077983484,1.6192342552445005e-07,0.03878242544236504,24.000000000000004
S4_MODEL,F3_TOOL,T5_HUMAN_K0,E,C,0.014852034095858876,2.7131067194316776e-07,0.07099723452884084,7.999999999999998
S4_MODEL,F3_TOOL,T5_HUMAN_K0,E,E,0.8660147268487897,0.7088020039891146,0.9712509321565517,7.999999999999998
S4_MODEL,F3_TOOL,T5_HUMAN_K0,E,R,0.1037851860074377,0.01654403035097115,0.24943140003425068,7.999999999999998
S4_MODEL,F3_TOOL,T5_HUMAN_K0,E,H,0.015348053047913838,3.098568309129839e-07,0.07212760448784802,7.999999999999998
S4_MODEL,F3_TOOL,T5_HUMAN_K1,C,C,0.6789656082740445,0.5405512356874667,0.8054627443567696,24.000000000000004
S4_MODEL,F3_TOOL,T5_HUMAN_K1,C,E,0.2879585590203996,0.1667687398331132,0.4245140688153138,24.000000000000004
S4_MODEL,F3_TOOL,T5_HUMAN_K1,C,R,0.024950641507760756,0.0005880719381145072,0.08075027978645749,24.000000000000004
S4_MODEL,F3_TOOL,T5_HUMAN_K1,C,H,0.008125191197795194,1.0536812120382144e-07,0.03941197267520426,24.000000000000004
S4_MODEL,F3_TOOL,T5_HUMAN_K1,E,C,0.01562501981693261,2.2696635083400838e-07,0.07397532913338695,7.999999999999998
S4_MODEL,F3_TOOL,T5_HUMAN_K1,E,E,0.8648632038403565,0.7112885725254037,0.9717650458286942,7.999999999999998
S4_MODEL,F3_TOOL,T5_HUMAN_K1,E,R,0.10477936365702001,0.015671644506757565,0.2494218838375181,7.999999999999998
S4_MODEL,F3_TOOL,T5_HUMAN_K1,E,H,0.014732412685690904,1.7918617833207451e-07,0.06946781875708755,7.999999999999998
S4_MODEL,F3_TOOL,T5_HUMAN_K2,C,C,0.678532249585188,0.5400479778177387,0.8028910202236502,24.000000000000004
S4_MODEL,F3_TOOL,T5_HUMAN_K2,C,E,0.2885629680718845,0.16509984952011608,0.4247189125771132,24.000000000000004
S4_MODEL,F3_TOOL,T5_HUMAN_K2,C,R,0.025489755810569014,0.0008178281581258749,0.08000335596690539,24.000000000000004
S4_MODEL,F3_TOOL,T5_HUMAN_K2,C,H,0.0074150265323585035,7.417071192290633e-08,0.035399514449248395,24.000000000000004
S4_MODEL,F3_TOOL,T5_HUMAN_K2,E,C,0.015368058082730986,2.784223039131414e-07,0.07434349342467851,7.999999999999998
S4_MODEL,F3_TOOL,T5_HUMAN_K2,E,E,0.8653391727325815,0.703923910924195,0.9704053653388724,7.999999999999998
S4_MODEL,F3_TOOL,T5_HUMAN_K2,E,R,0.10377537962044442,0.015301709263167351,0.24773582031613045,7.999999999999998
S4_MODEL,F3_TOOL,T5_HUMAN_K2,E,H,0.015517389564243006,2.75491972766057e-07,0.08057564649259154,7.999999999999998
S4_MODEL,F3_TOOL,T5_HUMAN_K3,C,C,0.6758701120429789,0.5373056119441391,0.8032359516017287,24.000000000000004
S4_MODEL,F3_TOOL,T5_HUMAN_K3,C,E,0.0420650042590394,0.004028185074715725,0.11160354714785675,24.000000000000004
S4_MODEL,F3_TOOL,T5_HUMAN_K3,C,R,0.27466782062743766,0.15492066350545217,0.40669571868018717,24.000000000000004
S4_MODEL,F3_TOOL,T5_HUMAN_K3,C,H,0.0073970630705439775,1.1680471829766795e-07,0.035171035594632326,24.000000000000004
S4_MODEL,F3_TOOL,T5_HUMAN_K3,E,C,0.015409921097001664,4.75710899959794e-07,0.07762238784169605,8.000000000000002
S4_MODEL,F3_TOOL,T5_HUMAN_K3,E,E,0.37826485031745816,0.1983859163733958,0.5708328633689363,8.000000000000002
S4_MODEL,F3_TOOL,T5_HUMAN_K3,E,R,0.5911892772528085,0.3913981415519103,0.7783491566471604,8.000000000000002
S4_MODEL,F3_TOOL,T5_HUMAN_K3,E,H,0.015135951332731764,3.3322173370683306e-07,0.07436009545403059,8.000000000000002
S4_MODEL,F4_REASONING,T1_LINEAR,C,C,0.8516975300131375,0.6917857496177273,0.9628550230145427,8.0
S4_MODEL,F4_REASONING,T1_LINEAR,C,E,0.08255758572995521,0.009252228449153639,0.21304280110045026,8.0
S4_MODEL,F4_REASONING,T1_LINEAR,C,R,0.05007500816604877,0.001513146530816486,0.15425417849101078,8.0
S4_MODEL,F4_REASONING,T1_LINEAR,C,H,0.015669876090858417,2.841208765386884e-07,0.07753048259845405,8.0
S4_MODEL,F4_REASONING,T2_VALIDATOR,C,C,0.8514680467541509,0.6868430646875359,0.9627031136749119,8.0
S4_MODEL,F4_REASONING,T2_VALIDATOR,C,E,0.08326361201435495,0.008591602178939806,0.21529070053700683,8.0
S4_MODEL,F4_REASONING,T2_VALIDATOR,C,R,0.05016954895601488,0.0016155701021017483,0.15900328403724884,8.0
S4_MODEL,F4_REASONING,T2_VALIDATOR,C,H,0.015098792275479216,2.7235572032819046e-07,0.07181394630038347,8.0
S4_MODEL,F4_REASONING,T3_SUPERVISOR,C,C,0.8517507609520281,0.6866622185714057,0.9657998961173223,8.0
S4_MODEL,F4_REASONING,T3_SUPERVISOR,C,E,0.08322911197368632,0.008914182626174346,0.2159222729549584,8.0
S4_MODEL,F4_REASONING,T3_SUPERVISOR,C,R,0.0497391924437671,0.0014239536557319134,0.16114135338423824,8.0
S4_MODEL,F4_REASONING,T3_SUPERVISOR,C,H,0.015280934630518552,3.677736928889628e-07,0.07215097720690322,8.0
S4_MODEL,F4_REASONING,T4_CRITIC,C,C,0.8536195726645107,0.6885325122581731,0.9645317019211456,8.0
S4_MODEL,F4_REASONING,T4_CRITIC,C,E,0.08234868446089608,0.009067397167568048,0.21552168655213433,8.0
S4_MODEL,F4_REASONING,T4_CRITIC,C,R,0.04852899419841487,0.0013023207998180822,0.15380073707374825,8.0
S4_MODEL,F4_REASONING,T4_CRITIC,C,H,0.015502748676178332,2.0068843374475971e-07,0.07573334657504253,8.0
S4_MODEL,F4_REASONING,T5_HUMAN_K0,C,C,0.8518486068755972,0.6856787840676883,0.9639068587057584,8.0
S4_MODEL,F4_REASONING,T5_HUMAN_K0,C,E,0.08254023262315507,0.008486703736264381,0.2180698364555578,8.0
S4_MODEL,F4_REASONING,T5_HUMAN_K0,C,R,0.0491271579767827,0.0016706223757999568,0.15111882440511448,8.0
S4_MODEL,F4_REASONING,T5_HUMAN_K0,C,H,0.01648400252446503,3.235649050807356e-07,0.07997778286911958,8.0
S4_MODEL,F4_REASONING,T5_HUMAN_K1,C,C,0.8538544670871085,0.6985683308884466,0.9633724586986154,8.0
S4_MODEL,F4_REASONING,T5_HUMAN_K1,C,E,0.08045062687834534,0.008130592000876636,0.21175835918802305,8.0
S4_MODEL,F4_REASONING,T5_HUMAN_K1,C,R,0.05063852282213396,0.0012990741391258579,0.15799951418587935,8.0
S4_MODEL,F4_REASONING,T5_HUMAN_K1,C,H,0.015056383212412058,3.4977897053568505e-07,0.07119933299959225,8.0
S4_MODEL,F4_REASONING,T5_HUMAN_K2,C,C,0.8539814309213639,0.6979758324937504,0.9653778447716255,8.0
S4_MODEL,F4_REASONING,T5_HUMAN_K2,C,E,0.08235373573670682,0.008693713375758727,0.21143578791217746,8.0
S4_MODEL,F4_REASONING,T5_HUMAN_K2,C,R,0.048753889250866864,0.0014482702432083265,0.15145439352490778,8.0
S4_MODEL,F4_REASONING,T5_HUMAN_K2,C,H,0.014910944091062469,2.81534649561532e-07,0.07180298033836673,8.0
S4_MODEL,F4_REASONING,T5_HUMAN_K3,C,C,0.8515317099380894,0.6815153940113259,0.9657781435002414,8.0
S4_MODEL,F4_REASONING,T5_HUMAN_K3,C,E,0.08391605893891252,0.008675391198793174,0.21857420293632102,8.0
S4_MODEL,F4_REASONING,T5_HUMAN_K3,C,R,0.04939423571444525,0.0014819867289530295,0.15838050265626996,8.0
S4_MODEL,F4_REASONING,T5_HUMAN_K3,C,H,0.015157995408552907,2.6080812444854666e-07,0.0747922902595067,8.0
S4_MODEL,F5_HANDOFF,T1_LINEAR,C,C,0.8533977885046111,0.6925200849977552,0.9639644762408013,8.0
S4_MODEL,F5_HANDOFF,T1_LINEAR,C,E,0.08216851033259374,0.008832488018747552,0.2143541303398387,8.0
S4_MODEL,F5_HANDOFF,T1_LINEAR,C,R,0.04921400930791928,0.0013155847788702013,0.15653407279484186,8.0
S4_MODEL,F5_HANDOFF,T1_LINEAR,C,H,0.015219691854875868,2.896413006752454e-07,0.07149397385126248,8.0
S4_MODEL,F5_HANDOFF,T2_VALIDATOR,C,C,0.8538140053160137,0.6881137623115893,0.9627826552559146,8.0
S4_MODEL,F5_HANDOFF,T2_VALIDATOR,C,E,0.08214107897488676,0.009181620902134162,0.21105474218362436,8.0
S4_MODEL,F5_HANDOFF,T2_VALIDATOR,C,R,0.04911131448697566,0.0014619191494022797,0.1527363459213213,8.0
S4_MODEL,F5_HANDOFF,T2_VALIDATOR,C,H,0.014933601222123866,2.8626472809094595e-07,0.0734005491199513,8.0
S4_MODEL,F5_HANDOFF,T3_SUPERVISOR,C,C,0.8513939660781172,0.6855422856217128,0.9615832905317685,8.0
S4_MODEL,F5_HANDOFF,T3_SUPERVISOR,C,E,0.08322852275061549,0.009441590436678644,0.21146960399603984,8.0
S4_MODEL,F5_HANDOFF,T3_SUPERVISOR,C,R,0.049417610950912814,0.0015431737354094739,0.15646727947867997,8.0
S4_MODEL,F5_HANDOFF,T3_SUPERVISOR,C,H,0.015959900220354494,5.243484117832347e-07,0.0765283761446932,8.0
S4_MODEL,F5_HANDOFF,T4_CRITIC,C,C,0.8532752590652102,0.6898807167073541,0.9639181231874066,8.0
S4_MODEL,F5_HANDOFF,T4_CRITIC,C,E,0.0815702747732374,0.008772034165586702,0.2096782991007783,8.0
S4_MODEL,F5_HANDOFF,T4_CRITIC,C,R,0.05031399355216605,0.00160923702820778,0.15590036221450906,8.0
S4_MODEL,F5_HANDOFF,T4_CRITIC,C,H,0.014840472609386318,3.5092565667222604e-07,0.07311871918464641,8.0
S4_MODEL,F5_HANDOFF,T5_HUMAN_K0,C,C,0.8532628528065953,0.6930934650965765,0.9640499790881135,8.0
S4_MODEL,F5_HANDOFF,T5_HUMAN_K0,C,E,0.08030966675222277,0.00802499993933882,0.20914214236650214,8.0
S4_MODEL,F5_HANDOFF,T5_HUMAN_K0,C,R,0.050544804385574967,0.001442222230811237,0.16335378489566663,8.0
S4_MODEL,F5_HANDOFF,T5_HUMAN_K0,C,H,0.015882676055606965,5.023726884663997e-07,0.07505928418853858,8.0
S4_MODEL,F5_HANDOFF,T5_HUMAN_K1,C,C,0.8511488899738899,0.6837927593112835,0.9653122238579456,8.0
S4_MODEL,F5_HANDOFF,T5_HUMAN_K1,C,E,0.08240913925956815,0.008539413755942258,0.21547237514020257,8.0
S4_MODEL,F5_HANDOFF,T5_HUMAN_K1,C,R,0.051381536280443965,0.0015670063503800912,0.16277906994600477,8.0
S4_MODEL,F5_HANDOFF,T5_HUMAN_K1,C,H,0.015060434486097871,2.545070509924633e-07,0.07205416336268416,8.0
S4_MODEL,F5_HANDOFF,T5_HUMAN_K2,C,C,0.8509364626723355,0.6898723390170604,0.9653386137179045,8.0
S4_MODEL,F5_HANDOFF,T5_HUMAN_K2,C,E,0.08334917162595958,0.00878814657850472,0.21472572339165455,8.0
S4_MODEL,F5_HANDOFF,T5_HUMAN_K2,C,R,0.05080171227076995,0.0013888833015928052,0.15924652572046827,8.0
S4_MODEL,F5_HANDOFF,T5_HUMAN_K2,C,H,0.014912653430935112,2.8979510228630903e-07,0.07018938710074794,8.0
S4_MODEL,F5_HANDOFF,T5_HUMAN_K3,C,C,0.8531851654326261,0.6944713070093316,0.9666243359521194,8.0
S4_MODEL,F5_HANDOFF,T5_HUMAN_K3,C,E,0.08245361614717465,0.008554331443693608,0.21134811001230966,8.0
S4_MODEL,F5_HANDOFF,T5_HUMAN_K3,C,R,0.048124148357093305,0.0014029015709618848,0.14648776113719267,8.0
S4_MODEL,F5_HANDOFF,T5_HUMAN_K3,C,H,0.016237070063105867,2.2239838134574086e-07,0.08125291540135242,8.0
S4_MODEL,F6_CONTEXT,T1_LINEAR,E,C,0.010210902593472489,1.415113760826322e-07,0.047803315100002346,15.999999999999998
S4_MODEL,F6_CONTEXT,T1_LINEAR,E,E,0.9107789718664637,0.8029828324705499,0.9803990297242251,15.999999999999998
S4_MODEL,F6_CONTEXT,T1_LINEAR,E,R,0.06854054212346872,0.010744194176210708,0.1663609870862393,15.999999999999998
S4_MODEL,F6_CONTEXT,T1_LINEAR,E,H,0.010469583416595074,1.6045185651842455e-07,0.05018638853110599,15.999999999999998
S4_MODEL,F6_CONTEXT,T2_VALIDATOR,E,C,0.02013150429556288,2.616772593656245e-07,0.09995902360462366,4.0
S4_MODEL,F6_CONTEXT,T2_VALIDATOR,E,E,0.6639836560206661,0.44113994561012515,0.8618160367172947,4.0
S4_MODEL,F6_CONTEXT,T2_VALIDATOR,E,R,0.29513443186545396,0.11101116368551464,0.514802613063061,4.0
S4_MODEL,F6_CONTEXT,T2_VALIDATOR,E,H,0.020750407818317017,5.201488205085864e-07,0.10169964729672845,4.0
S4_MODEL,F6_CONTEXT,T2_VALIDATOR,R,C,0.012172835776290325,1.7770343351634437e-07,0.058262879486819644,12.0
S4_MODEL,F6_CONTEXT,T2_VALIDATOR,R,E,0.01245449713903847,2.4258346679106193e-07,0.05997201580960178,12.0
S4_MODEL,F6_CONTEXT,T2_VALIDATOR,R,R,0.9637644200515743,0.8837219758766264,0.9990334976949754,12.0
S4_MODEL,F6_CONTEXT,T2_VALIDATOR,R,H,0.011608247033097012,2.663868884971669e-07,0.05618996478718163,12.0
S4_MODEL,F6_CONTEXT,T3_SUPERVISOR,E,C,0.024600634050976004,3.3806498498115614e-07,0.11884654161536877,2.0000000000000018
S4_MODEL,F6_CONTEXT,T3_SUPERVISOR,E,E,0.5988186912879767,0.35229309091104777,0.8269976259031351,2.0000000000000018
S4_MODEL,F6_CONTEXT,T3_SUPERVISOR,E,R,0.3527877928188366,0.13858843856421116,0.601971599178467,2.0000000000000018
S4_MODEL,F6_CONTEXT,T3_SUPERVISOR,E,H,0.023792881842210768,7.102257548676921e-07,0.11321731753383346,2.0000000000000018
S4_MODEL,F6_CONTEXT,T3_SUPERVISOR,R,C,0.01141169348328772,2.2536881917308003e-07,0.05116397299788362,14.0
S4_MODEL,F6_CONTEXT,T3_SUPERVISOR,R,E,0.01091360755088889,1.526815972094683e-07,0.053791038929352074,14.0
S4_MODEL,F6_CONTEXT,T3_SUPERVISOR,R,R,0.9666345538793085,0.8907488087402965,0.9992886021435428,14.0
S4_MODEL,F6_CONTEXT,T3_SUPERVISOR,R,H,0.011040145086514873,1.324509205764903e-07,0.05449783620956424,14.0
S4_MODEL,F6_CONTEXT,T4_CRITIC,E,C,0.013020098057279383,1.6864199264318868e-07,0.06367836545852748,10.000000000000002
S4_MODEL,F6_CONTEXT,T4_CRITIC,E,E,0.5548761948875838,0.3657622561158843,0.7372734832257599,10.000000000000002
S4_MODEL,F6_CONTEXT,T4_CRITIC,E,R,0.4183298965228833,0.23602280152684643,0.6121473685439304,10.000000000000002
S4_MODEL,F6_CONTEXT,T4_CRITIC,E,H,0.013773810532253504,2.1562313506396998e-07,0.06534483941088352,10.000000000000002
S4_MODEL,F6_CONTEXT,T4_CRITIC,R,C,0.016458474230387724,3.5433892218773865e-07,0.079765484880377,6.0
S4_MODEL,F6_CONTEXT,T4_CRITIC,R,E,0.01693783151386396,2.5985616158373815e-07,0.07965869440558623,6.0
S4_MODEL,F6_CONTEXT,T4_CRITIC,R,R,0.9501971505273156,0.8423483031073213,0.9987201456829793,6.0
S4_MODEL,F6_CONTEXT,T4_CRITIC,R,H,0.016406543728432817,4.124246869145678e-07,0.07595192131634287,6.0
S4_MODEL,F6_CONTEXT,T5_HUMAN_K0,E,C,0.010498358716418741,1.5246714413701904e-07,0.05011867333994889,14.999999999999998
S4_MODEL,F6_CONTEXT,T5_HUMAN_K0,E,E,0.9050750305125179,0.7901884760854075,0.9798460628258081,14.999999999999998
S4_MODEL,F6_CONTEXT,T5_HUMAN_K0,E,R,0.0738522747458621,0.011156268561802424,0.17976626690063532,14.999999999999998
S4_MODEL,F6_CONTEXT,T5_HUMAN_K0,E,H,0.010574336025201162,2.084850661102083e-07,0.052030892475680594,14.999999999999998
S4_MODEL,F6_CONTEXT,T5_HUMAN_K0,R,C,0.025916502819023156,5.593636917730801e-07,0.12607686330415988,1.0
S4_MODEL,F6_CONTEXT,T5_HUMAN_K0,R,E,0.02567532983943703,4.5101127024847104e-07,0.12339670538258299,1.0
S4_MODEL,F6_CONTEXT,T5_HUMAN_K0,R,R,0.9225665789051497,0.7536649166297282,0.9985206757011987,1.0
S4_MODEL,F6_CONTEXT,T5_HUMAN_K0,R,H,0.025841588436390006,3.713218030549384e-07,0.12581586068096154,1.0
S4_MODEL,F6_CONTEXT,T5_HUMAN_K1,E,C,0.01030676239785215,1.632269563322332e-07,0.047999970367887834,15.999999999999998
S4_MODEL,F6_CONTEXT,T5_HUMAN_K1,E,E,0.9086053825707914,0.7950986013354066,0.980857396212848,15.999999999999998
S4_MODEL,F6_CONTEXT,T5_HUMAN_K1,E,R,0.07070065260395966,0.01067187289124733,0.1721794335245957,15.999999999999998
S4_MODEL,F6_CONTEXT,T5_HUMAN_K1,E,H,0.010387202427396741,1.4014119030697886e-07,0.05109197674431028,15.999999999999998
S4_MODEL,F6_CONTEXT,T5_HUMAN_K2,E,C,0.01961082251630596,4.288707642150985e-07,0.09465576105575775,4.0
S4_MODEL,F6_CONTEXT,T5_HUMAN_K2,E,E,0.8254524811274674,0.6243535577217321,0.9619353230036255,4.0
S4_MODEL,F6_CONTEXT,T5_HUMAN_K2,E,R,0.1349829692139117,0.021876565577102613,0.3192223195624324,4.0
S4_MODEL,F6_CONTEXT,T5_HUMAN_K2,E,H,0.01995372714231494,3.4574011010627166e-07,0.10323726924831732,4.0
S4_MODEL,F6_CONTEXT,T5_HUMAN_K2,R,C,0.012406873893047522,2.619569451555857e-07,0.06042121738807338,12.0
S4_MODEL,F6_CONTEXT,T5_HUMAN_K2,R,E,0.011994976787711465,1.57747082640008e-07,0.06022436979538408,12.0
S4_MODEL,F6_CONTEXT,T5_HUMAN_K2,R,R,0.9637063340798226,0.8812258372721009,0.9991090006745571,12.0
S4_MODEL,F6_CONTEXT,T5_HUMAN_K2,R,H,0.011891815239418279,1.9376930206076615e-07,0.056393406918593146,12.0
S4_MODEL,F6_CONTEXT,T5_HUMAN_K3,E,C,0.016583413368778343,2.8218898024126047e-07,0.08212149205561892,6.0
S4_MODEL,F6_CONTEXT,T5_HUMAN_K3,E,E,0.5724115304843655,0.35977466338899095,0.767191109290795,6.0
S4_MODEL,F6_CONTEXT,T5_HUMAN_K3,E,R,0.3933823978917572,0.20424337683328297,0.6053814844965142,6.0
S4_MODEL,F6_CONTEXT,T5_HUMAN_K3,E,H,0.017622658255098757,3.4309228986837784e-07,0.08528217175249171,6.0
S4_MODEL,F6_CONTEXT,T5_HUMAN_K3,R,C,0.012909296038961187,1.7599387441073403e-07,0.06295215556159445,10.0
S4_MODEL,F6_CONTEXT,T5_HUMAN_K3,R,E,0.013755068064935705,2.2532424776786447e-07,0.06841385519832532,10.0
S4_MODEL,F6_CONTEXT,T5_HUMAN_K3,R,R,0.9601979549433238,0.8675207035200535,0.9991067506072276,10.0
S4_MODEL,F6_CONTEXT,T5_HUMAN_K3,R,H,0.013137680952779228,1.6864986705030683e-07,0.06392457406587312,10.0
S4_MODEL,F7_ADVERSARIAL,T1_LINEAR,E,C,0.008807468640750611,7.252117508180896e-08,0.042819036576840046,21.0
S4_MODEL,F7_ADVERSARIAL,T1_LINEAR,E,E,0.824085108333766,0.696236185032097,0.9245946599363926,21.0
S4_MODEL,F7_ADVERSARIAL,T1_LINEAR,E,R,0.15844943088816235,0.06375943642301192,0.28628360166895417,21.0
S4_MODEL,F7_ADVERSARIAL,T1_LINEAR,E,H,0.008657992137321099,1.6821063349679487e-07,0.042760053746978756,21.0
S4_MODEL,F7_ADVERSARIAL,T1_LINEAR,R,C,0.021566747504636555,2.532797100265459e-07,0.10263415450545102,3.0
S4_MODEL,F7_ADVERSARIAL,T1_LINEAR,R,E,0.02143357661185234,3.4799542460905895e-07,0.10088244764338535,3.0
S4_MODEL,F7_ADVERSARIAL,T1_LINEAR,R,R,0.9357757415563551,0.7935578595452643,0.998251750567811,3.0
S4_MODEL,F7_ADVERSARIAL,T1_LINEAR,R,H,0.021223934327155993,5.062961070915668e-07,0.10375958617602829,3.0
S4_MODEL,F7_ADVERSARIAL,T2_VALIDATOR,E,C,0.020564292129608183,5.74451880758168e-07,0.10051967666106738,4.000000000000002
S4_MODEL,F7_ADVERSARIAL,T2_VALIDATOR,E,E,0.506224218664937,0.28115188484817816,0.725853499282326,4.000000000000002
S4_MODEL,F7_ADVERSARIAL,T2_VALIDATOR,E,R,0.45342065226094697,0.23705427359839143,0.680990857569062,4.000000000000002
S4_MODEL,F7_ADVERSARIAL,T2_VALIDATOR,E,H,0.01979083694450777,4.042978030925561e-07,0.09415306829528344,4.000000000000002
S4_MODEL,F7_ADVERSARIAL,T2_VALIDATOR,R,C,0.008328110887242411,1.9820040431817413e-07,0.041244333420857184,20.0
S4_MODEL,F7_ADVERSARIAL,T2_VALIDATOR,R,E,0.008348300773297521,1.7488037666555138e-07,0.03986319520728477,20.0
S4_MODEL,F7_ADVERSARIAL,T2_VALIDATOR,R,R,0.9745398527636969,0.9174455198250936,0.9994587323901113,20.0
S4_MODEL,F7_ADVERSARIAL,T2_VALIDATOR,R,H,0.008783735575763113,1.7018729069616013e-07,0.04225652513707216,20.0
S4_MODEL,F7_ADVERSARIAL,T3_SUPERVISOR,E,C,0.019983635273289474,4.0779130437351474e-07,0.09973020038866924,4.000000000000002
S4_MODEL,F7_ADVERSARIAL,T3_SUPERVISOR,E,E,0.5034272374761288,0.277577684840542,0.7270231472178454,4.000000000000002
S4_MODEL,F7_ADVERSARIAL,T3_SUPERVISOR,E,R,0.4572045342783451,0.24171019802083393,0.682610571235333,4.000000000000002
S4_MODEL,F7_ADVERSARIAL,T3_SUPERVISOR,E,H,0.019384592972236558,4.842068894496579e-07,0.09048523226138575,4.000000000000002
S4_MODEL,F7_ADVERSARIAL,T3_SUPERVISOR,R,C,0.008604663909298052,1.595234294374312e-07,0.041369406192687794,20.0
S4_MODEL,F7_ADVERSARIAL,T3_SUPERVISOR,R,E,0.008545393935233648,1.1602883426732458e-07,0.040717800592905785,20.0
S4_MODEL,F7_ADVERSARIAL,T3_SUPERVISOR,R,R,0.9743036623829118,0.916563996262253,0.9992900444504268,20.0
S4_MODEL,F7_ADVERSARIAL,T3_SUPERVISOR,R,H,0.008546279772556592,2.2005266547477062e-07,0.039354730418071276,20.0
S4_MODEL,F7_ADVERSARIAL,T4_CRITIC,E,C,0.008062604209082141,1.5643573465909815e-07,0.039566584193509606,23.0
S4_MODEL,F7_ADVERSARIAL,T4_CRITIC,E,E,0.8342155634777307,0.7151941822848007,0.9284274268272398,23.0
S4_MODEL,F7_ADVERSARIAL,T4_CRITIC,E,R,0.14999034775775863,0.059676078890510124,0.26575615643631095,23.0
S4_MODEL,F7_ADVERSARIAL,T4_CRITIC,E,H,0.007731484555428587,1.413212947415042e-07,0.03708379644924526,23.0
S4_MODEL,F7_ADVERSARIAL,T4_CRITIC,R,C,0.027436806491503794,5.552659775523524e-07,0.1326323339369451,1.0
S4_MODEL,F7_ADVERSARIAL,T4_CRITIC,R,E,0.025297989099772104,6.558824081944916e-07,0.12148291922192049,1.0
S4_MODEL,F7_ADVERSARIAL,T4_CRITIC,R,R,0.9219905432797773,0.7527148579890909,0.998087423040254,1.0
S4_MODEL,F7_ADVERSARIAL,T4_CRITIC,R,H,0.025274661128946867,3.6577363252297124e-07,0.12120960121851093,1.0
S4_MODEL,F7_ADVERSARIAL,T5_HUMAN_K0,E,C,0.007299165167218369,1.0536681761024754e-07,0.03549441224526679,24.0
S4_MODEL,F7_ADVERSARIAL,T5_HUMAN_K0,E,E,0.9324821295541347,0.8488980252898651,0.9859567607349605,24.0
S4_MODEL,F7_ADVERSARIAL,T5_HUMAN_K0,E,R,0.052459541574528555,0.007727993538996262,0.12797432701668926,24.0
S4_MODEL,F7_ADVERSARIAL,T5_HUMAN_K0,E,H,0.007759163704118494,1.1060590909836631e-07,0.038807227088884164,24.0
S4_MODEL,F7_ADVERSARIAL,T5_HUMAN_K1,E,C,0.007556561910787167,1.6275001457222544e-07,0.036059531794486885,24.0
S4_MODEL,F7_ADVERSARIAL,T5_HUMAN_K1,E,E,0.9318157942390651,0.8513589510479881,0.9835947180318163,24.0
S4_MODEL,F7_ADVERSARIAL,T5_HUMAN_K1,E,R,0.05238561831964279,0.008735125250689736,0.12383708256804045,24.0
S4_MODEL,F7_ADVERSARIAL,T5_HUMAN_K1,E,H,0.008242025530504961,1.7519139453170923e-07,0.038262620798320934,24.0
S4_MODEL,F7_ADVERSARIAL,T5_HUMAN_K2,E,C,0.012496981703152447,2.2283214268379507e-07,0.062032164896652406,11.999999999999998
S4_MODEL,F7_ADVERSARIAL,T5_HUMAN_K2,E,E,0.891432026603238,0.7628578128096036,0.9770497535931415,11.999999999999998
S4_MODEL,F7_ADVERSARIAL,T5_HUMAN_K2,E,R,0.08319114130097546,0.012432120366928026,0.19757489165720185,11.999999999999998
S4_MODEL,F7_ADVERSARIAL,T5_HUMAN_K2,E,H,0.012879850392634068,1.8204329977467723e-07,0.06200820805940702,11.999999999999998
S4_MODEL,F7_ADVERSARIAL,T5_HUMAN_K2,R,C,0.011580511383219793,2.5115999899756703e-07,0.05704830934747714,12.0
S4_MODEL,F7_ADVERSARIAL,T5_HUMAN_K2,R,E,0.012262045227144209,2.394991292904602e-07,0.05712134241496835,12.0
S4_MODEL,F7_ADVERSARIAL,T5_HUMAN_K2,R,R,0.9647499136834579,0.8858736517718524,0.9992035651421268,12.0
S4_MODEL,F7_ADVERSARIAL,T5_HUMAN_K2,R,H,0.011407529706178183,2.260944843399367e-07,0.05466669749617174,12.0
S4_MODEL,F7_ADVERSARIAL,T5_HUMAN_K3,E,C,0.012516887508844016,2.469483764886103e-07,0.05874470124024004,12.000000000000002
S4_MODEL,F7_ADVERSARIAL,T5_HUMAN_K3,E,E,0.35598563217835477,0.19504929216178205,0.5340402440930136,12.000000000000002
S4_MODEL,F7_ADVERSARIAL,T5_HUMAN_K3,E,R,0.6193745907127709,0.4391552611032919,0.7839221645210249,12.000000000000002
S4_MODEL,F7_ADVERSARIAL,T5_HUMAN_K3,E,H,0.012122889600030304,2.4187312678234133e-07,0.05665753794481245,12.000000000000002
S4_MODEL,F7_ADVERSARIAL,T5_HUMAN_K3,R,C,0.012256743251993094,1.4241150876696311e-07,0.058332100016320415,12.0
S4_MODEL,F7_ADVERSARIAL,T5_HUMAN_K3,R,E,0.011976658546768213,3.09741146494441e-07,0.05801035881216108,12.0
S4_MODEL,F7_ADVERSARIAL,T5_HUMAN_K3,R,R,0.963580487855172,0.8830061194677773,0.9991826658720776,12.0
S4_MODEL,F7_ADVERSARIAL,T5_HUMAN_K3,R,H,0.012186110346066708,2.5676256846597916e-07,0.060496697887525964,12.0
S5_SELECT,CONTROL,T1_LINEAR,C,C,0.8516286591361545,0.6849032738769835,0.9645424077654906,8.0
S5_SELECT,CONTROL,T1_LINEAR,C,E,0.082486993355405,0.008595858045430041,0.21358367522491756,8.0
S5_SELECT,CONTROL,T1_LINEAR,C,R,0.049552258479669826,0.0015210679494946965,0.15365872163732355,8.0
S5_SELECT,CONTROL,T1_LINEAR,C,H,0.016332089028770574,2.6663909185641807e-07,0.07890761133848519,8.0
S5_SELECT,CONTROL,T2_VALIDATOR,C,C,0.8526873094932784,0.6866129567436791,0.9657944100468,8.0
S5_SELECT,CONTROL,T2_VALIDATOR,C,E,0.08184075526966089,0.008626960819235339,0.21423986156760458,8.0
S5_SELECT,CONTROL,T2_VALIDATOR,C,R,0.049765448212922975,0.0014117494096595202,0.1544725871757415,8.0
S5_SELECT,CONTROL,T2_VALIDATOR,C,H,0.015706487024137687,3.1221219729225314e-07,0.07567880182384215,8.0
S5_SELECT,CONTROL,T3_SUPERVISOR,C,C,0.8524243320091882,0.6911388862610155,0.9651579957452734,8.0
S5_SELECT,CONTROL,T3_SUPERVISOR,C,E,0.08319023471917138,0.009223505705027439,0.21380525597795022,8.0
S5_SELECT,CONTROL,T3_SUPERVISOR,C,R,0.049161697988923975,0.001445127409504438,0.15821376335704213,8.0
S5_SELECT,CONTROL,T3_SUPERVISOR,C,H,0.015223735282716469,3.019216838222291e-07,0.07677682147285056,8.0
S5_SELECT,CONTROL,T4_CRITIC,C,C,0.8516596375080074,0.6850323853746058,0.9650966672937511,8.0
S5_SELECT,CONTROL,T4_CRITIC,C,E,0.08217113940119351,0.008646884981674333,0.21554706097771825,8.0
S5_SELECT,CONTROL,T4_CRITIC,C,R,0.05076663668984897,0.0014048892895882268,0.1597070006405827,8.0
S5_SELECT,CONTROL,T4_CRITIC,C,H,0.015402586400950102,3.309332564984711e-07,0.07306578266706955,8.0
S5_SELECT,CONTROL,T5_HUMAN_K0,C,C,0.8514056600613921,0.6807312117662295,0.9638865993009796,8.0
S5_SELECT,CONTROL,T5_HUMAN_K0,C,E,0.08254002791741452,0.008793085121837949,0.2172442124687649,8.0
S5_SELECT,CONTROL,T5_HUMAN_K0,C,R,0.050192922740800276,0.0013371203254534004,0.15144625026577985,8.0
S5_SELECT,CONTROL,T5_HUMAN_K0,C,H,0.015861389280393146,2.7297482374443705e-07,0.0792499350141016,8.0
S5_SELECT,CONTROL,T5_HUMAN_K1,C,C,0.8528469121919854,0.6930202386072899,0.964516744452281,8.0
S5_SELECT,CONTROL,T5_HUMAN_K1,C,E,0.08235058986422697,0.008122718566032501,0.21419027594030496,8.0
S5_SELECT,CONTROL,T5_HUMAN_K1,C,R,0.04920545414523908,0.001753616579023647,0.15291911147742698,8.0
S5_SELECT,CONTROL,T5_HUMAN_K1,C,H,0.015597043798548569,2.4243682283433063e-07,0.07442255250047623,8.0
S5_SELECT,CONTROL,T5_HUMAN_K2,C,C,0.8510278246097596,0.6932282280738195,0.9637703087716436,8.0
S5_SELECT,CONTROL,T5_HUMAN_K2,C,E,0.08498284753313438,0.009655204844300026,0.21792225746271182,8.0
S5_SELECT,CONTROL,T5_HUMAN_K2,C,R,0.04879540636862102,0.0013043297690865493,0.152578841563991,8.0
S5_SELECT,CONTROL,T5_HUMAN_K2,C,H,0.01519392148848499,2.947661698409132e-07,0.0747475421959653,8.0
S5_SELECT,CONTROL,T5_HUMAN_K3,C,C,0.8540886725534085,0.6958655856686269,0.9642905015210492,8.0
S5_SELECT,CONTROL,T5_HUMAN_K3,C,E,0.08407737706487584,0.009001080873874164,0.21620914984979964,8.0
S5_SELECT,CONTROL,T5_HUMAN_K3,C,R,0.0467827456961204,0.0014090242131991875,0.14864173362805533,8.0
S5_SELECT,CONTROL,T5_HUMAN_K3,C,H,0.015051204685595343,2.8197112112113743e-07,0.07197213647858362,8.0
S5_SELECT,F1_DATA,T1_LINEAR,C,C,0.850935626247056,0.6922139806750833,0.9635705757670535,8.0
S5_SELECT,F1_DATA,T1_LINEAR,C,E,0.08395182381924143,0.008515584682209573,0.21455587274294327,8.0
S5_SELECT,F1_DATA,T1_LINEAR,C,R,0.04970385941492236,0.001566549144479285,0.15269619741520019,8.0
S5_SELECT,F1_DATA,T1_LINEAR,C,H,0.0154086905187801,2.4519028564813263e-07,0.07401854879673926,8.0
S5_SELECT,F1_DATA,T1_LINEAR,E,C,0.01010215967102264,2.281474946282351e-07,0.04878734985828832,15.999999999999998
S5_SELECT,F1_DATA,T1_LINEAR,E,E,0.9097018364385826,0.7999520610157559,0.9813815986590844,15.999999999999998
S5_SELECT,F1_DATA,T1_LINEAR,E,R,0.06982295010500232,0.01030289430935892,0.1700194946717523,15.999999999999998
S5_SELECT,F1_DATA,T1_LINEAR,E,H,0.010373053785392397,2.8782243488069036e-07,0.049928012621650315,15.999999999999998
S5_SELECT,F1_DATA,T2_VALIDATOR,C,C,0.8515774907876003,0.6916682942695961,0.9633099730701806,8.0
S5_SELECT,F1_DATA,T2_VALIDATOR,C,E,0.08163370362454873,0.007891853988846936,0.2130901110172107,8.0
S5_SELECT,F1_DATA,T2_VALIDATOR,C,R,0.05140576553448314,0.0013842853911513542,0.16143342349690248,8.0
S5_SELECT,F1_DATA,T2_VALIDATOR,C,H,0.015383040053367882,3.0322929025062865e-07,0.07304798842225593,8.0
S5_SELECT,F1_DATA,T2_VALIDATOR,E,C,0.02639464012590468,5.483568608508441e-07,0.1241015119047928,1.0000000000000018
S5_SELECT,F1_DATA,T2_VALIDATOR,E,E,0.660350747910197,0.40563619804364226,0.8823004711931842,1.0000000000000018
S5_SELECT,F1_DATA,T2_VALIDATOR,E,R,0.28760919768862375,0.08404387475978373,0.5408685475141493,1.0000000000000018
S5_SELECT,F1_DATA,T2_VALIDATOR,E,H,0.025645414275274534,4.0652806446591507e-07,0.12656869185935007,1.0000000000000018
S5_SELECT,F1_DATA,T2_VALIDATOR,R,C,0.010538676424278826,1.9061981157058686e-07,0.051663059413048724,15.0
S5_SELECT,F1_DATA,T2_VALIDATOR,R,E,0.010693156611217997,1.2119522520856356e-07,0.051184000278191984,15.0
S5_SELECT,F1_DATA,T2_VALIDATOR,R,R,0.9680913531532492,0.8950292943498255,0.999325134996334,15.0
S5_SELECT,F1_DATA,T2_VALIDATOR,R,H,0.010676813811253879,1.69480090870562e-07,0.05160667343874369,15.0
S5_SELECT,F1_DATA,T3_SUPERVISOR,C,C,0.8504911331499689,0.689352017844913,0.965214884201489,8.0
S5_SELECT,F1_DATA,T3_SUPERVISOR,C,E,0.08413570415186108,0.008973324716936263,0.2158252153972694,8.0
S5_SELECT,F1_DATA,T3_SUPERVISOR,C,R,0.04965846090911262,0.0014655816267366373,0.15653384842669849,8.0
S5_SELECT,F1_DATA,T3_SUPERVISOR,C,H,0.01571470178905741,2.602113023617504e-07,0.07677269163087372,8.0
S5_SELECT,F1_DATA,T3_SUPERVISOR,R,C,0.010354688736098122,1.7656797778678084e-07,0.04910154506175383,16.0
S5_SELECT,F1_DATA,T3_SUPERVISOR,R,E,0.010253679654643669,1.5431291701340014e-07,0.04860793480418799,16.0
S5_SELECT,F1_DATA,T3_SUPERVISOR,R,R,0.9692547144664202,0.8983955660228619,0.9993648187473332,16.0
S5_SELECT,F1_DATA,T3_SUPERVISOR,R,H,0.010136917142837956,1.4982466436773682e-07,0.04873565944358026,16.0
S5_SELECT,F1_DATA,T4_CRITIC,C,C,0.8545090132340024,0.6970949861801488,0.9659041598850194,8.0
S5_SELECT,F1_DATA,T4_CRITIC,C,E,0.08054374045540923,0.008087991022124975,0.2084149030923531,8.0
S5_SELECT,F1_DATA,T4_CRITIC,C,R,0.04953149797188229,0.0014643140722526895,0.15975616958487898,8.0
S5_SELECT,F1_DATA,T4_CRITIC,C,H,0.015415748338706,3.860350074774491e-07,0.07413268334284798,8.0
S5_SELECT,F1_DATA,T4_CRITIC,R,C,0.010240277860247258,1.6782488846477627e-07,0.04975638524073686,16.0
S5_SELECT,F1_DATA,T4_CRITIC,R,E,0.010051834157664665,2.342408948892666e-07,0.04995692561345537,16.0
S5_SELECT,F1_DATA,T4_CRITIC,R,R,0.969761504744856,0.9032049097658277,0.9992447076089982,16.0
S5_SELECT,F1_DATA,T4_CRITIC,R,H,0.009946383237232152,1.755187748556724e-07,0.0484003146071033,16.0
S5_SELECT,F1_DATA,T5_HUMAN_K0,C,C,0.8515678848407202,0.6919639951336544,0.9640845926236905,8.0
S5_SELECT,F1_DATA,T5_HUMAN_K0,C,E,0.08268161867382139,0.008813113128763678,0.21126699531123902,8.0
S5_SELECT,F1_DATA,T5_HUMAN_K0,C,R,0.04906211333696376,0.0013754441571229657,0.15401672365693397,8.0
S5_SELECT,F1_DATA,T5_HUMAN_K0,C,H,0.01668838314849463,3.3965939655373587e-07,0.08152245831530194,8.0
S5_SELECT,F1_DATA,T5_HUMAN_K0,E,C,0.010336601544587052,1.3376753714337007e-07,0.05111235981293091,16.0
S5_SELECT,F1_DATA,T5_HUMAN_K0,E,E,0.828872774154949,0.6979724336291148,0.9338893585498739,16.0
S5_SELECT,F1_DATA,T5_HUMAN_K0,E,R,0.1503690630812724,0.053181180670310274,0.273530111694188,16.0
S5_SELECT,F1_DATA,T5_HUMAN_K0,E,H,0.010421561219191553,2.298927093524357e-07,0.049061329109965315,16.0
S5_SELECT,F1_DATA,T5_HUMAN_K1,C,C,0.8512482005692152,0.6878936776683625,0.9653431453459472,8.0
S5_SELECT,F1_DATA,T5_HUMAN_K1,C,E,0.08413436813192694,0.00900079436087767,0.21941426606776757,8.0
S5_SELECT,F1_DATA,T5_HUMAN_K1,C,R,0.04932345550876972,0.0015708218278931273,0.156091446469101,8.0
S5_SELECT,F1_DATA,T5_HUMAN_K1,C,H,0.0152939757900881,3.075558532448503e-07,0.0708990982485722,8.0
S5_SELECT,F1_DATA,T5_HUMAN_K1,E,C,0.011675875642882009,2.1221429565340583e-07,0.05612922657511364,14.000000000000002
S5_SELECT,F1_DATA,T5_HUMAN_K1,E,E,0.2798569921225484,0.1435543065481629,0.4438772688639429,14.000000000000002
S5_SELECT,F1_DATA,T5_HUMAN_K1,E,R,0.6981482856332746,0.5339758660495221,0.8406694300372788,14.000000000000002
S5_SELECT,F1_DATA,T5_HUMAN_K1,E,H,0.01031884660129509,1.9535343927668376e-07,0.048250759508438025,14.000000000000002
S5_SELECT,F1_DATA,T5_HUMAN_K1,R,C,0.0240832057402656,3.6760425413556144e-07,0.12092870305017503,2.0
S5_SELECT,F1_DATA,T5_HUMAN_K1,R,E,0.022463585854978305,2.1817504748834958e-07,0.10829378992109155,2.0
S5_SELECT,F1_DATA,T5_HUMAN_K1,R,R,0.9292179753143134,0.775088127925099,0.9984279857326968,2.0
S5_SELECT,F1_DATA,T5_HUMAN_K1,R,H,0.02423523309044265,5.04412464489318e-07,0.11911868534792536,2.0
S5_SELECT,F1_DATA,T5_HUMAN_K2,C,C,0.8548206189597655,0.6979168892728679,0.966341412251616,8.0
S5_SELECT,F1_DATA,T5_HUMAN_K2,C,E,0.0814382460345208,0.00846003785256195,0.2056875338617309,8.0
S5_SELECT,F1_DATA,T5_HUMAN_K2,C,R,0.04846550336911609,0.0011510666216295012,0.1539413537399732,8.0
S5_SELECT,F1_DATA,T5_HUMAN_K2,C,H,0.015275631636597573,3.3508395024326145e-07,0.07339790777556898,8.0
S5_SELECT,F1_DATA,T5_HUMAN_K2,E,C,0.015533853103923648,2.8714474362913765e-07,0.07289283137419594,7.000000000000002
S5_SELECT,F1_DATA,T5_HUMAN_K2,E,E,0.4059620047784422,0.2173974927557394,0.6143142369226462,7.000000000000002
S5_SELECT,F1_DATA,T5_HUMAN_K2,E,R,0.5622501617436905,0.3513243209093991,0.7566581365184738,7.000000000000002
S5_SELECT,F1_DATA,T5_HUMAN_K2,E,H,0.01625398037394378,3.4576178250758735e-07,0.08222509903803105,7.000000000000002
S5_SELECT,F1_DATA,T5_HUMAN_K2,R,C,0.013351724176688475,3.306801840754781e-07,0.06575502852900472,9.0
S5_SELECT,F1_DATA,T5_HUMAN_K2,R,E,0.014565405301793642,3.105723228779331e-07,0.07078890838576395,9.0
S5_SELECT,F1_DATA,T5_HUMAN_K2,R,R,0.958449614009187,0.8667738447256849,0.9990449965316088,9.0
S5_SELECT,F1_DATA,T5_HUMAN_K2,R,H,0.01363325651233089,2.1903199627055853e-07,0.06443456012448397,9.0
S5_SELECT,F1_DATA,T5_HUMAN_K3,C,C,0.8522966261819985,0.692224182954957,0.9640334940146954,8.0
S5_SELECT,F1_DATA,T5_HUMAN_K3,C,E,0.08249514167653817,0.009126463920316158,0.21191405295205834,8.0
S5_SELECT,F1_DATA,T5_HUMAN_K3,C,R,0.0493860205325886,0.0013325451295460534,0.15617256649785197,8.0
S5_SELECT,F1_DATA,T5_HUMAN_K3,C,H,0.01582221160887474,2.6398035747534847e-07,0.07807404319248154,8.0
S5_SELECT,F1_DATA,T5_HUMAN_K3,R,C,0.009808835265185969,1.6492560408004387e-07,0.049576910866733506,16.0
S5_SELECT,F1_DATA,T5_HUMAN_K3,R,E,0.01033610290178063,1.1741624180355173e-07,0.050718088362373404,16.0
S5_SELECT,F1_DATA,T5_HUMAN_K3,R,R,0.9702622396759621,0.9013378906206697,0.9993216900175491,16.0
S5_SELECT,F1_DATA,T5_HUMAN_K3,R,H,0.00959282215707122,2.6378334124254115e-07,0.047455933305608676,16.0
S5_SELECT,F2_SEMANTIC,T1_LINEAR,E,C,0.01590783976064264,3.3193617261590797e-07,0.07909000693635938,7.0
S5_SELECT,F2_SEMANTIC,T1_LINEAR,E,E,0.8594145518485831,0.6956631430775068,0.9700137722448643,7.0
S5_SELECT,F2_SEMANTIC,T1_LINEAR,E,R,0.10836728021407072,0.01558488765477476,0.2536793658524212,7.0
S5_SELECT,F2_SEMANTIC,T1_LINEAR,E,H,0.0163103281767035,2.879183163895834e-07,0.07917398348678722,7.0
S5_SELECT,F2_SEMANTIC,T1_LINEAR,R,C,0.025644797161216173,3.786698019411866e-07,0.12087840922869614,1.0
S5_SELECT,F2_SEMANTIC,T1_LINEAR,R,E,0.02672046764202759,4.612509094509749e-07,0.13295915480078743,1.0
S5_SELECT,F2_SEMANTIC,T1_LINEAR,R,R,0.9223055018560509,0.7617283606566447,0.9977865728167196,1.0
S5_SELECT,F2_SEMANTIC,T1_LINEAR,R,H,0.025329233340705352,5.162045331663473e-07,0.12526408343266285,1.0
S5_SELECT,F2_SEMANTIC,T2_VALIDATOR,R,C,0.01449595809741561,4.2946977783884916e-07,0.0702920626808925,8.0
S5_SELECT,F2_SEMANTIC,T2_VALIDATOR,R,E,0.015227140576163497,1.9129137882193855e-07,0.0743663574068455,8.0
S5_SELECT,F2_SEMANTIC,T2_VALIDATOR,R,R,0.9553072474841372,0.8551062368279468,0.9987919441331923,8.0
S5_SELECT,F2_SEMANTIC,T2_VALIDATOR,R,H,0.014969653842283801,4.84089738593332e-07,0.07121449592058565,8.0
S5_SELECT,F2_SEMANTIC,T3_SUPERVISOR,E,C,0.026643064813881564,3.583582635442176e-07,0.1332911235082842,1.0000000000000018
S5_SELECT,F2_SEMANTIC,T3_SUPERVISOR,E,E,0.6656245186056889,0.411969833699928,0.88176877652597,1.0000000000000018
S5_SELECT,F2_SEMANTIC,T3_SUPERVISOR,E,R,0.28160165362614464,0.0827708744414141,0.5338315521053969,1.0000000000000018
S5_SELECT,F2_SEMANTIC,T3_SUPERVISOR,E,H,0.02613076295428485,4.1698787306851945e-07,0.13286606814467,1.0000000000000018
S5_SELECT,F2_SEMANTIC,T3_SUPERVISOR,R,C,0.01609700023827734,2.364875046414784e-07,0.07881948022924394,7.0
S5_SELECT,F2_SEMANTIC,T3_SUPERVISOR,R,E,0.016149219138849105,3.1763554502219657e-07,0.07613673643377353,7.0
S5_SELECT,F2_SEMANTIC,T3_SUPERVISOR,R,R,0.9513022460645882,0.8417848051020542,0.998659283801616,7.0
S5_SELECT,F2_SEMANTIC,T3_SUPERVISOR,R,H,0.016451534558285245,3.3376435840402156e-07,0.07925956961651016,7.0
S5_SELECT,F2_SEMANTIC,T4_CRITIC,E,C,0.026029546281180004,4.18432995978517e-07,0.12393491912807061,1.0
S5_SELECT,F2_SEMANTIC,T4_CRITIC,E,E,0.7680373193710319,0.5208218702340901,0.9459300232470008,1.0
S5_SELECT,F2_SEMANTIC,T4_CRITIC,E,R,0.1796429658230528,0.028682448105420894,0.4163464117499833,1.0
S5_SELECT,F2_SEMANTIC,T4_CRITIC,E,H,0.026290168524735282,4.621809474623633e-07,0.12554517877022336,1.0
S5_SELECT,F2_SEMANTIC,T4_CRITIC,R,C,0.015495967321866817,2.2734560321159091e-07,0.07387137567149385,7.0
S5_SELECT,F2_SEMANTIC,T4_CRITIC,R,E,0.016139877128920142,3.4332116297244513e-07,0.07474680021896822,7.0
S5_SELECT,F2_SEMANTIC,T4_CRITIC,R,R,0.9528133351306213,0.85056033010994,0.9988264835881829,7.0
S5_SELECT,F2_SEMANTIC,T4_CRITIC,R,H,0.015550820418591899,3.793964087726296e-07,0.0733474578063734,7.0
S5_SELECT,F2_SEMANTIC,T5_HUMAN_K0,E,C,0.01536437028340308,4.227731642268306e-07,0.07617905789247813,8.000000000000002
S5_SELECT,F2_SEMANTIC,T5_HUMAN_K0,E,E,0.8086355839042714,0.6382572627640078,0.9393030420909089,8.000000000000002
S5_SELECT,F2_SEMANTIC,T5_HUMAN_K0,E,R,0.16167839112132726,0.045422500272278545,0.32419635914330075,8.000000000000002
S5_SELECT,F2_SEMANTIC,T5_HUMAN_K0,E,H,0.014321654690998293,3.34558398663063e-07,0.06978585216793137,8.000000000000002
S5_SELECT,F2_SEMANTIC,T5_HUMAN_K1,E,C,0.016193736285153394,3.183138248912028e-07,0.0803900502862646,7.000000000000002
S5_SELECT,F2_SEMANTIC,T5_HUMAN_K1,E,E,0.4693103310829723,0.2693258375342521,0.6761802422698651,7.000000000000002
S5_SELECT,F2_SEMANTIC,T5_HUMAN_K1,E,R,0.4990803307553332,0.2916487206862788,0.7016905914352254,7.000000000000002
S5_SELECT,F2_SEMANTIC,T5_HUMAN_K1,E,H,0.015415601876541143,3.7555278927421506e-07,0.0738934256126557,7.000000000000002
S5_SELECT,F2_SEMANTIC,T5_HUMAN_K1,R,C,0.02495601287598771,6.29824142440306e-07,0.11999215345182664,1.0
S5_SELECT,F2_SEMANTIC,T5_HUMAN_K1,R,E,0.025067673832811915,3.9475115301995134e-07,0.12038207025054419,1.0
S5_SELECT,F2_SEMANTIC,T5_HUMAN_K1,R,R,0.9239877543095192,0.7525833118318936,0.9980059454866258,1.0
S5_SELECT,F2_SEMANTIC,T5_HUMAN_K1,R,H,0.025988558981681138,5.371476381981101e-07,0.12346270200439911,1.0
S5_SELECT,F2_SEMANTIC,T5_HUMAN_K2,R,C,0.015023867755952774,2.6431768671162366e-07,0.07830406308441201,8.0
S5_SELECT,F2_SEMANTIC,T5_HUMAN_K2,R,E,0.015036843355832106,2.2316066241595587e-07,0.0726175326839386,8.0
S5_SELECT,F2_SEMANTIC,T5_HUMAN_K2,R,R,0.9551191481325818,0.8552385621919402,0.9990411567612586,8.0
S5_SELECT,F2_SEMANTIC,T5_HUMAN_K2,R,H,0.014820140755633402,1.6163631962475766e-07,0.07526417292743916,8.0
S5_SELECT,F2_SEMANTIC,T5_HUMAN_K3,R,C,0.014852394107291859,2.747185234134881e-07,0.07583087572675688,8.0
S5_SELECT,F2_SEMANTIC,T5_HUMAN_K3,R,E,0.014462098451578184,2.1231808868527007e-07,0.07121386145340308,8.0
S5_SELECT,F2_SEMANTIC,T5_HUMAN_K3,R,R,0.9559026960292198,0.8579308981819715,0.9990023454269383,8.0
S5_SELECT,F2_SEMANTIC,T5_HUMAN_K3,R,H,0.014782811411910115,3.9864977819616386e-07,0.06881027091467981,8.0
S5_SELECT,F3_TOOL,T1_LINEAR,C,C,0.5708265645553806,0.4051935411904336,0.7307350242333613,16.0
S5_SELECT,F3_TOOL,T1_LINEAR,C,E,0.3847048360087171,0.22959353242683156,0.5506876666235107,16.0
S5_SELECT,F3_TOOL,T1_LINEAR,C,R,0.034231090734504956,0.001097472810882146,0.10805451875755392,16.0
S5_SELECT,F3_TOOL,T1_LINEAR,C,H,0.010237508701397363,1.240143250171847e-07,0.050758251363096536,16.0
S5_SELECT,F3_TOOL,T1_LINEAR,E,C,0.01017311237565668,1.3521123791730173e-07,0.05040185176546698,15.999999999999998
S5_SELECT,F3_TOOL,T1_LINEAR,E,E,0.911934012004186,0.8043871431410335,0.9818960567618926,15.999999999999998
S5_SELECT,F3_TOOL,T1_LINEAR,E,R,0.06817840204260997,0.009261593833850399,0.16708689741656382,15.999999999999998
S5_SELECT,F3_TOOL,T1_LINEAR,E,H,0.009714473577547275,1.8621232434146337e-07,0.046960152617343306,15.999999999999998
S5_SELECT,F3_TOOL,T2_VALIDATOR,C,C,0.5713820885813173,0.3968691593520878,0.7298921148983254,16.0
S5_SELECT,F3_TOOL,T2_VALIDATOR,C,E,0.1375444349349564,0.04304973251578747,0.26535549393381236,16.0
S5_SELECT,F3_TOOL,T2_VALIDATOR,C,R,0.2808932245446977,0.14503434127733345,0.44328518119614957,16.0
S5_SELECT,F3_TOOL,T2_VALIDATOR,C,H,0.01018025193902868,1.893870567332236e-07,0.04981329153492155,16.0
S5_SELECT,F3_TOOL,T2_VALIDATOR,R,C,0.010016541843687967,1.496855432360572e-07,0.04822638146971246,16.0
S5_SELECT,F3_TOOL,T2_VALIDATOR,R,E,0.010087943364885131,1.6249177747300422e-07,0.047421242960884166,16.0
S5_SELECT,F3_TOOL,T2_VALIDATOR,R,R,0.9694554190965997,0.9039376647140064,0.999202863551853,16.0
S5_SELECT,F3_TOOL,T2_VALIDATOR,R,H,0.010440095694827236,1.5245518186557957e-07,0.04894356375381267,16.0
S5_SELECT,F3_TOOL,T3_SUPERVISOR,C,C,0.5727280553620772,0.4082870006586385,0.7342414456316843,16.0
S5_SELECT,F3_TOOL,T3_SUPERVISOR,C,E,0.09481752407206369,0.021787667086622442,0.20312002263655252,16.0
S5_SELECT,F3_TOOL,T3_SUPERVISOR,C,R,0.3219388219730184,0.1781641915585864,0.47915804506613335,16.0
S5_SELECT,F3_TOOL,T3_SUPERVISOR,C,H,0.010515598592840765,1.699652875441013e-07,0.05069883179221624,16.0
S5_SELECT,F3_TOOL,T3_SUPERVISOR,E,C,0.026656440199512355,4.532487500702342e-07,0.12674809245490237,1.0000000000000018
S5_SELECT,F3_TOOL,T3_SUPERVISOR,E,E,0.6608334658934129,0.4002261170169789,0.8810816564051814,1.0000000000000018
S5_SELECT,F3_TOOL,T3_SUPERVISOR,E,R,0.2859307376859672,0.08648452111987678,0.5411772021520677,1.0000000000000018
S5_SELECT,F3_TOOL,T3_SUPERVISOR,E,H,0.0265793562211076,4.6745734126029023e-07,0.12952953529813277,1.0000000000000018
S5_SELECT,F3_TOOL,T3_SUPERVISOR,R,C,0.010910302741508941,2.3989142954498815e-07,0.053436296079267774,15.0
S5_SELECT,F3_TOOL,T3_SUPERVISOR,R,E,0.009822970320447091,2.3957609713671367e-07,0.04902559053704612,15.0
S5_SELECT,F3_TOOL,T3_SUPERVISOR,R,R,0.9687663060477678,0.8970349935203994,0.9992567572091307,15.0
S5_SELECT,F3_TOOL,T3_SUPERVISOR,R,H,0.010500420890276212,1.4480057842278785e-07,0.05018519131932376,15.0
S5_SELECT,F3_TOOL,T4_CRITIC,C,C,0.569890808449044,0.4051755703911266,0.7292795550368164,16.0
S5_SELECT,F3_TOOL,T4_CRITIC,C,E,0.09732709969484549,0.022184335693535468,0.2104748123876251,16.0
S5_SELECT,F3_TOOL,T4_CRITIC,C,R,0.3216654356917841,0.1776475207174442,0.4833327997088881,16.0
S5_SELECT,F3_TOOL,T4_CRITIC,C,H,0.011116656164326433,1.752506571289399e-07,0.054682867678604447,16.0
S5_SELECT,F3_TOOL,T4_CRITIC,R,C,0.010105509230654074,1.2310284459804243e-07,0.04984039015636544,16.0
S5_SELECT,F3_TOOL,T4_CRITIC,R,E,0.009714498771176633,1.447957464234229e-07,0.04760726890371862,16.0
S5_SELECT,F3_TOOL,T4_CRITIC,R,R,0.9702342983961236,0.9039934617342038,0.9992182723398758,16.0
S5_SELECT,F3_TOOL,T4_CRITIC,R,H,0.009945693602045624,1.3120571797834706e-07,0.049004184823529445,16.0
S5_SELECT,F3_TOOL,T5_HUMAN_K0,C,C,0.5703123912307528,0.4013304173479035,0.7305252208040293,16.0
S5_SELECT,F3_TOOL,T5_HUMAN_K0,C,E,0.3859785535594466,0.23328115760603357,0.5537624413676488,16.0
S5_SELECT,F3_TOOL,T5_HUMAN_K0,C,R,0.03312499603499311,0.000957599158004475,0.10504314786270785,16.0
S5_SELECT,F3_TOOL,T5_HUMAN_K0,C,H,0.010584059174807403,1.6130900455863897e-07,0.05023446418459994,16.0
S5_SELECT,F3_TOOL,T5_HUMAN_K0,E,C,0.01072080737323098,2.2129905856477026e-07,0.05060491623907833,15.999999999999998
S5_SELECT,F3_TOOL,T5_HUMAN_K0,E,E,0.9100257295784868,0.8038096321211072,0.9811142962389063,15.999999999999998
S5_SELECT,F3_TOOL,T5_HUMAN_K0,E,R,0.0696490062333861,0.010237258758605951,0.16715695536761926,15.999999999999998
S5_SELECT,F3_TOOL,T5_HUMAN_K0,E,H,0.009604456814896065,2.017157961959314e-07,0.047264852159629576,15.999999999999998
S5_SELECT,F3_TOOL,T5_HUMAN_K1,C,C,0.5716878542566711,0.407869612526231,0.73128365205873,16.0
S5_SELECT,F3_TOOL,T5_HUMAN_K1,C,E,0.05576683933231622,0.005371138514369504,0.14849032090533407,16.0
S5_SELECT,F3_TOOL,T5_HUMAN_K1,C,R,0.3626901196011577,0.2137299305670748,0.5253041737258147,16.0
S5_SELECT,F3_TOOL,T5_HUMAN_K1,C,H,0.00985518680985497,1.569917076589604e-07,0.046487531085925696,16.0
S5_SELECT,F3_TOOL,T5_HUMAN_K1,E,C,0.009607025011146039,2.044758861842421e-07,0.045712680426505,15.999999999999998
S5_SELECT,F3_TOOL,T5_HUMAN_K1,E,E,0.25338660588420464,0.12736171286133424,0.4031341299473017,15.999999999999998
S5_SELECT,F3_TOOL,T5_HUMAN_K1,E,R,0.727163596661166,0.5795143372396945,0.8587615304139015,15.999999999999998
S5_SELECT,F3_TOOL,T5_HUMAN_K1,E,H,0.009842772443483284,2.1541760333093577e-07,0.04724598850651048,15.999999999999998
S5_SELECT,F3_TOOL,T5_HUMAN_K2,C,C,0.5704655205100932,0.4057300375796945,0.7314026219739577,16.0
S5_SELECT,F3_TOOL,T5_HUMAN_K2,C,E,0.0545966150058059,0.005551196727136755,0.14370798982786995,16.0
S5_SELECT,F3_TOOL,T5_HUMAN_K2,C,R,0.364559114787878,0.2128155887166438,0.5269361077083993,16.0
S5_SELECT,F3_TOOL,T5_HUMAN_K2,C,H,0.010378749696222881,2.819860579178391e-07,0.05061048149214819,16.0
S5_SELECT,F3_TOOL,T5_HUMAN_K2,E,C,0.010440527433468122,2.6867662841204145e-07,0.05046675644110406,15.999999999999998
S5_SELECT,F3_TOOL,T5_HUMAN_K2,E,E,0.25929478160205377,0.1263242221047837,0.4174073814793296,15.999999999999998
S5_SELECT,F3_TOOL,T5_HUMAN_K2,E,R,0.7196566457490391,0.5601153730699141,0.8541883261565919,15.999999999999998
S5_SELECT,F3_TOOL,T5_HUMAN_K2,E,H,0.010608045215439165,1.3853645947960492e-07,0.05024641167353895,15.999999999999998
S5_SELECT,F3_TOOL,T5_HUMAN_K3,C,C,0.5744303351241532,0.4063596089544409,0.7289441089895131,16.0
S5_SELECT,F3_TOOL,T5_HUMAN_K3,C,E,0.09520733855780111,0.021444080947671848,0.20826995917592836,16.0
S5_SELECT,F3_TOOL,T5_HUMAN_K3,C,R,0.3202453354324841,0.17623809677455773,0.489465427362707,16.0
S5_SELECT,F3_TOOL,T5_HUMAN_K3,C,H,0.010116990885561549,2.6832283851707834e-07,0.04729183100188256,16.0
S5_SELECT,F3_TOOL,T5_HUMAN_K3,R,C,0.01067820594026249,1.9242906788142086e-07,0.05341749413870908,16.0
S5_SELECT,F3_TOOL,T5_HUMAN_K3,R,E,0.010585611671168543,1.5737475794254823e-07,0.04936002560659647,16.0
S5_SELECT,F3_TOOL,T5_HUMAN_K3,R,R,0.9691215295158029,0.8969008933111314,0.9993865140734388,16.0
S5_SELECT,F3_TOOL,T5_HUMAN_K3,R,H,0.009614652872766118,1.3660626443639072e-07,0.047531558905207,16.0
S5_SELECT,F4_REASONING,T1_LINEAR,C,C,0.3610285975879995,0.18207307834981312,0.5557273113897618,8.0
S5_SELECT,F4_REASONING,T1_LINEAR,C,E,0.5735839086113653,0.3746586500795291,0.7636695002566691,8.0
S5_SELECT,F4_REASONING,T1_LINEAR,C,R,0.049609445188711264,0.0015121199735590898,0.1575198639441535,8.0
S5_SELECT,F4_REASONING,T1_LINEAR,C,H,0.015778048611923928,3.055784638540349e-07,0.07834940857450409,8.0
S5_SELECT,F4_REASONING,T2_VALIDATOR,C,C,0.3577078728854292,0.1752180321534679,0.5542142626653358,8.0
S5_SELECT,F4_REASONING,T2_VALIDATOR,C,E,0.3303939659499767,0.15675670908462794,0.5272482603834905,8.0
S5_SELECT,F4_REASONING,T2_VALIDATOR,C,R,0.2972744885889913,0.13037924775087284,0.49386850186656295,8.0
S5_SELECT,F4_REASONING,T2_VALIDATOR,C,H,0.014623672575602775,4.193687694511767e-07,0.07193059326957939,8.0
S5_SELECT,F4_REASONING,T3_SUPERVISOR,C,C,0.35913065303408925,0.17770131919968254,0.5585835484673334,8.0
S5_SELECT,F4_REASONING,T3_SUPERVISOR,C,E,0.20769195307447716,0.06834902645027117,0.3872413496441042,8.0
S5_SELECT,F4_REASONING,T3_SUPERVISOR,C,R,0.4179553470050887,0.2209879550692071,0.6223121147828754,8.0
S5_SELECT,F4_REASONING,T3_SUPERVISOR,C,H,0.015222046886344856,3.571566508062043e-07,0.07283075363003037,8.0
S5_SELECT,F4_REASONING,T4_CRITIC,C,C,0.35907532792247193,0.18330366385544977,0.5580567549541445,8.0
S5_SELECT,F4_REASONING,T4_CRITIC,C,E,0.20302665915448442,0.06683117325387786,0.377230988367635,8.0
S5_SELECT,F4_REASONING,T4_CRITIC,C,R,0.4228955907766101,0.23357028886139836,0.6205302384577541,8.0
S5_SELECT,F4_REASONING,T4_CRITIC,C,H,0.015002422146433488,2.343086310056681e-07,0.07415196758917447,8.0
S5_SELECT,F4_REASONING,T5_HUMAN_K0,C,C,0.3598232145461373,0.18077051599535907,0.5608798705164644,8.0
S5_SELECT,F4_REASONING,T5_HUMAN_K0,C,E,0.5760625072624922,0.3722439378895714,0.7677405332556009,8.0
S5_SELECT,F4_REASONING,T5_HUMAN_K0,C,R,0.0483065806119997,0.0016102751112693542,0.14930353119543055,8.0
S5_SELECT,F4_REASONING,T5_HUMAN_K0,C,H,0.015807697579370852,1.6620218457509056e-07,0.07590411665884707,8.0
S5_SELECT,F4_REASONING,T5_HUMAN_K1,C,C,0.3617880547769047,0.1813375658964463,0.5592216295414177,8.0
S5_SELECT,F4_REASONING,T5_HUMAN_K1,C,E,0.143976846746653,0.03487065308589252,0.300420159109644,8.0
S5_SELECT,F4_REASONING,T5_HUMAN_K1,C,R,0.4788657412014437,0.2790773180765932,0.6761447376222003,8.0
S5_SELECT,F4_REASONING,T5_HUMAN_K1,C,H,0.01536935727499864,1.5691371047362626e-07,0.07495607634190912,8.0
S5_SELECT,F4_REASONING,T5_HUMAN_K2,C,C,0.35661282497846697,0.17489077094567235,0.5600104920216841,8.0
S5_SELECT,F4_REASONING,T5_HUMAN_K2,C,E,0.2680732273313471,0.10969349649600493,0.4679180123730405,8.0
S5_SELECT,F4_REASONING,T5_HUMAN_K2,C,R,0.36048903961120105,0.17588834653585314,0.56687792087719,8.0
S5_SELECT,F4_REASONING,T5_HUMAN_K2,C,H,0.014824908078984858,2.8451381558929196e-07,0.06932257939855162,8.0
S5_SELECT,F4_REASONING,T5_HUMAN_K3,C,C,0.3621222200057234,0.1819661992649843,0.5595691332389028,8.0
S5_SELECT,F4_REASONING,T5_HUMAN_K3,C,E,0.32511354278922144,0.1527870522159943,0.5250624513125298,8.0
S5_SELECT,F4_REASONING,T5_HUMAN_K3,C,R,0.2970902954125297,0.1285523577797815,0.4926736432416092,8.0
S5_SELECT,F4_REASONING,T5_HUMAN_K3,C,H,0.0156739417925255,3.663434290447379e-07,0.07772388693000234,8.0
S5_SELECT,F5_HANDOFF,T1_LINEAR,C,C,0.36008325554863324,0.18291946689950211,0.5580692274187589,8.0
S5_SELECT,F5_HANDOFF,T1_LINEAR,C,E,0.5735901829265437,0.37856842388083495,0.7612030222830163,8.0
S5_SELECT,F5_HANDOFF,T1_LINEAR,C,R,0.05024654711594861,0.0013964719107778193,0.15716454216931183,8.0
S5_SELECT,F5_HANDOFF,T1_LINEAR,C,H,0.01608001440887436,2.025091584807956e-07,0.07470408605079262,8.0
S5_SELECT,F5_HANDOFF,T2_VALIDATOR,C,C,0.3589892052913609,0.17999639378194965,0.565161921828506,8.0
S5_SELECT,F5_HANDOFF,T2_VALIDATOR,C,E,0.08245214993981889,0.008850079473103449,0.21577782490154265,8.0
S5_SELECT,F5_HANDOFF,T2_VALIDATOR,C,R,0.5431864845216429,0.3409476719638523,0.7404729101348413,8.0
S5_SELECT,F5_HANDOFF,T2_VALIDATOR,C,H,0.015372160247177274,2.2027699061094348e-07,0.07321530386753491,8.0
S5_SELECT,F5_HANDOFF,T3_SUPERVISOR,C,C,0.35833697483886146,0.18124400201012753,0.5622257479131958,8.0
S5_SELECT,F5_HANDOFF,T3_SUPERVISOR,C,E,0.08270322592559312,0.008387430283618437,0.21440496169151269,8.0
S5_SELECT,F5_HANDOFF,T3_SUPERVISOR,C,R,0.5440959903877772,0.34040291044369236,0.7394939594560214,8.0
S5_SELECT,F5_HANDOFF,T3_SUPERVISOR,C,H,0.014863808847768228,2.470465156397562e-07,0.07280801116320615,8.0
S5_SELECT,F5_HANDOFF,T4_CRITIC,C,C,0.35567824548794724,0.174880719200804,0.5463386169369888,8.0
S5_SELECT,F5_HANDOFF,T4_CRITIC,C,E,0.08388769484585544,0.00900097807712621,0.2104246234355789,8.0
S5_SELECT,F5_HANDOFF,T4_CRITIC,C,R,0.5447178483707198,0.34778847463490664,0.7380975401885264,8.0
S5_SELECT,F5_HANDOFF,T4_CRITIC,C,H,0.015716211295477425,2.78488940423966e-07,0.07723262038350102,8.0
S5_SELECT,F5_HANDOFF,T5_HUMAN_K0,C,C,0.35831042145383113,0.18256488189953526,0.5540578528658207,8.0
S5_SELECT,F5_HANDOFF,T5_HUMAN_K0,C,E,0.5757963571252094,0.3761912717069092,0.7657476570331542,8.0
S5_SELECT,F5_HANDOFF,T5_HUMAN_K0,C,R,0.05068900700569168,0.0014338196148626977,0.160869847185352,8.0
S5_SELECT,F5_HANDOFF,T5_HUMAN_K0,C,H,0.015204214415267812,2.731433250783514e-07,0.07480266290583074,8.0
S5_SELECT,F5_HANDOFF,T5_HUMAN_K1,C,C,0.35716325727918036,0.17576838730890726,0.5623389978430112,8.0
S5_SELECT,F5_HANDOFF,T5_HUMAN_K1,C,E,0.08211174575019484,0.008408291591472189,0.21370090279604168,8.0
S5_SELECT,F5_HANDOFF,T5_HUMAN_K1,C,R,0.5450143333530266,0.34117200035993006,0.7367096187323597,8.0
S5_SELECT,F5_HANDOFF,T5_HUMAN_K1,C,H,0.015710663617598136,2.6489815296025956e-07,0.07690771345916735,8.0
S5_SELECT,F5_HANDOFF,T5_HUMAN_K2,C,C,0.3628860134569294,0.18123918188775887,0.5644791887135515,8.0
S5_SELECT,F5_HANDOFF,T5_HUMAN_K2,C,E,0.08239567087467083,0.008489187332404712,0.21321605554824336,8.0
S5_SELECT,F5_HANDOFF,T5_HUMAN_K2,C,R,0.5392624420525501,0.343187187798513,0.7359256674633731,8.0
S5_SELECT,F5_HANDOFF,T5_HUMAN_K2,C,H,0.015455873615849542,2.0841182882897864e-07,0.07548578296358888,8.0
S5_SELECT,F5_HANDOFF,T5_HUMAN_K3,C,C,0.36078995075855824,0.182125597634065,0.5673241416000289,8.0
S5_SELECT,F5_HANDOFF,T5_HUMAN_K3,C,E,0.08165451771379013,0.008324609643982829,0.2155231150007109,8.0
S5_SELECT,F5_HANDOFF,T5_HUMAN_K3,C,R,0.5417500862668644,0.3340082140793033,0.73467616650553,8.0
S5_SELECT,F5_HANDOFF,T5_HUMAN_K3,C,H,0.015805445260787296,1.3338138860241857e-07,0.07738127441099567,8.0
S5_SELECT,F6_CONTEXT,T1_LINEAR,E,C,0.01100744489700925,1.6340364096032441e-07,0.053296936825176944,15.999999999999998
S5_SELECT,F6_CONTEXT,T1_LINEAR,E,E,0.9089090154702932,0.7934560652411674,0.9814962087095719,15.999999999999998
S5_SELECT,F6_CONTEXT,T1_LINEAR,E,R,0.06982329872766663,0.01031247113912803,0.17276824955734715,15.999999999999998
S5_SELECT,F6_CONTEXT,T1_LINEAR,E,H,0.010260240905030997,1.2475058112005624e-07,0.04968018068995775,15.999999999999998
S5_SELECT,F6_CONTEXT,T2_VALIDATOR,E,C,0.02270954230732008,3.90565525441208e-07,0.10939348725693632,2.0000000000000018
S5_SELECT,F6_CONTEXT,T2_VALIDATOR,E,E,0.6985434220120392,0.4530407628628293,0.8976162922937038,2.0000000000000018
S5_SELECT,F6_CONTEXT,T2_VALIDATOR,E,R,0.25457565415631966,0.07456980279247336,0.49506975886453475,2.0000000000000018
S5_SELECT,F6_CONTEXT,T2_VALIDATOR,E,H,0.02417138152432115,4.778382034559958e-07,0.11620027622203194,2.0000000000000018
S5_SELECT,F6_CONTEXT,T2_VALIDATOR,R,C,0.011129455319382683,2.977505570533185e-07,0.05314254865674688,14.0
S5_SELECT,F6_CONTEXT,T2_VALIDATOR,R,E,0.010659777168212937,1.1211222771333239e-07,0.05038582641184836,14.0
S5_SELECT,F6_CONTEXT,T2_VALIDATOR,R,R,0.9674420207759624,0.8897493142506943,0.9992416644172067,14.0
S5_SELECT,F6_CONTEXT,T2_VALIDATOR,R,H,0.010768746736441912,1.6757012820018173e-07,0.05196572334423599,14.0
S5_SELECT,F6_CONTEXT,T3_SUPERVISOR,R,C,0.010000082719740582,1.1701859977229804e-07,0.04877997598594081,16.0
S5_SELECT,F6_CONTEXT,T3_SUPERVISOR,R,E,0.009751355220998587,2.6021708152770315e-07,0.048817776038607624,16.0
S5_SELECT,F6_CONTEXT,T3_SUPERVISOR,R,R,0.9700285777221311,0.9052970477287259,0.9993259630267828,16.0
S5_SELECT,F6_CONTEXT,T3_SUPERVISOR,R,H,0.010219984337129662,1.9439767504371082e-07,0.05115207350865227,16.0
S5_SELECT,F6_CONTEXT,T4_CRITIC,E,C,0.020160870887407617,3.8341593755275883e-07,0.09937499985360934,4.0
S5_SELECT,F6_CONTEXT,T4_CRITIC,E,E,0.6635271697029101,0.4346802224674397,0.8547573789368336,4.0
S5_SELECT,F6_CONTEXT,T4_CRITIC,E,R,0.2956439373176299,0.11230066480115349,0.5201914979474433,4.0
S5_SELECT,F6_CONTEXT,T4_CRITIC,E,H,0.020668022092052405,4.913638558726121e-07,0.09839441641282479,4.0
S5_SELECT,F6_CONTEXT,T4_CRITIC,R,C,0.011563009240844024,1.7094146352146525e-07,0.05460050457935116,12.0
S5_SELECT,F6_CONTEXT,T4_CRITIC,R,E,0.011622602112598909,1.9328383219068035e-07,0.05815334315407494,12.0
S5_SELECT,F6_CONTEXT,T4_CRITIC,R,R,0.9647391823499316,0.8856302024252883,0.9990362440069527,12.0
S5_SELECT,F6_CONTEXT,T4_CRITIC,R,H,0.012075206296625424,1.690471708376999e-07,0.05720715331785465,12.0
S5_SELECT,F6_CONTEXT,T5_HUMAN_K0,E,C,0.010585325805657981,1.7278514028466448e-07,0.049317791616162086,14.999999999999998
S5_SELECT,F6_CONTEXT,T5_HUMAN_K0,E,E,0.9046848285871857,0.7896841585534237,0.9811592500995043,14.999999999999998
S5_SELECT,F6_CONTEXT,T5_HUMAN_K0,E,R,0.0737542063402992,0.011150566815136244,0.17936104767778485,14.999999999999998
S5_SELECT,F6_CONTEXT,T5_HUMAN_K0,E,H,0.010975639266857004,1.3513295976865694e-07,0.053667051350288986,14.999999999999998
S5_SELECT,F6_CONTEXT,T5_HUMAN_K0,R,C,0.0267823047459362,5.07124061823037e-07,0.12883979624219286,1.0
S5_SELECT,F6_CONTEXT,T5_HUMAN_K0,R,E,0.026519712760641072,4.171097326197336e-07,0.13418823846205538,1.0
S5_SELECT,F6_CONTEXT,T5_HUMAN_K0,R,R,0.9210628458401671,0.7522686600285351,0.9980032520456882,1.0
S5_SELECT,F6_CONTEXT,T5_HUMAN_K0,R,H,0.025635136653255695,3.2003436358816013e-07,0.1204668212117523,1.0
S5_SELECT,F6_CONTEXT,T5_HUMAN_K1,E,C,0.010031655301142972,1.256358931561536e-07,0.048936448179966945,16.0
S5_SELECT,F6_CONTEXT,T5_HUMAN_K1,E,E,0.42211373813607855,0.2650449159195816,0.5833516334292402,16.0
S5_SELECT,F6_CONTEXT,T5_HUMAN_K1,E,R,0.5578020456786065,0.3935677855469465,0.7164989782085202,16.0
S5_SELECT,F6_CONTEXT,T5_HUMAN_K1,E,H,0.010052560884172093,2.0498526676941415e-07,0.04860515981684934,16.0
S5_SELECT,F6_CONTEXT,T5_HUMAN_K2,E,C,0.02034007388907666,2.8654595432206884e-07,0.10051525671016084,4.0
S5_SELECT,F6_CONTEXT,T5_HUMAN_K2,E,E,0.6603401921945541,0.4353841179187242,0.8602967850525904,4.0
S5_SELECT,F6_CONTEXT,T5_HUMAN_K2,E,R,0.2992528946899595,0.11410340694758561,0.5200536551537617,4.0
S5_SELECT,F6_CONTEXT,T5_HUMAN_K2,E,H,0.020066839226409693,4.454334471742967e-07,0.09445056887865115,4.0
S5_SELECT,F6_CONTEXT,T5_HUMAN_K2,R,C,0.012015602230090816,1.997106197014445e-07,0.0578174081530477,12.0
S5_SELECT,F6_CONTEXT,T5_HUMAN_K2,R,E,0.011949685131640745,2.2892714576864097e-07,0.05737442978420218,12.0
S5_SELECT,F6_CONTEXT,T5_HUMAN_K2,R,R,0.9646146158291142,0.8861043069439931,0.9992337864158631,12.0
S5_SELECT,F6_CONTEXT,T5_HUMAN_K2,R,H,0.011420096809154278,1.9492910718051564e-07,0.05581071748648998,12.0
S5_SELECT,F6_CONTEXT,T5_HUMAN_K3,E,C,0.023860408176892514,4.1045925067603845e-07,0.11837048347571652,2.0000000000000018
S5_SELECT,F6_CONTEXT,T5_HUMAN_K3,E,E,0.5991571397191966,0.3521291381322625,0.8275348456517337,2.0000000000000018
S5_SELECT,F6_CONTEXT,T5_HUMAN_K3,E,R,0.3539632825158287,0.13943741875000334,0.5986299816033074,2.0000000000000018
S5_SELECT,F6_CONTEXT,T5_HUMAN_K3,E,H,0.02301916958808214,6.186741576496628e-07,0.10845217477357545,2.0000000000000018
S5_SELECT,F6_CONTEXT,T5_HUMAN_K3,R,C,0.01146610865141719,2.4372859012780715e-07,0.056411054276605574,14.0
S5_SELECT,F6_CONTEXT,T5_HUMAN_K3,R,E,0.010688391052974493,2.6537627187703595e-07,0.05102120682124821,14.0
S5_SELECT,F6_CONTEXT,T5_HUMAN_K3,R,R,0.9667089548239287,0.8900342601985487,0.999194405571768,14.0
S5_SELECT,F6_CONTEXT,T5_HUMAN_K3,R,H,0.0111365454716797,2.4650199817147985e-07,0.05313917030697524,14.0
S5_SELECT,F7_ADVERSARIAL,T1_LINEAR,E,C,0.00922232727658174,1.3015489167680796e-07,0.046220617773456645,18.0
S5_SELECT,F7_ADVERSARIAL,T1_LINEAR,E,E,0.9169598432923941,0.8208780102289739,0.9835244566641946,18.0
S5_SELECT,F7_ADVERSARIAL,T1_LINEAR,E,R,0.06399458746333984,0.010409225165243655,0.15468434751914015,18.0
S5_SELECT,F7_ADVERSARIAL,T1_LINEAR,E,H,0.009823241967684368,1.7942642827309758e-07,0.04980019926732919,18.0
S5_SELECT,F7_ADVERSARIAL,T1_LINEAR,R,C,0.01651140278984723,4.778962470599485e-07,0.08046189049741032,6.0
S5_SELECT,F7_ADVERSARIAL,T1_LINEAR,R,E,0.016771206814395433,3.6994979536901355e-07,0.08245045436757632,6.0
S5_SELECT,F7_ADVERSARIAL,T1_LINEAR,R,R,0.9492948912308068,0.8364402511525751,0.9987476300299291,6.0
S5_SELECT,F7_ADVERSARIAL,T1_LINEAR,R,H,0.017422499164950624,3.0615121481079495e-07,0.08350879589546513,6.0
S5_SELECT,F7_ADVERSARIAL,T2_VALIDATOR,R,C,0.007918203403601894,1.986315417266372e-07,0.03841928491170373,24.0
S5_SELECT,F7_ADVERSARIAL,T2_VALIDATOR,R,E,0.007488706855563702,1.659702737813994e-07,0.03524634181602307,24.0
S5_SELECT,F7_ADVERSARIAL,T2_VALIDATOR,R,R,0.9772277703324898,0.9267403974574857,0.9994588148854747,24.0
S5_SELECT,F7_ADVERSARIAL,T2_VALIDATOR,R,H,0.007365319408344683,9.600286558641863e-08,0.03403618688921136,24.0
S5_SELECT,F7_ADVERSARIAL,T3_SUPERVISOR,R,C,0.007932863372852378,2.0809981528715228e-07,0.03740129992092522,24.0
S5_SELECT,F7_ADVERSARIAL,T3_SUPERVISOR,R,E,0.00772196403906154,1.6436675678563478e-07,0.03749468977600376,24.0
S5_SELECT,F7_ADVERSARIAL,T3_SUPERVISOR,R,R,0.9768457181695814,0.922044740543887,0.9994539022570856,24.0
S5_SELECT,F7_ADVERSARIAL,T3_SUPERVISOR,R,H,0.007499454418504603,1.6744948428135768e-07,0.035339949543243314,24.0
S5_SELECT,F7_ADVERSARIAL,T4_CRITIC,E,C,0.008670337439545324,1.7526394624145965e-07,0.04119734731723442,20.0
S5_SELECT,F7_ADVERSARIAL,T4_CRITIC,E,E,0.497426324964558,0.35093801286568266,0.6439725906440279,20.0
S5_SELECT,F7_ADVERSARIAL,T4_CRITIC,E,R,0.48557070245306044,0.33906121841826903,0.6320225419866982,20.0
S5_SELECT,F7_ADVERSARIAL,T4_CRITIC,E,H,0.008332635142836104,1.171792518237622e-07,0.03931046924292092,20.0
S5_SELECT,F7_ADVERSARIAL,T4_CRITIC,R,C,0.019750137053193187,3.3456757521668734e-07,0.09518673261257277,4.0
S5_SELECT,F7_ADVERSARIAL,T4_CRITIC,R,E,0.019456816300860432,2.7163619478567306e-07,0.09363795984239978,4.0
S5_SELECT,F7_ADVERSARIAL,T4_CRITIC,R,R,0.9407968957404189,0.8135671464487073,0.9985550354300609,4.0
S5_SELECT,F7_ADVERSARIAL,T4_CRITIC,R,H,0.019996150905527504,2.31274472632063e-07,0.09805286167563061,4.0
S5_SELECT,F7_ADVERSARIAL,T5_HUMAN_K0,E,C,0.0077845296397813036,1.0411721251222808e-07,0.038202698113469324,24.0
S5_SELECT,F7_ADVERSARIAL,T5_HUMAN_K0,E,E,0.9314826582321909,0.8490116595048455,0.9854255368257975,24.0
S5_SELECT,F7_ADVERSARIAL,T5_HUMAN_K0,E,R,0.053000619841057174,0.007827463661923271,0.12986385355336344,24.0
S5_SELECT,F7_ADVERSARIAL,T5_HUMAN_K0,E,H,0.007732192286970627,1.0357239588193775e-07,0.03798058919265661,24.0
S5_SELECT,F7_ADVERSARIAL,T5_HUMAN_K1,E,C,0.007311679920618758,1.2013068899064795e-07,0.03438281342486409,24.0
S5_SELECT,F7_ADVERSARIAL,T5_HUMAN_K1,E,E,0.6560186314951147,0.5199706950712478,0.7816350421552042,24.0
S5_SELECT,F7_ADVERSARIAL,T5_HUMAN_K1,E,R,0.32880431279983224,0.206434140630478,0.4654011496949834,24.0
S5_SELECT,F7_ADVERSARIAL,T5_HUMAN_K1,E,H,0.007865375784434312,1.3138826211419704e-07,0.03924196863374229,24.0
S5_SELECT,F7_ADVERSARIAL,T5_HUMAN_K2,E,C,0.012169080908294452,1.8162562909295008e-07,0.05877150279030855,12.000000000000002
S5_SELECT,F7_ADVERSARIAL,T5_HUMAN_K2,E,E,0.5025469244883003,0.324783089208399,0.683512390375627,12.000000000000002
S5_SELECT,F7_ADVERSARIAL,T5_HUMAN_K2,E,R,0.4730284467332028,0.293408906970317,0.6528884159982467,12.000000000000002
S5_SELECT,F7_ADVERSARIAL,T5_HUMAN_K2,E,H,0.012255547870202492,2.52603610079757e-07,0.06048779150331281,12.000000000000002
S5_SELECT,F7_ADVERSARIAL,T5_HUMAN_K2,R,C,0.012396859161776946,2.1709008250659132e-07,0.05793001942917159,12.0
S5_SELECT,F7_ADVERSARIAL,T5_HUMAN_K2,R,E,0.012756629940037104,3.418668401736508e-07,0.06172282039150697,12.0
S5_SELECT,F7_ADVERSARIAL,T5_HUMAN_K2,R,R,0.9624360162928899,0.8780744358707699,0.9991012376954889,12.0
S5_SELECT,F7_ADVERSARIAL,T5_HUMAN_K2,R,H,0.012410494605295953,1.33685181358051e-07,0.06206130273001088,12.0
S5_SELECT,F7_ADVERSARIAL,T5_HUMAN_K3,E,C,0.02637977014233706,7.086369406850644e-07,0.12312923916504664,1.0
S5_SELECT,F7_ADVERSARIAL,T5_HUMAN_K3,E,E,0.7692392763087562,0.5272249447864407,0.9448705303736852,1.0
S5_SELECT,F7_ADVERSARIAL,T5_HUMAN_K3,E,R,0.17788571897169167,0.030081458725170856,0.4018205631671335,1.0
S5_SELECT,F7_ADVERSARIAL,T5_HUMAN_K3,E,H,0.02649523457721517,5.307451375521834e-07,0.1276281687168765,1.0
S5_SELECT,F7_ADVERSARIAL,T5_HUMAN_K3,R,C,0.008106846946384418,1.575999256515254e-07,0.03870491124845455,23.0
S5_SELECT,F7_ADVERSARIAL,T5_HUMAN_K3,R,E,0.007711698775216157,1.3728054134197438e-07,0.03617148867065175,23.0
S5_SELECT,F7_ADVERSARIAL,T5_HUMAN_K3,R,R,0.9764443410649355,0.9211894191016573,0.99952033349135,23.0
S5_SELECT,F7_ADVERSARIAL,T5_HUMAN_K3,R,H,0.007737113213463998,1.4370238946118719e-07,0.03809333749259915,23.0
S6_NARRATE,CONTROL,T1_LINEAR,C,C,0.8534339516813579,0.6901100705281376,0.964043550054615,8.0
S6_NARRATE,CONTROL,T1_LINEAR,C,E,0.08205824397912748,0.008869448997438203,0.21274491092339137,8.0
S6_NARRATE,CONTROL,T1_LINEAR,C,R,0.0484356082538109,0.0016549141592650046,0.15549080132106288,8.0
S6_NARRATE,CONTROL,T1_LINEAR,C,H,0.016072196085703722,2.505881509201416e-07,0.07811654595691937,8.0
S6_NARRATE,CONTROL,T2_VALIDATOR,C,C,0.8541909122499104,0.6894092554443271,0.9663273692768182,8.0
S6_NARRATE,CONTROL,T2_VALIDATOR,C,E,0.0806287208209529,0.00846067585498593,0.20887028805070987,8.0
S6_NARRATE,CONTROL,T2_VALIDATOR,C,R,0.04955836417886853,0.0014238986271740306,0.1590697052817053,8.0
S6_NARRATE,CONTROL,T2_VALIDATOR,C,H,0.015622002750268111,1.66111265389646e-07,0.07325081468304939,8.0
S6_NARRATE,CONTROL,T3_SUPERVISOR,C,C,0.8528585186693703,0.6922389971509284,0.9662068930678355,8.0
S6_NARRATE,CONTROL,T3_SUPERVISOR,C,E,0.0833237751916908,0.008451454328337448,0.2151150948919675,8.0
S6_NARRATE,CONTROL,T3_SUPERVISOR,C,R,0.04887448333038779,0.0012987880463440572,0.15422132396737107,8.0
S6_NARRATE,CONTROL,T3_SUPERVISOR,C,H,0.014943222808551003,3.2374078219558884e-07,0.06894666298952153,8.0
S6_NARRATE,CONTROL,T4_CRITIC,C,C,0.8523166329067917,0.6952176282235982,0.9656061136445687,8.0
S6_NARRATE,CONTROL,T4_CRITIC,C,E,0.08207297947358191,0.007918520196113072,0.21123904598431026,8.0
S6_NARRATE,CONTROL,T4_CRITIC,C,R,0.050094733407887275,0.0015497459851170077,0.15599416730767882,8.0
S6_NARRATE,CONTROL,T4_CRITIC,C,H,0.015515654211739078,2.2980928599830188e-07,0.0759938690737924,8.0
S6_NARRATE,CONTROL,T5_HUMAN_K0,C,C,0.8517254722699958,0.6875050879826273,0.9656583336132978,8.0
S6_NARRATE,CONTROL,T5_HUMAN_K0,C,E,0.08309944112831022,0.008524837485511664,0.21499648861822968,8.0
S6_NARRATE,CONTROL,T5_HUMAN_K0,C,R,0.049806091113130994,0.001273902431432514,0.15986233280517334,8.0
S6_NARRATE,CONTROL,T5_HUMAN_K0,C,H,0.015368995488562917,1.9889646100211177e-07,0.07353745389601749,8.0
S6_NARRATE,CONTROL,T5_HUMAN_K1,C,C,0.850444568674177,0.6861950538776995,0.9654466224440245,8.0
S6_NARRATE,CONTROL,T5_HUMAN_K1,C,E,0.08437800559946981,0.008075486655346395,0.2172798007523766,8.0
S6_NARRATE,CONTROL,T5_HUMAN_K1,C,R,0.049407586185515155,0.0015426610673231764,0.1531411748301595,8.0
S6_NARRATE,CONTROL,T5_HUMAN_K1,C,H,0.015769839540838135,2.1717123509338322e-07,0.07586284078770779,8.0
S6_NARRATE,CONTROL,T5_HUMAN_K2,C,C,0.8517287232235962,0.6940961769679338,0.9638612818348269,8.0
S6_NARRATE,CONTROL,T5_HUMAN_K2,C,E,0.08241092177303391,0.008427833834393572,0.21635809471406864,8.0
S6_NARRATE,CONTROL,T5_HUMAN_K2,C,R,0.05070903828879246,0.001228570840988874,0.15886345534403182,8.0
S6_NARRATE,CONTROL,T5_HUMAN_K2,C,H,0.015151316714577543,1.8211795650334625e-07,0.07473416108320896,8.0
S6_NARRATE,CONTROL,T5_HUMAN_K3,C,C,0.8533434818079327,0.6838500879264223,0.9662166098189837,8.0
S6_NARRATE,CONTROL,T5_HUMAN_K3,C,E,0.0820804168581102,0.008355511531161276,0.21474086144451696,8.0
S6_NARRATE,CONTROL,T5_HUMAN_K3,C,R,0.04888868373340857,0.0014800961578377418,0.1528645983121377,8.0
S6_NARRATE,CONTROL,T5_HUMAN_K3,C,H,0.015687417600548505,2.778514110409046e-07,0.07688646687614803,8.0
S6_NARRATE,F1_DATA,T1_LINEAR,C,C,0.3613561916491476,0.17970414806222612,0.5637670714337553,8.0
S6_NARRATE,F1_DATA,T1_LINEAR,C,E,0.5728862222678269,0.37391558062028496,0.7639278409024709,8.0
S6_NARRATE,F1_DATA,T1_LINEAR,C,R,0.05060994551747428,0.0013883025429729462,0.15968672483098054,8.0
S6_NARRATE,F1_DATA,T1_LINEAR,C,H,0.015147640565551177,3.104636463304078e-07,0.07254136561323368,8.0
S6_NARRATE,F1_DATA,T1_LINEAR,E,C,0.010212979294231794,1.584991728519491e-07,0.04906915410953756,15.999999999999998
S6_NARRATE,F1_DATA,T1_LINEAR,E,E,0.9091124061866419,0.7986356271601703,0.9804861575939458,15.999999999999998
S6_NARRATE,F1_DATA,T1_LINEAR,E,R,0.07002770098522605,0.010503411882365072,0.16691210143660754,15.999999999999998
S6_NARRATE,F1_DATA,T1_LINEAR,E,H,0.010646913533900267,3.110346847440633e-07,0.0504817123916666,15.999999999999998
S6_NARRATE,F1_DATA,T2_VALIDATOR,C,C,0.3596228209748458,0.17993707621100075,0.5631451807039366,8.0
S6_NARRATE,F1_DATA,T2_VALIDATOR,C,E,0.20524494561526171,0.06676165620018262,0.3862533900955172,8.0
S6_NARRATE,F1_DATA,T2_VALIDATOR,C,R,0.4193225687476654,0.2298393508281118,0.6189825542256537,8.0
S6_NARRATE,F1_DATA,T2_VALIDATOR,C,H,0.015809664662227114,2.83326370427216e-07,0.07764506023199885,8.0
S6_NARRATE,F1_DATA,T2_VALIDATOR,R,C,0.01055944807027637,2.641955984677227e-07,0.049227479813580416,16.0
S6_NARRATE,F1_DATA,T2_VALIDATOR,R,E,0.01001725866494132,2.53317437792962e-07,0.04949943165347319,16.0
S6_NARRATE,F1_DATA,T2_VALIDATOR,R,R,0.9689799456901276,0.8975230847637086,0.9992300497996255,16.0
S6_NARRATE,F1_DATA,T2_VALIDATOR,R,H,0.010443347574654795,1.720994434791914e-07,0.05007080647427107,16.0
S6_NARRATE,F1_DATA,T3_SUPERVISOR,C,C,0.362666861889469,0.18565266298357985,0.5573196282392657,8.0
S6_NARRATE,F1_DATA,T3_SUPERVISOR,C,E,0.14276404102165824,0.03295854117312674,0.30080815771024916,8.0
S6_NARRATE,F1_DATA,T3_SUPERVISOR,C,R,0.47945325817024337,0.2836433556767518,0.6761325244267655,8.0
S6_NARRATE,F1_DATA,T3_SUPERVISOR,C,H,0.015115838918629304,2.9402874713606044e-07,0.07090247153394545,8.0
S6_NARRATE,F1_DATA,T3_SUPERVISOR,R,C,0.010042772913857786,1.4697042474317999e-07,0.04881378283147709,16.0
S6_NARRATE,F1_DATA,T3_SUPERVISOR,R,E,0.010106862895315412,2.0574413815543522e-07,0.04685191613335185,16.0
S6_NARRATE,F1_DATA,T3_SUPERVISOR,R,R,0.9699073145447934,0.8998260943966777,0.9992636032570154,16.0
S6_NARRATE,F1_DATA,T3_SUPERVISOR,R,H,0.009943049646033455,1.8396087695250302e-07,0.04699853606783492,16.0
S6_NARRATE,F1_DATA,T4_CRITIC,C,C,0.35882172454577954,0.1774748656475215,0.5595492224513485,8.0
S6_NARRATE,F1_DATA,T4_CRITIC,C,E,0.5153880174034443,0.3183808357858206,0.7123381505365569,8.0
S6_NARRATE,F1_DATA,T4_CRITIC,C,R,0.11067433170045296,0.020383846358169807,0.25446215547488255,8.0
S6_NARRATE,F1_DATA,T4_CRITIC,C,H,0.015115926350323192,2.3441585591943198e-07,0.07557696766523672,8.0
S6_NARRATE,F1_DATA,T4_CRITIC,R,C,0.010158731454435452,1.7719891430688163e-07,0.05167250058494914,16.0
S6_NARRATE,F1_DATA,T4_CRITIC,R,E,0.010117922929464203,1.2649404337730137e-07,0.04980950602310111,16.0
S6_NARRATE,F1_DATA,T4_CRITIC,R,R,0.9697723055088128,0.9031297035249378,0.9993640782552912,16.0
S6_NARRATE,F1_DATA,T4_CRITIC,R,H,0.009951040107287519,1.689473745454786e-07,0.04671982555602001,16.0
S6_NARRATE,F1_DATA,T5_HUMAN_K0,C,C,0.35963938059881523,0.17845409779844268,0.5622498959728037,8.0
S6_NARRATE,F1_DATA,T5_HUMAN_K0,C,E,0.5749149505209689,0.37219225757216345,0.7623362892150034,8.0
S6_NARRATE,F1_DATA,T5_HUMAN_K0,C,R,0.04978139704389828,0.0015233210621339733,0.15483847329258127,8.0
S6_NARRATE,F1_DATA,T5_HUMAN_K0,C,H,0.01566427183631754,1.8491645950812332e-07,0.07436414565625273,8.0
S6_NARRATE,F1_DATA,T5_HUMAN_K0,E,C,0.011321884780406319,1.3691663220344725e-07,0.055367667342617596,13.999999999999998
S6_NARRATE,F1_DATA,T5_HUMAN_K0,E,E,0.9026383830949669,0.7856370832623415,0.9788459273680657,13.999999999999998
S6_NARRATE,F1_DATA,T5_HUMAN_K0,E,R,0.07501471114258794,0.011870117847198373,0.18357639744588802,13.999999999999998
S6_NARRATE,F1_DATA,T5_HUMAN_K0,E,H,0.011025020982038862,1.53614450701905e-07,0.05334149656557188,13.999999999999998
S6_NARRATE,F1_DATA,T5_HUMAN_K0,R,C,0.0228287724571461,3.786680947938386e-07,0.10791378303596924,2.0
S6_NARRATE,F1_DATA,T5_HUMAN_K0,R,E,0.022740737722275407,4.6441716853478894e-07,0.10926953271601232,2.0
S6_NARRATE,F1_DATA,T5_HUMAN_K0,R,R,0.9302453160163159,0.7762399102103944,0.9982584429748073,2.0
S6_NARRATE,F1_DATA,T5_HUMAN_K0,R,H,0.024185173804262626,3.20657891357055e-07,0.11195683427219166,2.0
S6_NARRATE,F1_DATA,T5_HUMAN_K1,C,C,0.3615511014696934,0.17942106815930237,0.5559288385427094,8.0
S6_NARRATE,F1_DATA,T5_HUMAN_K1,C,E,0.572562709720019,0.3704463203688976,0.7647674196962245,8.0
S6_NARRATE,F1_DATA,T5_HUMAN_K1,C,R,0.05016108072564235,0.001501417988858014,0.1544830402666826,8.0
S6_NARRATE,F1_DATA,T5_HUMAN_K1,C,H,0.015725108084645226,3.8102625471639615e-07,0.07855294600417001,8.0
S6_NARRATE,F1_DATA,T5_HUMAN_K1,R,C,0.010107802669019889,9.178252458942653e-08,0.04911866166448861,16.0
S6_NARRATE,F1_DATA,T5_HUMAN_K1,R,E,0.010037167982229565,3.117271098979271e-07,0.04726333977135053,16.0
S6_NARRATE,F1_DATA,T5_HUMAN_K1,R,R,0.9694950240564688,0.9005264116114553,0.9992457556712088,16.0
S6_NARRATE,F1_DATA,T5_HUMAN_K1,R,H,0.010360005292281812,2.276066874349869e-07,0.05078679305447113,16.0
S6_NARRATE,F1_DATA,T5_HUMAN_K2,C,C,0.36045333662288126,0.17986729680332558,0.565081685287078,8.0
S6_NARRATE,F1_DATA,T5_HUMAN_K2,C,E,0.5731828012804692,0.3706768501924319,0.7639725958873119,8.0
S6_NARRATE,F1_DATA,T5_HUMAN_K2,C,R,0.050832198757312694,0.0014903639228872126,0.16350053276766616,8.0
S6_NARRATE,F1_DATA,T5_HUMAN_K2,C,H,0.015531663339336907,2.4005819659212184e-07,0.07302585533763305,8.0
S6_NARRATE,F1_DATA,T5_HUMAN_K2,R,C,0.010380686817432828,1.7413409079187654e-07,0.05067557210516382,16.0
S6_NARRATE,F1_DATA,T5_HUMAN_K2,R,E,0.010878387541571178,3.127712336837002e-07,0.050542926519679725,16.0
S6_NARRATE,F1_DATA,T5_HUMAN_K2,R,R,0.9687337180550344,0.898456458750788,0.9992119612783754,16.0
S6_NARRATE,F1_DATA,T5_HUMAN_K2,R,H,0.010007207585961618,1.1343927167836054e-07,0.04683982321032216,16.0
S6_NARRATE,F1_DATA,T5_HUMAN_K3,C,C,0.36298103869445075,0.17636337552163017,0.5632184946667271,8.0
S6_NARRATE,F1_DATA,T5_HUMAN_K3,C,E,0.572357886197039,0.3728433119973593,0.7632442267384171,8.0
S6_NARRATE,F1_DATA,T5_HUMAN_K3,C,R,0.04967264489247231,0.001311235074725332,0.1585347277121879,8.0
S6_NARRATE,F1_DATA,T5_HUMAN_K3,C,H,0.014988430216037952,2.225824787825658e-07,0.0724116133198784,8.0
S6_NARRATE,F1_DATA,T5_HUMAN_K3,R,C,0.009953920682966211,1.9123642661193402e-07,0.04749981316948974,16.0
S6_NARRATE,F1_DATA,T5_HUMAN_K3,R,E,0.010022240068315471,2.2553100384086779e-07,0.048157258224851014,16.0
S6_NARRATE,F1_DATA,T5_HUMAN_K3,R,R,0.9698653609718746,0.8997714677935668,0.9992399576608831,16.0
S6_NARRATE,F1_DATA,T5_HUMAN_K3,R,H,0.010158478276843656,1.6048324474078442e-07,0.04956065703711889,16.0
S6_NARRATE,F2_SEMANTIC,T1_LINEAR,E,C,0.016083242458005038,3.4939607527150794e-07,0.07628743364959614,7.0
S6_NARRATE,F2_SEMANTIC,T1_LINEAR,E,E,0.8542289415537254,0.6909068652303088,0.9692779440284279,7.0
S6_NARRATE,F2_SEMANTIC,T1_LINEAR,E,R,0.1128786224599659,0.01724877756308749,0.26494796232021167,7.0
S6_NARRATE,F2_SEMANTIC,T1_LINEAR,E,H,0.01680919352830365,4.030490473493787e-07,0.0819123626896314,7.0
S6_NARRATE,F2_SEMANTIC,T1_LINEAR,R,C,0.02428430467329941,3.5148632727270045e-07,0.12017998894169168,1.0
S6_NARRATE,F2_SEMANTIC,T1_LINEAR,R,E,0.02465045099622101,3.8766252476000176e-07,0.1160081302180192,1.0
S6_NARRATE,F2_SEMANTIC,T1_LINEAR,R,R,0.9246321540423366,0.7619919560472965,0.998106308219303,1.0
S6_NARRATE,F2_SEMANTIC,T1_LINEAR,R,H,0.026433090288142988,5.878921756912308e-07,0.13127555899396387,1.0
S6_NARRATE,F2_SEMANTIC,T2_VALIDATOR,R,C,0.014946262001896965,2.2609788973356744e-07,0.07084462450866487,8.0
S6_NARRATE,F2_SEMANTIC,T2_VALIDATOR,R,E,0.015009956901954002,3.6823670490224894e-07,0.06983086139243755,8.0
S6_NARRATE,F2_SEMANTIC,T2_VALIDATOR,R,R,0.9552727566328543,0.8538163218961577,0.9989500600359459,8.0
S6_NARRATE,F2_SEMANTIC,T2_VALIDATOR,R,H,0.01477102446329476,2.502042215675672e-07,0.07026887889631611,8.0
S6_NARRATE,F2_SEMANTIC,T3_SUPERVISOR,R,C,0.015513808914649182,3.900923099173056e-07,0.07548493028563415,8.0
S6_NARRATE,F2_SEMANTIC,T3_SUPERVISOR,R,E,0.015045882376156972,2.6448697775676433e-07,0.07602892043566847,8.0
S6_NARRATE,F2_SEMANTIC,T3_SUPERVISOR,R,R,0.9545428025460451,0.8526531480129108,0.998835283446152,8.0
S6_NARRATE,F2_SEMANTIC,T3_SUPERVISOR,R,H,0.014897506163148784,7.716580127502233e-07,0.06951296851511089,8.0
S6_NARRATE,F2_SEMANTIC,T4_CRITIC,E,C,0.02504491595589039,3.7044122819063364e-07,0.11858865081574893,1.0
S6_NARRATE,F2_SEMANTIC,T4_CRITIC,E,E,0.7678523901544081,0.5315803094161703,0.9471506534396751,1.0
S6_NARRATE,F2_SEMANTIC,T4_CRITIC,E,R,0.1806873051827445,0.029849477933678478,0.4050964787383568,1.0
S6_NARRATE,F2_SEMANTIC,T4_CRITIC,E,H,0.026415388706957026,6.241656729269238e-07,0.1320061320841723,1.0
S6_NARRATE,F2_SEMANTIC,T4_CRITIC,R,C,0.015418613111171365,3.122053716605871e-07,0.0759198807641876,7.0
S6_NARRATE,F2_SEMANTIC,T4_CRITIC,R,E,0.015922073821759128,2.8594565559715484e-07,0.07895012008195322,7.0
S6_NARRATE,F2_SEMANTIC,T4_CRITIC,R,R,0.9531139863647995,0.8499764938600197,0.9986230224315893,7.0
S6_NARRATE,F2_SEMANTIC,T4_CRITIC,R,H,0.015545326702270039,2.988371085204092e-07,0.07326626253141323,7.0
S6_NARRATE,F2_SEMANTIC,T5_HUMAN_K0,E,C,0.016028305856924902,3.529104190488535e-07,0.07398331473126059,7.0
S6_NARRATE,F2_SEMANTIC,T5_HUMAN_K0,E,E,0.8584926062475182,0.6971171604867601,0.9700203065663175,7.0
S6_NARRATE,F2_SEMANTIC,T5_HUMAN_K0,E,R,0.10956247839825489,0.017849133646180685,0.26145281339307336,7.0
S6_NARRATE,F2_SEMANTIC,T5_HUMAN_K0,E,H,0.015916609497301993,4.543226146031033e-07,0.0765372962784414,7.0
S6_NARRATE,F2_SEMANTIC,T5_HUMAN_K0,R,C,0.025266952158339785,5.080613910849497e-07,0.11941220587370427,1.0
S6_NARRATE,F2_SEMANTIC,T5_HUMAN_K0,R,E,0.02580022866578105,5.544642942172407e-07,0.12324063012231902,1.0
S6_NARRATE,F2_SEMANTIC,T5_HUMAN_K0,R,R,0.9232831286600601,0.7618629313168547,0.9978116532900938,1.0
S6_NARRATE,F2_SEMANTIC,T5_HUMAN_K0,R,H,0.025649690515818974,4.1165205898307905e-07,0.12240325555127914,1.0
S6_NARRATE,F2_SEMANTIC,T5_HUMAN_K1,E,C,0.02663175083946421,5.996477237917989e-07,0.1305273952110299,1.0
S6_NARRATE,F2_SEMANTIC,T5_HUMAN_K1,E,E,0.76710756653376,0.5206423232649577,0.9453303505334537,1.0
S6_NARRATE,F2_SEMANTIC,T5_HUMAN_K1,E,R,0.1790936928079407,0.03038566251038215,0.4050134548700914,1.0
S6_NARRATE,F2_SEMANTIC,T5_HUMAN_K1,E,H,0.02716698981883513,4.197453304241709e-07,0.13271943793435978,1.0
S6_NARRATE,F2_SEMANTIC,T5_HUMAN_K1,R,C,0.016140089634842463,5.77959493937734e-07,0.07760814368134217,7.0
S6_NARRATE,F2_SEMANTIC,T5_HUMAN_K1,R,E,0.015475087706572079,2.787021125918381e-07,0.07455364145847113,7.0
S6_NARRATE,F2_SEMANTIC,T5_HUMAN_K1,R,R,0.9526940632390015,0.8466978783105914,0.9990935588155787,7.0
S6_NARRATE,F2_SEMANTIC,T5_HUMAN_K1,R,H,0.015690759419584033,2.5611263785215084e-07,0.07545912569473066,7.0
S6_NARRATE,F2_SEMANTIC,T5_HUMAN_K2,R,C,0.01456352609912835,3.354975012244624e-07,0.07037187160582584,8.0
S6_NARRATE,F2_SEMANTIC,T5_HUMAN_K2,R,E,0.015344252739343032,2.559106723829327e-07,0.07499962745513394,8.0
S6_NARRATE,F2_SEMANTIC,T5_HUMAN_K2,R,R,0.955120051394832,0.8509156594368149,0.9989088199849196,8.0
S6_NARRATE,F2_SEMANTIC,T5_HUMAN_K2,R,H,0.014972169766696632,3.505583021189238e-07,0.0732451368773745,8.0
S6_NARRATE,F2_SEMANTIC,T5_HUMAN_K3,R,C,0.014999288218145891,3.131625035086783e-07,0.06926216583726928,8.0
S6_NARRATE,F2_SEMANTIC,T5_HUMAN_K3,R,E,0.014961825133690106,1.8915314204968972e-07,0.07272414252663632,8.0
S6_NARRATE,F2_SEMANTIC,T5_HUMAN_K3,R,R,0.9553321894452147,0.8548504606641473,0.998957320720597,8.0
S6_NARRATE,F2_SEMANTIC,T5_HUMAN_K3,R,H,0.014706697202949398,3.000909426471797e-07,0.07058675144069337,8.0
S6_NARRATE,F3_TOOL,T1_LINEAR,C,C,0.3632719810304069,0.18574990255438745,0.5670570963655656,8.0
S6_NARRATE,F3_TOOL,T1_LINEAR,C,E,0.5123637102394197,0.3112167519378823,0.7119599654440616,8.0
S6_NARRATE,F3_TOOL,T1_LINEAR,C,R,0.10903769631570542,0.017184942021274397,0.25535505370323364,8.0
S6_NARRATE,F3_TOOL,T1_LINEAR,C,H,0.015326612414467797,2.0345673460972863e-07,0.0764158846770657,8.0
S6_NARRATE,F3_TOOL,T1_LINEAR,E,C,0.007483714749214391,1.3616567784921022e-07,0.03486033263659108,24.0
S6_NARRATE,F3_TOOL,T1_LINEAR,E,E,0.8413116232180323,0.7248735056639083,0.9319196999012234,24.0
S6_NARRATE,F3_TOOL,T1_LINEAR,E,R,0.14350309048992663,0.05866403070253271,0.2544754583562372,24.0
S6_NARRATE,F3_TOOL,T1_LINEAR,E,H,0.007701571542826665,8.684563501008028e-08,0.03708281643005619,24.0
S6_NARRATE,F3_TOOL,T2_VALIDATOR,C,C,0.36066874108869534,0.1795483155782578,0.5625517201045886,8.0
S6_NARRATE,F3_TOOL,T2_VALIDATOR,C,E,0.1433273299046922,0.031548555954467844,0.30755515747719014,8.0
S6_NARRATE,F3_TOOL,T2_VALIDATOR,C,R,0.48053227596748144,0.28701146078930845,0.6808332009265423,8.0
S6_NARRATE,F3_TOOL,T2_VALIDATOR,C,H,0.015471653039131053,2.9761815770849253e-07,0.07201051652687207,8.0
S6_NARRATE,F3_TOOL,T2_VALIDATOR,E,C,0.0234268919111457,5.463413062943629e-07,0.1134029634021797,2.0000000000000018
S6_NARRATE,F3_TOOL,T2_VALIDATOR,E,E,0.5960618967303812,0.3470510465425687,0.8261498089082331,2.0000000000000018
S6_NARRATE,F3_TOOL,T2_VALIDATOR,E,R,0.3562484009263392,0.1384274848793862,0.6052780390665112,2.0000000000000018
S6_NARRATE,F3_TOOL,T2_VALIDATOR,E,H,0.024262810432133883,4.027323504305297e-07,0.1174178100232002,2.0000000000000018
S6_NARRATE,F3_TOOL,T2_VALIDATOR,R,C,0.008003419412971896,2.445689967947118e-07,0.040705592501447334,22.0
S6_NARRATE,F3_TOOL,T2_VALIDATOR,R,E,0.007703847892237075,1.6562481011712465e-07,0.037800146686578474,22.0
S6_NARRATE,F3_TOOL,T2_VALIDATOR,R,R,0.9760591411333114,0.9209547527911397,0.9994627325758996,22.0
S6_NARRATE,F3_TOOL,T2_VALIDATOR,R,H,0.008233591561479717,1.7622096353540066e-07,0.041043480331270504,22.0
S6_NARRATE,F3_TOOL,T3_SUPERVISOR,C,C,0.36089687912233703,0.18272256684459087,0.5658902746068234,8.0
S6_NARRATE,F3_TOOL,T3_SUPERVISOR,C,E,0.20526630030505935,0.06698522043222868,0.38448600126552496,8.0
S6_NARRATE,F3_TOOL,T3_SUPERVISOR,C,R,0.41819370551796237,0.22641775185151114,0.6209193962204567,8.0
S6_NARRATE,F3_TOOL,T3_SUPERVISOR,C,H,0.015643115054641214,3.110472883943256e-07,0.07436428949374498,8.0
S6_NARRATE,F3_TOOL,T3_SUPERVISOR,E,C,0.027243249939573427,5.974730399430802e-07,0.12581735154246854,1.0
S6_NARRATE,F3_TOOL,T3_SUPERVISOR,E,E,0.7644479944282966,0.5139721596371907,0.9437819484112592,1.0
S6_NARRATE,F3_TOOL,T3_SUPERVISOR,E,R,0.1821965530025402,0.028128775230273108,0.4122562626430933,1.0
S6_NARRATE,F3_TOOL,T3_SUPERVISOR,E,H,0.02611220262958967,4.139935629717232e-07,0.12593304316457668,1.0
S6_NARRATE,F3_TOOL,T3_SUPERVISOR,R,C,0.007564487212264263,1.941903556421412e-07,0.03650017055419158,23.0
S6_NARRATE,F3_TOOL,T3_SUPERVISOR,R,E,0.0075002642872739455,9.246531921231206e-08,0.03917311467772284,23.0
S6_NARRATE,F3_TOOL,T3_SUPERVISOR,R,R,0.9769605653209362,0.9259433009158832,0.9994075111017499,23.0
S6_NARRATE,F3_TOOL,T3_SUPERVISOR,R,H,0.007974683179525677,9.182533808174894e-08,0.03846151098744224,23.0
S6_NARRATE,F3_TOOL,T4_CRITIC,C,C,0.3604306992321557,0.18291808279104277,0.5643247014953352,8.0
S6_NARRATE,F3_TOOL,T4_CRITIC,C,E,0.4525346766345056,0.2543218903393515,0.6521719475730423,8.0
S6_NARRATE,F3_TOOL,T4_CRITIC,C,R,0.17161364898541678,0.04761971293016544,0.33543887239141446,8.0
S6_NARRATE,F3_TOOL,T4_CRITIC,C,H,0.01542097514792204,2.297029977913011e-07,0.07423928188752248,8.0
S6_NARRATE,F3_TOOL,T4_CRITIC,E,C,0.026901023974098513,3.9429361127033564e-07,0.12984277210163964,1.0
S6_NARRATE,F3_TOOL,T4_CRITIC,E,E,0.7686081756954594,0.5340797402197586,0.9468832113135492,1.0
S6_NARRATE,F3_TOOL,T4_CRITIC,E,R,0.17890887249332824,0.030674897373378033,0.40402241951425044,1.0
S6_NARRATE,F3_TOOL,T4_CRITIC,E,H,0.025581927837113785,4.782927542687543e-07,0.12341399882478313,1.0
S6_NARRATE,F3_TOOL,T4_CRITIC,R,C,0.00791487063656237,1.4313285264042394e-07,0.0381462431117165,23.0
S6_NARRATE,F3_TOOL,T4_CRITIC,R,E,0.007966535848250347,1.4078550045552324e-07,0.03848832663920546,23.0
S6_NARRATE,F3_TOOL,T4_CRITIC,R,R,0.9762265513455922,0.9227118828036399,0.9994638608338188,23.0
S6_NARRATE,F3_TOOL,T4_CRITIC,R,H,0.007892042169594988,1.5300679277044497e-07,0.038990172806403406,23.0
S6_NARRATE,F3_TOOL,T5_HUMAN_K0,C,C,0.361881579193287,0.17785880112547503,0.5610161725286479,8.0
S6_NARRATE,F3_TOOL,T5_HUMAN_K0,C,E,0.574251607475035,0.3773042766286138,0.767798212038235,8.0
S6_NARRATE,F3_TOOL,T5_HUMAN_K0,C,R,0.048863276066515735,0.0015373685686530581,0.15521897096865284,8.0
S6_NARRATE,F3_TOOL,T5_HUMAN_K0,C,H,0.015003537265162188,3.331940108305859e-07,0.07288114180335349,8.0
S6_NARRATE,F3_TOOL,T5_HUMAN_K0,E,C,0.00767971942311477,1.4453338795153856e-07,0.036968947687325955,24.0
S6_NARRATE,F3_TOOL,T5_HUMAN_K0,E,E,0.9324684575845288,0.8475957463148192,0.9854680291570145,24.0
S6_NARRATE,F3_TOOL,T5_HUMAN_K0,E,R,0.052225877086696744,0.008085328180218716,0.12936076018028814,24.0
S6_NARRATE,F3_TOOL,T5_HUMAN_K0,E,H,0.007625945905659641,1.2007596997998625e-07,0.03654281141700001,24.0
S6_NARRATE,F3_TOOL,T5_HUMAN_K1,C,C,0.35998214426438624,0.17618941634665963,0.5596362986503943,8.0
S6_NARRATE,F3_TOOL,T5_HUMAN_K1,C,E,0.5757425749293501,0.37348613204074765,0.7669737559882402,8.0
S6_NARRATE,F3_TOOL,T5_HUMAN_K1,C,R,0.04865572022814727,0.0013226068704841102,0.15222028095816953,8.0
S6_NARRATE,F3_TOOL,T5_HUMAN_K1,C,H,0.015619560578116412,2.0800756087610067e-07,0.07635019978968484,8.0
S6_NARRATE,F3_TOOL,T5_HUMAN_K1,R,C,0.007477321305858696,1.0622762357519392e-07,0.03699872420524658,24.0
S6_NARRATE,F3_TOOL,T5_HUMAN_K1,R,E,0.007660832933599234,1.685122987597661e-07,0.03636622812362439,24.0
S6_NARRATE,F3_TOOL,T5_HUMAN_K1,R,R,0.9774274302228588,0.9276476767995926,0.999415591807893,24.0
S6_NARRATE,F3_TOOL,T5_HUMAN_K1,R,H,0.007434415537683282,2.562975147462279e-07,0.03634365877463203,24.0
S6_NARRATE,F3_TOOL,T5_HUMAN_K2,C,C,0.3620700203931784,0.18410814893767374,0.5635856026253125,8.0
S6_NARRATE,F3_TOOL,T5_HUMAN_K2,C,E,0.5728111960709471,0.37099603201672593,0.7622250876088579,8.0
S6_NARRATE,F3_TOOL,T5_HUMAN_K2,C,R,0.049255297204027965,0.0014814937884647657,0.15550170760991971,8.0
S6_NARRATE,F3_TOOL,T5_HUMAN_K2,C,H,0.015863486331846543,2.766585646921182e-07,0.07763346671399382,8.0
S6_NARRATE,F3_TOOL,T5_HUMAN_K2,R,C,0.007821928825281823,2.232971274278178e-07,0.03614832054327869,24.0
S6_NARRATE,F3_TOOL,T5_HUMAN_K2,R,E,0.007610436125943906,1.4457869199872448e-07,0.037014662467460345,24.0
S6_NARRATE,F3_TOOL,T5_HUMAN_K2,R,R,0.9767657816061946,0.9250551659170904,0.9993631426634986,24.0
S6_NARRATE,F3_TOOL,T5_HUMAN_K2,R,H,0.0078018534425796015,8.596680479562588e-08,0.03765593085948401,24.0
S6_NARRATE,F3_TOOL,T5_HUMAN_K3,C,C,0.35933611597035986,0.18405336240794606,0.5541921613997091,8.0
S6_NARRATE,F3_TOOL,T5_HUMAN_K3,C,E,0.575019696765463,0.36969932693908825,0.7628200082467725,8.0
S6_NARRATE,F3_TOOL,T5_HUMAN_K3,C,R,0.0507356294709646,0.001435658855885576,0.15316933663684712,8.0
S6_NARRATE,F3_TOOL,T5_HUMAN_K3,C,H,0.01490855779321243,2.439513841035512e-07,0.0727729357481904,8.0
S6_NARRATE,F3_TOOL,T5_HUMAN_K3,E,C,0.02632398299476292,5.49473829506364e-07,0.1277078533691223,1.0
S6_NARRATE,F3_TOOL,T5_HUMAN_K3,E,E,0.7684366303785813,0.5218441901188648,0.9492214421777753,1.0
S6_NARRATE,F3_TOOL,T5_HUMAN_K3,E,R,0.17976171339450878,0.027372818306309596,0.4063268262339238,1.0
S6_NARRATE,F3_TOOL,T5_HUMAN_K3,E,H,0.02547767323214704,3.489047698257545e-07,0.12253750363287397,1.0
S6_NARRATE,F3_TOOL,T5_HUMAN_K3,R,C,0.00779173309024643,1.503994010883496e-07,0.03752129523588756,23.0
S6_NARRATE,F3_TOOL,T5_HUMAN_K3,R,E,0.007847686659277372,1.4406085042209753e-07,0.03742875157727565,23.0
S6_NARRATE,F3_TOOL,T5_HUMAN_K3,R,R,0.9766034888636369,0.9238902821990377,0.9993936380595074,23.0
S6_NARRATE,F3_TOOL,T5_HUMAN_K3,R,H,0.007757091386839258,1.4061118026935966e-07,0.03954332478726703,23.0
S6_NARRATE,F4_REASONING,T1_LINEAR,E,C,0.014908918045287734,2.444594245842398e-07,0.07326319440285706,7.999999999999998
S6_NARRATE,F4_REASONING,T1_LINEAR,E,E,0.8673318480577907,0.7131612911689873,0.9723131371736994,7.999999999999998
S6_NARRATE,F4_REASONING,T1_LINEAR,E,R,0.10240954452688945,0.015876661355900643,0.24157839935794967,7.999999999999998
S6_NARRATE,F4_REASONING,T1_LINEAR,E,H,0.01534968937003221,3.571597533403367e-07,0.07367864151607649,7.999999999999998
S6_NARRATE,F4_REASONING,T2_VALIDATOR,E,C,0.020497361983196613,2.9369684460077175e-07,0.10121134477552822,4.000000000000002
S6_NARRATE,F4_REASONING,T2_VALIDATOR,E,E,0.5843289494716524,0.3530802603717973,0.8002679707924566,4.000000000000002
S6_NARRATE,F4_REASONING,T2_VALIDATOR,E,R,0.37658323246403574,0.1692173182049111,0.6060152198714851,4.000000000000002
S6_NARRATE,F4_REASONING,T2_VALIDATOR,E,H,0.01859045608111528,2.8294299647509097e-07,0.08678182017867134,4.000000000000002
S6_NARRATE,F4_REASONING,T2_VALIDATOR,R,C,0.02046192532563714,3.834144556728274e-07,0.09640147551850593,4.0
S6_NARRATE,F4_REASONING,T2_VALIDATOR,R,E,0.019755699512661894,4.6999613823373283e-07,0.0945823804962466,4.0
S6_NARRATE,F4_REASONING,T2_VALIDATOR,R,R,0.939926390671092,0.8066303651787579,0.998419909017875,4.0
S6_NARRATE,F4_REASONING,T2_VALIDATOR,R,H,0.01985598449060891,4.5131408609431175e-07,0.09622370722799745,4.0
S6_NARRATE,F4_REASONING,T3_SUPERVISOR,E,C,0.02397717593689041,4.874946875146523e-07,0.1155937127932689,2.0000000000000018
S6_NARRATE,F4_REASONING,T3_SUPERVISOR,E,E,0.696841357280203,0.45608632536135774,0.8983900933454362,2.0000000000000018
S6_NARRATE,F4_REASONING,T3_SUPERVISOR,E,R,0.25578510905554075,0.07154251753434254,0.4943327576804261,2.0000000000000018
S6_NARRATE,F4_REASONING,T3_SUPERVISOR,E,H,0.023396357727365823,4.010777089465469e-07,0.11023229363445126,2.0000000000000018
S6_NARRATE,F4_REASONING,T3_SUPERVISOR,R,C,0.016460897287056464,2.987103164290973e-07,0.07688840616152884,6.0
S6_NARRATE,F4_REASONING,T3_SUPERVISOR,R,E,0.017215087868966493,3.024325669713111e-07,0.08431396329179537,6.0
S6_NARRATE,F4_REASONING,T3_SUPERVISOR,R,R,0.9492417301237208,0.8372525469362955,0.9989140413405249,6.0
S6_NARRATE,F4_REASONING,T3_SUPERVISOR,R,H,0.017082284720256306,2.69918978788993e-07,0.08080093009023497,6.0
S6_NARRATE,F4_REASONING,T4_CRITIC,E,C,0.02427968640179757,4.222849257428139e-07,0.1156917130473438,2.0
S6_NARRATE,F4_REASONING,T4_CRITIC,E,E,0.7874957780167497,0.5573661488177322,0.9497722318958958,2.0
S6_NARRATE,F4_REASONING,T4_CRITIC,E,R,0.16427754427324387,0.02642654468743873,0.3852615046234152,2.0
S6_NARRATE,F4_REASONING,T4_CRITIC,E,H,0.023946991308208723,6.816467634406459e-07,0.11486854032136347,2.0
S6_NARRATE,F4_REASONING,T4_CRITIC,R,C,0.016312283010249833,2.847749736212669e-07,0.07875141577074525,6.0
S6_NARRATE,F4_REASONING,T4_CRITIC,R,E,0.016678838393817882,2.8823315716212645e-07,0.07779375368128626,6.0
S6_NARRATE,F4_REASONING,T4_CRITIC,R,R,0.9507155492125139,0.8440194612308127,0.9987396552590552,6.0
S6_NARRATE,F4_REASONING,T4_CRITIC,R,H,0.016293329383418355,2.7177500626269753e-07,0.07767746566681577,6.0
S6_NARRATE,F4_REASONING,T5_HUMAN_K0,E,C,0.014765727096255335,3.219037694938899e-07,0.07044060169472263,7.999999999999998
S6_NARRATE,F4_REASONING,T5_HUMAN_K0,E,E,0.8671854708405636,0.713864352943807,0.9700455757753815,7.999999999999998
S6_NARRATE,F4_REASONING,T5_HUMAN_K0,E,R,0.10318114397815693,0.014527136001289439,0.24165834607988732,7.999999999999998
S6_NARRATE,F4_REASONING,T5_HUMAN_K0,E,H,0.014867658085024044,2.2645538794426322e-07,0.07373225050312877,7.999999999999998
S6_NARRATE,F4_REASONING,T5_HUMAN_K1,E,C,0.026701636585640422,3.357769313440836e-07,0.13331257751595488,1.0
S6_NARRATE,F4_REASONING,T5_HUMAN_K1,E,E,0.7686678891945976,0.5257793694582881,0.9445559926274154,1.0
S6_NARRATE,F4_REASONING,T5_HUMAN_K1,E,R,0.17708893417864388,0.026464826341291426,0.40235705006395256,1.0
S6_NARRATE,F4_REASONING,T5_HUMAN_K1,E,H,0.027541540041118147,8.793386742422243e-07,0.13292636414712009,1.0
S6_NARRATE,F4_REASONING,T5_HUMAN_K1,R,C,0.014908840631089307,2.6963069946386744e-07,0.07396310201715171,7.0
S6_NARRATE,F4_REASONING,T5_HUMAN_K1,R,E,0.016182282677622097,3.100692553771162e-07,0.08000116980723601,7.0
S6_NARRATE,F4_REASONING,T5_HUMAN_K1,R,R,0.9536558446717506,0.8484638953728679,0.9986813592882007,7.0
S6_NARRATE,F4_REASONING,T5_HUMAN_K1,R,H,0.01525303201953793,1.7715877647077404e-07,0.07171949099999533,7.0
S6_NARRATE,F4_REASONING,T5_HUMAN_K2,E,C,0.022075854815326507,4.233606798587214e-07,0.10765287369257096,3.0
S6_NARRATE,F4_REASONING,T5_HUMAN_K2,E,E,0.7223156254712608,0.4889848556197294,0.9083750276679999,3.0
S6_NARRATE,F4_REASONING,T5_HUMAN_K2,E,R,0.23492664903589458,0.06458261353715275,0.4603004854513029,3.0
S6_NARRATE,F4_REASONING,T5_HUMAN_K2,E,H,0.020681870677518126,3.575116614346626e-07,0.10201645273938123,3.0
S6_NARRATE,F4_REASONING,T5_HUMAN_K2,R,C,0.018874394003744906,1.7404228823135297e-07,0.0879276746752506,5.0
S6_NARRATE,F4_REASONING,T5_HUMAN_K2,R,E,0.017621814078232653,2.826823729646792e-07,0.0825414538517638,5.0
S6_NARRATE,F4_REASONING,T5_HUMAN_K2,R,R,0.9464551146089404,0.8310272257284813,0.9987407559598787,5.0
S6_NARRATE,F4_REASONING,T5_HUMAN_K2,R,H,0.017048677309082053,3.5709639472801077e-07,0.08219948817521894,5.0
S6_NARRATE,F4_REASONING,T5_HUMAN_K3,E,C,0.02088923941151917,2.264969398705353e-07,0.10458895738854238,4.0
S6_NARRATE,F4_REASONING,T5_HUMAN_K3,E,E,0.8233442128340519,0.6303453084424827,0.9593177940226931,4.0
S6_NARRATE,F4_REASONING,T5_HUMAN_K3,E,R,0.13677026799969746,0.021362611745031273,0.3188057725911374,4.0
S6_NARRATE,F4_REASONING,T5_HUMAN_K3,E,H,0.018996279754731487,4.7275119813388817e-07,0.0896976089468944,4.0
S6_NARRATE,F4_REASONING,T5_HUMAN_K3,R,C,0.019814564967830732,5.11330547294671e-07,0.09302797704174484,4.0
S6_NARRATE,F4_REASONING,T5_HUMAN_K3,R,E,0.019535020471240058,3.9323409485741107e-07,0.09500699442919883,4.0
S6_NARRATE,F4_REASONING,T5_HUMAN_K3,R,R,0.9418800542964918,0.8141602165310345,0.9983252837176415,4.0
S6_NARRATE,F4_REASONING,T5_HUMAN_K3,R,H,0.01877036026443733,3.789651209481698e-07,0.09311556545413707,4.0
S6_NARRATE,F5_HANDOFF,T1_LINEAR,E,C,0.014762090979215846,1.90614479624653e-07,0.07292211826741256,7.999999999999998
S6_NARRATE,F5_HANDOFF,T1_LINEAR,E,E,0.8699327622735623,0.7176475083509618,0.9730872101533062,7.999999999999998
S6_NARRATE,F5_HANDOFF,T1_LINEAR,E,R,0.09971278707185761,0.014269683121115644,0.2370734999987781,7.999999999999998
S6_NARRATE,F5_HANDOFF,T1_LINEAR,E,H,0.015592359675364306,2.539868281640965e-07,0.07388220313484835,7.999999999999998
S6_NARRATE,F5_HANDOFF,T2_VALIDATOR,R,C,0.015429863771042503,2.4221744857206145e-07,0.07765527231112736,8.0
S6_NARRATE,F5_HANDOFF,T2_VALIDATOR,R,E,0.016181879461801826,1.8241882783872884e-07,0.07605347350852164,8.0
S6_NARRATE,F5_HANDOFF,T2_VALIDATOR,R,R,0.9541634944512857,0.8533386918924173,0.9988621189984276,8.0
S6_NARRATE,F5_HANDOFF,T2_VALIDATOR,R,H,0.014224762315869947,3.1369395782460146e-07,0.06877615285100422,8.0
S6_NARRATE,F5_HANDOFF,T3_SUPERVISOR,R,C,0.015370182737117606,1.7727643231282275e-07,0.07725946212896222,8.0
S6_NARRATE,F5_HANDOFF,T3_SUPERVISOR,R,E,0.01472250410002748,2.34193747916117e-07,0.06927710330095745,8.0
S6_NARRATE,F5_HANDOFF,T3_SUPERVISOR,R,R,0.9547299558638253,0.8522729487456793,0.9990780060198703,8.0
S6_NARRATE,F5_HANDOFF,T3_SUPERVISOR,R,H,0.015177357299029654,1.0472645387583655e-07,0.07352161522545814,8.0
S6_NARRATE,F5_HANDOFF,T4_CRITIC,R,C,0.015166376446647251,3.900104897702208e-07,0.07112817140267642,8.0
S6_NARRATE,F5_HANDOFF,T4_CRITIC,R,E,0.014446105169017657,2.8756377219214306e-07,0.070779312066693,8.0
S6_NARRATE,F5_HANDOFF,T4_CRITIC,R,R,0.9545341430361687,0.8510168808520178,0.9989834983713527,8.0
S6_NARRATE,F5_HANDOFF,T4_CRITIC,R,H,0.015853375348166436,5.899915432455383e-07,0.07738209671819583,8.0
S6_NARRATE,F5_HANDOFF,T5_HUMAN_K0,E,C,0.015117521250217862,2.158985666718731e-07,0.07285401039591127,7.999999999999998
S6_NARRATE,F5_HANDOFF,T5_HUMAN_K0,E,E,0.8669547931465179,0.710178424963729,0.970644731539982,7.999999999999998
S6_NARRATE,F5_HANDOFF,T5_HUMAN_K0,E,R,0.10307157972779805,0.016736775981506375,0.24820493928977377,7.999999999999998
S6_NARRATE,F5_HANDOFF,T5_HUMAN_K0,E,H,0.014856105875466217,4.166332623320652e-07,0.06907784537479439,7.999999999999998
S6_NARRATE,F5_HANDOFF,T5_HUMAN_K1,R,C,0.015442757816264674,2.2292490581879043e-07,0.07643922227863345,8.0
S6_NARRATE,F5_HANDOFF,T5_HUMAN_K1,R,E,0.015161996255325369,1.8333780939891013e-07,0.0731324254815807,8.0
S6_NARRATE,F5_HANDOFF,T5_HUMAN_K1,R,R,0.9538859037716148,0.8526829210376461,0.999000228953434,8.0
S6_NARRATE,F5_HANDOFF,T5_HUMAN_K1,R,H,0.015509342156795227,2.913195340729794e-07,0.07344818247598023,8.0
S6_NARRATE,F5_HANDOFF,T5_HUMAN_K2,R,C,0.014613372006318211,2.658764928248122e-07,0.07086086138938485,8.0
S6_NARRATE,F5_HANDOFF,T5_HUMAN_K2,R,E,0.015273681933904663,3.3012971920301113e-07,0.07442611293520306,8.0
S6_NARRATE,F5_HANDOFF,T5_HUMAN_K2,R,R,0.9557381804987078,0.8574231537759607,0.9990001090144499,8.0
S6_NARRATE,F5_HANDOFF,T5_HUMAN_K2,R,H,0.014374765561069295,2.4959720045369876e-07,0.06807272005784853,8.0
S6_NARRATE,F5_HANDOFF,T5_HUMAN_K3,R,C,0.014793032821784614,3.5435606941083246e-07,0.07260154413673488,8.0
S6_NARRATE,F5_HANDOFF,T5_HUMAN_K3,R,E,0.015264387695026981,1.9861480924453842e-07,0.07444054411306958,8.0
S6_NARRATE,F5_HANDOFF,T5_HUMAN_K3,R,R,0.9548404696132483,0.8535284400973463,0.9989338736636395,8.0
S6_NARRATE,F5_HANDOFF,T5_HUMAN_K3,R,H,0.01510210986994014,1.946402276131996e-07,0.07380341759854411,8.0
S6_NARRATE,F6_CONTEXT,T1_LINEAR,E,C,0.010324227691539524,1.7260429610172221e-07,0.04937940001131431,15.999999999999998
S6_NARRATE,F6_CONTEXT,T1_LINEAR,E,E,0.9098871309711304,0.7987386268370987,0.9812217826018812,15.999999999999998
S6_NARRATE,F6_CONTEXT,T1_LINEAR,E,R,0.07048793189974527,0.009871077633921614,0.17163253165206638,15.999999999999998
S6_NARRATE,F6_CONTEXT,T1_LINEAR,E,H,0.009300709437584771,1.1634597232148873e-07,0.046010096958964415,15.999999999999998
S6_NARRATE,F6_CONTEXT,T2_VALIDATOR,E,C,0.027494027713473576,4.396139253566533e-07,0.12930875992125984,1.0000000000000018
S6_NARRATE,F6_CONTEXT,T2_VALIDATOR,E,E,0.662349247996066,0.3950713722009195,0.8830377466401484,1.0000000000000018
S6_NARRATE,F6_CONTEXT,T2_VALIDATOR,E,R,0.28413659628697996,0.08409301104745898,0.5366900698985664,1.0000000000000018
S6_NARRATE,F6_CONTEXT,T2_VALIDATOR,E,H,0.026020128003480535,6.317542093253474e-07,0.12262399444713624,1.0000000000000018
S6_NARRATE,F6_CONTEXT,T2_VALIDATOR,R,C,0.010469036680696065,1.4323383318490938e-07,0.05213599108157305,15.0
S6_NARRATE,F6_CONTEXT,T2_VALIDATOR,R,E,0.010660023876829705,2.090462353258659e-07,0.051489851692779615,15.0
S6_NARRATE,F6_CONTEXT,T2_VALIDATOR,R,R,0.9684201956197083,0.8959335408924555,0.9991235417587866,15.0
S6_NARRATE,F6_CONTEXT,T2_VALIDATOR,R,H,0.010450743822765913,1.9858288158104458e-07,0.04961059226551828,15.0
S6_NARRATE,F6_CONTEXT,T3_SUPERVISOR,R,C,0.010259151681617082,1.175838223739452e-07,0.04877087448760251,16.0
S6_NARRATE,F6_CONTEXT,T3_SUPERVISOR,R,E,0.0106025649314384,1.768012114709345e-07,0.05103909188709142,16.0
S6_NARRATE,F6_CONTEXT,T3_SUPERVISOR,R,R,0.9691719956710246,0.8972670828162498,0.9993032515919321,16.0
S6_NARRATE,F6_CONTEXT,T3_SUPERVISOR,R,H,0.009966287715919911,1.5298624598117523e-07,0.048920847707515994,16.0
S6_NARRATE,F6_CONTEXT,T4_CRITIC,E,C,0.024775917106257792,4.782108735994799e-07,0.11726165003833476,2.0
S6_NARRATE,F6_CONTEXT,T4_CRITIC,E,E,0.7898126476645742,0.5557789751338859,0.9544490979562383,2.0
S6_NARRATE,F6_CONTEXT,T4_CRITIC,E,R,0.16060608617176023,0.025451541820066,0.3778152055585833,2.0
S6_NARRATE,F6_CONTEXT,T4_CRITIC,E,H,0.024805349057407958,4.547393195969469e-07,0.11917332442246545,2.0
S6_NARRATE,F6_CONTEXT,T4_CRITIC,R,C,0.011522397270933361,1.917420234744449e-07,0.055649066095381096,14.0
S6_NARRATE,F6_CONTEXT,T4_CRITIC,R,E,0.011045729256355549,1.4118265251666433e-07,0.052235469743811665,14.0
S6_NARRATE,F6_CONTEXT,T4_CRITIC,R,R,0.9665306125246957,0.889970250800535,0.9992665826569822,14.0
S6_NARRATE,F6_CONTEXT,T4_CRITIC,R,H,0.010901260948015327,2.0603408261350785e-07,0.05140289338334265,14.0
S6_NARRATE,F6_CONTEXT,T5_HUMAN_K0,E,C,0.010980989996303085,1.7323914343796698e-07,0.05273010922107039,14.999999999999998
S6_NARRATE,F6_CONTEXT,T5_HUMAN_K0,E,E,0.9049324434149377,0.7913149477705038,0.9795789083437545,14.999999999999998
S6_NARRATE,F6_CONTEXT,T5_HUMAN_K0,E,R,0.07340597645881598,0.010880830459823068,0.17609102699329376,14.999999999999998
S6_NARRATE,F6_CONTEXT,T5_HUMAN_K0,E,H,0.010680590129943138,2.0851524533462293e-07,0.05427116710813096,14.999999999999998
S6_NARRATE,F6_CONTEXT,T5_HUMAN_K0,R,C,0.02680975671938033,3.4511658995077857e-07,0.12877917258457836,1.0
S6_NARRATE,F6_CONTEXT,T5_HUMAN_K0,R,E,0.025855944014864306,4.450155280448001e-07,0.12050641672702923,1.0
S6_NARRATE,F6_CONTEXT,T5_HUMAN_K0,R,R,0.9210005804633103,0.7525323529861764,0.9979756659009317,1.0
S6_NARRATE,F6_CONTEXT,T5_HUMAN_K0,R,H,0.026333718802444922,5.373799472597642e-07,0.1252560796807939,1.0
S6_NARRATE,F6_CONTEXT,T5_HUMAN_K1,E,C,0.01963064554497428,3.97845544806307e-07,0.09713180548440843,4.0
S6_NARRATE,F6_CONTEXT,T5_HUMAN_K1,E,E,0.8239763065340548,0.6228150390343205,0.9595475795432833,4.0
S6_NARRATE,F6_CONTEXT,T5_HUMAN_K1,E,R,0.13671600843870224,0.02138974513820113,0.32225060841534375,4.0
S6_NARRATE,F6_CONTEXT,T5_HUMAN_K1,E,H,0.019677039482268725,3.002046831137816e-07,0.09517352121294029,4.0
S6_NARRATE,F6_CONTEXT,T5_HUMAN_K1,R,C,0.011467506705280676,2.6365763045579584e-07,0.05661566752155962,12.0
S6_NARRATE,F6_CONTEXT,T5_HUMAN_K1,R,E,0.013340529022016653,3.533015624814073e-07,0.0635739232768073,12.0
S6_NARRATE,F6_CONTEXT,T5_HUMAN_K1,R,R,0.962828975836705,0.8788442033927201,0.9992350110186876,12.0
S6_NARRATE,F6_CONTEXT,T5_HUMAN_K1,R,H,0.01236298843599773,2.579374551005927e-07,0.057798265987888266,12.0
S6_NARRATE,F6_CONTEXT,T5_HUMAN_K2,E,C,0.023180746936600338,3.899924224357586e-07,0.11515845396875919,2.0
S6_NARRATE,F6_CONTEXT,T5_HUMAN_K2,E,E,0.789814962878759,0.5618676661994543,0.9499425223190591,2.0
S6_NARRATE,F6_CONTEXT,T5_HUMAN_K2,E,R,0.16153629125160887,0.026558238834968814,0.3736092553153976,2.0
S6_NARRATE,F6_CONTEXT,T5_HUMAN_K2,E,H,0.025467998933031886,4.6698678704760274e-07,0.11998105248118379,2.0
S6_NARRATE,F6_CONTEXT,T5_HUMAN_K2,R,C,0.011385541639021652,1.0844888236782868e-07,0.05559263174317937,14.0
S6_NARRATE,F6_CONTEXT,T5_HUMAN_K2,R,E,0.011153852644227549,2.3518599901781744e-07,0.05553568080686989,14.0
S6_NARRATE,F6_CONTEXT,T5_HUMAN_K2,R,R,0.9668572120769691,0.8900802403321697,0.9991085143706259,14.0
S6_NARRATE,F6_CONTEXT,T5_HUMAN_K2,R,H,0.010603393639781732,1.8577267693667079e-07,0.05040344808204691,14.0
S6_NARRATE,F6_CONTEXT,T5_HUMAN_K3,R,C,0.010009659490218531,1.934232483167866e-07,0.048772354069789504,16.0
S6_NARRATE,F6_CONTEXT,T5_HUMAN_K3,R,E,0.010008147639514046,1.5662577733117776e-07,0.047751557517012024,16.0
S6_NARRATE,F6_CONTEXT,T5_HUMAN_K3,R,R,0.9700732364392003,0.9031264491877488,0.9993025831582633,16.0
S6_NARRATE,F6_CONTEXT,T5_HUMAN_K3,R,H,0.009908956431067135,1.2658920585281588e-07,0.04579615300890992,16.0
S6_NARRATE,F7_ADVERSARIAL,T1_LINEAR,E,C,0.009240048374154184,1.2800748219514582e-07,0.045209080565625136,18.0
S6_NARRATE,F7_ADVERSARIAL,T1_LINEAR,E,E,0.9167499383483525,0.8110780855249411,0.9831150293561779,18.0
S6_NARRATE,F7_ADVERSARIAL,T1_LINEAR,E,R,0.06454853438753645,0.008604093684233457,0.1567375197337794,18.0
S6_NARRATE,F7_ADVERSARIAL,T1_LINEAR,E,H,0.009461478889956765,2.7613017516617815e-07,0.045826791347065125,18.0
S6_NARRATE,F7_ADVERSARIAL,T1_LINEAR,R,C,0.01733041701380391,4.436852298661275e-07,0.07919750176157914,6.0
S6_NARRATE,F7_ADVERSARIAL,T1_LINEAR,R,E,0.017246474631495246,2.2423617639448238e-07,0.08362030662721917,6.0
S6_NARRATE,F7_ADVERSARIAL,T1_LINEAR,R,R,0.9480895983321252,0.8351918379221475,0.998850696706602,6.0
S6_NARRATE,F7_ADVERSARIAL,T1_LINEAR,R,H,0.017333510022575774,3.268440595203393e-07,0.08381913554612994,6.0
S6_NARRATE,F7_ADVERSARIAL,T2_VALIDATOR,R,C,0.007198845845371365,2.2099842816198348e-07,0.03330219195454231,24.0
S6_NARRATE,F7_ADVERSARIAL,T2_VALIDATOR,R,E,0.0076887942852699445,1.3134987547733188e-07,0.035517580523051435,24.0
S6_NARRATE,F7_ADVERSARIAL,T2_VALIDATOR,R,R,0.9771805607516127,0.9256593777424692,0.9994727807352285,24.0
S6_NARRATE,F7_ADVERSARIAL,T2_VALIDATOR,R,H,0.007931799117745832,1.6349945619552685e-07,0.038412943711760385,24.0
S6_NARRATE,F7_ADVERSARIAL,T3_SUPERVISOR,R,C,0.007752382112341221,1.6280635650541138e-07,0.03786243847517426,24.0
S6_NARRATE,F7_ADVERSARIAL,T3_SUPERVISOR,R,E,0.007506112613297515,1.3698157639157055e-07,0.036111317941105794,24.0
S6_NARRATE,F7_ADVERSARIAL,T3_SUPERVISOR,R,R,0.9770237188426931,0.9239289131309362,0.9994945232582728,24.0
S6_NARRATE,F7_ADVERSARIAL,T3_SUPERVISOR,R,H,0.00771778643166802,1.6275649097917976e-07,0.037844797525870735,24.0
S6_NARRATE,F7_ADVERSARIAL,T4_CRITIC,E,C,0.015003297645389107,2.400723778161992e-07,0.07101664817553136,8.000000000000002
S6_NARRATE,F7_ADVERSARIAL,T4_CRITIC,E,E,0.6835418615198149,0.48514485153181774,0.8586747760027635,8.000000000000002
S6_NARRATE,F7_ADVERSARIAL,T4_CRITIC,E,R,0.2864178617458175,0.12299611616000268,0.4789571586493516,8.000000000000002
S6_NARRATE,F7_ADVERSARIAL,T4_CRITIC,E,H,0.015036979088978388,2.614294057153114e-07,0.07090942282455456,8.000000000000002
S6_NARRATE,F7_ADVERSARIAL,T4_CRITIC,R,C,0.009943071021378182,2.6268173385140327e-07,0.048334606372889624,16.0
S6_NARRATE,F7_ADVERSARIAL,T4_CRITIC,R,E,0.010334138710612478,1.8939918820692965e-07,0.05013964188385051,16.0
S6_NARRATE,F7_ADVERSARIAL,T4_CRITIC,R,R,0.9697786760680994,0.9026884914007949,0.9993133428079631,16.0
S6_NARRATE,F7_ADVERSARIAL,T4_CRITIC,R,H,0.009944114199909943,1.278553204397432e-07,0.05027705809191285,16.0
S6_NARRATE,F7_ADVERSARIAL,T5_HUMAN_K0,E,C,0.007470000347464156,1.347163897115089e-07,0.03485561393255411,24.0
S6_NARRATE,F7_ADVERSARIAL,T5_HUMAN_K0,E,E,0.9331266208697226,0.8520277171778122,0.9867422327306813,24.0
S6_NARRATE,F7_ADVERSARIAL,T5_HUMAN_K0,E,R,0.05170016876388276,0.007287131319353696,0.1260506622980688,24.0
S6_NARRATE,F7_ADVERSARIAL,T5_HUMAN_K0,E,H,0.007703210018930449,7.792615452827392e-08,0.03692133725579037,24.0
S6_NARRATE,F7_ADVERSARIAL,T5_HUMAN_K1,E,C,0.01099567042961222,1.0447387012689138e-07,0.05317865344985241,14.999999999999998
S6_NARRATE,F7_ADVERSARIAL,T5_HUMAN_K1,E,E,0.9062251947905829,0.7930330135339572,0.9801455916727573,14.999999999999998
S6_NARRATE,F7_ADVERSARIAL,T5_HUMAN_K1,E,R,0.07223070346931106,0.011236652140157725,0.17346303527334334,14.999999999999998
S6_NARRATE,F7_ADVERSARIAL,T5_HUMAN_K1,E,H,0.010548431310493805,1.653793485953264e-07,0.04918866471951741,14.999999999999998
S6_NARRATE,F7_ADVERSARIAL,T5_HUMAN_K1,R,C,0.0142280779982825,2.87440401889627e-07,0.06834260682220912,9.0
S6_NARRATE,F7_ADVERSARIAL,T5_HUMAN_K1,R,E,0.014234069593539232,1.9516906836327867e-07,0.06962944354710986,9.0
S6_NARRATE,F7_ADVERSARIAL,T5_HUMAN_K1,R,R,0.9573543069200321,0.861003581295133,0.9990863216514363,9.0
S6_NARRATE,F7_ADVERSARIAL,T5_HUMAN_K1,R,H,0.014183545488146184,2.222151952894786e-07,0.06847966335232979,9.0
S6_NARRATE,F7_ADVERSARIAL,T5_HUMAN_K2,E,C,0.01980100834157831,3.2509837539598145e-07,0.09894140989374382,4.0
S6_NARRATE,F7_ADVERSARIAL,T5_HUMAN_K2,E,E,0.8245176419428617,0.6236085415919661,0.9574202408017943,4.0
S6_NARRATE,F7_ADVERSARIAL,T5_HUMAN_K2,E,R,0.13534603367081524,0.02334133284416511,0.314406438474881,4.0
S6_NARRATE,F7_ADVERSARIAL,T5_HUMAN_K2,E,H,0.020335316044744756,2.9370620153654835e-07,0.09854617960398468,4.0
S6_NARRATE,F7_ADVERSARIAL,T5_HUMAN_K2,R,C,0.008766520154855724,1.861344566690263e-07,0.041745439627286794,20.0
S6_NARRATE,F7_ADVERSARIAL,T5_HUMAN_K2,R,E,0.008622990184648727,1.8856402924193386e-07,0.04028721928123204,20.0
S6_NARRATE,F7_ADVERSARIAL,T5_HUMAN_K2,R,R,0.9743765865887346,0.9161627799143641,0.9993884750134239,20.0
S6_NARRATE,F7_ADVERSARIAL,T5_HUMAN_K2,R,H,0.008233903071760895,1.7450710044283606e-07,0.03814107423544842,20.0
S6_NARRATE,F7_ADVERSARIAL,T5_HUMAN_K3,E,C,0.02791802906706978,4.1505533279554067e-07,0.1328560822893454,1.0
S6_NARRATE,F7_ADVERSARIAL,T5_HUMAN_K3,E,E,0.7650884242835493,0.5250811944769369,0.9426966999968276,1.0
S6_NARRATE,F7_ADVERSARIAL,T5_HUMAN_K3,E,R,0.1795100120688873,0.026916624444439506,0.41355044826236287,1.0
S6_NARRATE,F7_ADVERSARIAL,T5_HUMAN_K3,E,H,0.02748353458049367,5.108443126966183e-07,0.1305256988313812,1.0
S6_NARRATE,F7_ADVERSARIAL,T5_HUMAN_K3,R,C,0.00786669419478726,8.929766587605687e-08,0.03862509996745916,23.0
S6_NARRATE,F7_ADVERSARIAL,T5_HUMAN_K3,R,E,0.007564762974767371,1.1429529616556209e-07,0.03508740731536458,23.0
S6_NARRATE,F7_ADVERSARIAL,T5_HUMAN_K3,R,R,0.976461280861473,0.924091883935847,0.9994411266081474,23.0
S6_NARRATE,F7_ADVERSARIAL,T5_HUMAN_K3,R,H,0.008107261968972303,1.9464698575952543e-07,0.03745903035835883,23.0
