detection_scale,frequency_multiplier,loss_conversion_ratio,remediation_cost,topology,var_995,var_995_ci_low,var_995_ci_high,es_995
0.6,0.5,0.01,1000.0,T1_LINEAR,397238735.71115583,350864500.304653,397269310.4089348,481119938.6231206
0.6,0.5,0.01,1000.0,T2_VALIDATOR,19528.197994566155,18508.71573154545,21749.0625105943,22339.58064277792
0.6,0.5,0.01,1000.0,T3_SUPERVISOR,18249.942424120916,17242.523626407845,19600.412598848747,20404.98646128097
0.6,0.5,0.01,1000.0,T4_CRITIC,9157629.672605736,9154866.11848695,9159924.358753875,9770444.666323747
0.6,0.5,0.01,1000.0,T5_HUMAN_K0,351603257.57501984,350872124.9407814,406391688.85513717,458922454.4596363
0.6,0.5,0.01,1000.0,T5_HUMAN_K1,149951053.39949387,149947924.17484897,149952448.75255576,160255206.73032665
0.6,0.5,0.01,1000.0,T5_HUMAN_K2,25912.32602464515,23344.714379724024,28122.687897436583,29317.789477243306
0.6,0.5,0.01,1000.0,T5_HUMAN_K3,28595.530866998495,26735.87538858215,29162.678044326272,31230.457691448486
0.6,0.5,0.01,5000.0,T1_LINEAR,397250735.71115583,346606839.114501,397289351.1417343,481147938.6231206
0.6,0.5,0.01,5000.0,T2_VALIDATOR,65991.03535116903,61559.51392672599,68624.82821892026,70729.5200232221
0.6,0.5,0.01,5000.0,T3_SUPERVISOR,58743.23489210674,57330.90085762277,63833.58643007301,67510.6213911413
0.6,0.5,0.01,5000.0,T4_CRITIC,9186788.249431832,9182395.457296062,9190548.512348413,9803116.098032186
0.6,0.5,0.01,5000.0,T5_HUMAN_K0,351627257.57501984,350935199.06898576,406853621.4901328,458949921.1263029
0.6,0.5,0.01,5000.0,T5_HUMAN_K1,149980468.45465443,149976011.3511338,149984294.6123349,160286245.76264757
0.6,0.5,0.01,5000.0,T5_HUMAN_K2,64917.65683433685,63344.6636436821,67188.98325963497,70190.21563582761
0.6,0.5,0.01,5000.0,T5_HUMAN_K3,69021.1899174064,64895.89293307581,69836.21268347427,70942.82910967026
0.6,0.5,0.01,10000.0,T1_LINEAR,397265735.71115583,350900565.3758036,398924833.85001117,481182938.6231206
0.6,0.5,0.01,10000.0,T2_VALIDATOR,125986.9170434931,115702.91810519216,128950.9949496497,133316.42393829627
0.6,0.5,0.01,10000.0,T3_SUPERVISOR,112768.93935594978,110001.2065227544,125510.5672734896,127525.4667618101
0.6,0.5,0.01,10000.0,T4_CRITIC,9226144.484396225,9219763.485121975,9231936.561037965,9846688.621865558
0.6,0.5,0.01,10000.0,T5_HUMAN_K0,351657257.57501984,351123151.63207656,406893575.43556774,458984254.4596363
0.6,0.5,0.01,10000.0,T5_HUMAN_K1,150018193.5373167,150010860.38627627,150023200.2595549,160326923.5021019
0.6,0.5,0.01,10000.0,T5_HUMAN_K2,119088.45984471035,113994.80018224032,125080.67165152312,127636.5954435341
0.6,0.5,0.01,10000.0,T5_HUMAN_K3,122902.74741995645,115494.45585319931,129369.61796857415,129443.09818714896
0.6,0.5,0.05,1000.0,T1_LINEAR,1986181678.555779,1740093345.294655,1992939864.61922,2405571693.115603
0.6,0.5,0.05,1000.0,T2_VALIDATOR,61822.03149850669,56716.63034893561,66925.43331779758,69799.32313151877
0.6,0.5,0.05,1000.0,T3_SUPERVISOR,56210.69361095377,53182.57172776517,61040.69407233908,62422.62114563444
0.6,0.5,0.05,1000.0,T4_CRITIC,45765941.61238178,45753143.01792289,45769403.63695868,48822404.8858372
0.6,0.5,0.05,1000.0,T5_HUMAN_K0,1757992253.2784731,1754340678.7159417,1994334932.7426558,2294584805.6315155
0.6,0.5,0.05,1000.0,T5_HUMAN_K1,749725593.3266833,749710339.0102085,749739911.0901884,801248208.5047551
0.6,0.5,0.05,1000.0,T5_HUMAN_K2,94963.18772899934,89798.93329562379,105557.32272474821,112305.58126370552
0.6,0.5,0.05,1000.0,T5_HUMAN_K3,111381.17726675315,104748.94931207036,115378.09287417078,125820.18128346236
0.6,0.5,0.05,5000.0,T1_LINEAR,1986193678.555779,1754322526.423841,1992974072.2810748,2405599693.115603
0.6,0.5,0.05,5000.0,T2_VALIDATOR,97640.9899728308,92126.08027772185,108745.08260461401,111697.90321388957
0.6,0.5,0.05,5000.0,T3_SUPERVISOR,91249.71212060458,86212.60856691937,97994.16345565308,102024.93230640484
0.6,0.5,0.05,5000.0,T4_CRITIC,45788148.36302869,45774334.71832699,45799621.793769374,48852223.33161875
0.6,0.5,0.05,5000.0,T5_HUMAN_K0,1758016287.8750992,1754482923.2092996,2461956113.171038,2294612272.298182
0.6,0.5,0.05,5000.0,T5_HUMAN_K1,749755266.9974694,749739340.7867365,749764756.1910808,801276033.6516334
0.6,0.5,0.05,5000.0,T5_HUMAN_K2,129561.63012322575,115921.33723611718,140111.93036627898,146588.94738621652
0.6,0.5,0.05,5000.0,T5_HUMAN_K3,142977.6543349925,134072.5138476143,146837.3413953696,156152.28845724242
0.6,0.5,0.05,10000.0,T1_LINEAR,1986208678.555779,1736056703.5081189,1986381602.0446734,2405634693.115603
0.6,0.5,0.05,10000.0,T2_VALIDATOR,156280.85907111387,147139.89943945972,163733.2179474687,169084.30055582442
0.6,0.5,0.05,10000.0,T3_SUPERVISOR,139308.70489459106,131125.22770707423,152425.59828942202,159497.6357657308
0.6,0.5,0.05,10000.0,T4_CRITIC,45814670.660852216,45808081.49071408,45834398.300500624,48891020.14215099
0.6,0.5,0.05,10000.0,T5_HUMAN_K0,1758046287.8750992,1757976391.4095216,2034148418.8749855,2294646605.6315155
0.6,0.5,0.05,10000.0,T5_HUMAN_K1,749787950.8801129,749772177.4471765,749805155.7007422,801313531.1115291
0.6,0.5,0.05,10000.0,T5_HUMAN_K2,168158.0947980606,163927.05055819254,185593.4855625669,192640.8444647361
0.6,0.5,0.05,10000.0,T5_HUMAN_K3,184348.65674123119,178680.42134031962,194004.6167748461,199162.2880097576
0.6,0.5,0.1,1000.0,T1_LINEAR,3972360357.111558,3508608988.5881305,3972579166.240262,4811136386.231206
0.6,0.5,0.1,1000.0,T2_VALIDATOR,113663.96069170252,102437.57077487008,125956.86931374006,130865.65603398363
0.6,0.5,0.1,1000.0,T3_SUPERVISOR,106088.04643149854,97364.40406469734,110237.38636306926,116534.01944887218
0.6,0.5,0.1,1000.0,T4_CRITIC,91524888.22476356,91502122.37999876,91532773.25513981,97637809.7716744
0.6,0.5,0.1,1000.0,T5_HUMAN_K0,3515978486.5569463,3508912000.102414,4923857938.484608,4589162744.596364
0.6,0.5,0.1,1000.0,T5_HUMAN_K1,1499447181.6533666,1499415514.0995655,1499470810.463402,1602489617.0095103
0.6,0.5,0.1,1000.0,T5_HUMAN_K2,185146.4566489972,174595.53634121973,200868.42679579637,216677.8291940777
0.6,0.5,0.1,1000.0,T5_HUMAN_K3,213698.6929549716,201244.77538835423,227208.29422508663,244978.2963410309
0.6,0.5,0.1,5000.0,T1_LINEAR,3972372357.111558,3508625052.622132,3992018557.5452185,4811164386.231206
0.6,0.5,0.1,5000.0,T2_VALIDATOR,149432.0567823933,139752.89578765212,162466.4358949373,168261.63592792017
0.6,0.5,0.1,5000.0,T3_SUPERVISOR,137494.81014724905,128591.7589199194,146758.94372459486,151602.32400450256
0.6,0.5,0.1,5000.0,T4_CRITIC,91548779.5696087,91517673.97022246,91559249.2163359,97666779.99657083
0.6,0.5,0.1,5000.0,T5_HUMAN_K0,3516002566.5569463,3510510585.0068707,4923882244.902789,4589190211.263031
0.6,0.5,0.1,5000.0,T5_HUMAN_K1,1499469363.1759765,1499438066.4992104,1499504057.2304645,1602516989.6976972
0.6,0.5,0.1,5000.0,T5_HUMAN_K2,212553.2352843798,199304.74641525326,240848.2118900704,249330.98135883812
0.6,0.5,0.1,5000.0,T5_HUMAN_K3,244274.31011523594,228487.02905999168,253402.55600548317,272998.65426523436
0.6,0.5,0.1,10000.0,T1_LINEAR,3972387357.111558,3508645052.847682,3984895660.757689,4811199386.231206
0.6,0.5,0.1,10000.0,T2_VALIDATOR,195281.9799456616,184735.2089902009,217484.82611351262,223395.80642777914
0.6,0.5,0.1,10000.0,T3_SUPERVISOR,182499.42424120917,172424.93084816317,197807.66838810974,204049.86461280967
0.6,0.5,0.1,10000.0,T4_CRITIC,91576296.72605738,91547003.63931218,91599128.14580256,97704446.6632375
0.6,0.5,0.1,10000.0,T5_HUMAN_K0,3516032575.7501984,3508992794.7809486,4923912226.342076,4589224544.596364
0.6,0.5,0.1,10000.0,T5_HUMAN_K1,1499510533.9949389,1499472988.9361522,1499551861.4511666,1602552067.3032668
0.6,0.5,0.1,10000.0,T5_HUMAN_K2,259123.2602464515,233548.10852067522,281186.9711251338,293177.89477243304
0.6,0.5,0.1,10000.0,T5_HUMAN_K3,285955.308669985,268164.88076585275,291621.6383732024,312304.57691448485
0.6,1.0,0.01,1000.0,T1_LINEAR,496324569.3327997,402398576.45504,684913880.5524836,661563249.9479042
0.6,1.0,0.01,1000.0,T2_VALIDATOR,28207.01373888349,26816.28720577624,29531.011376383565,30664.226345308256
0.6,1.0,0.01,1000.0,T3_SUPERVISOR,28954.55473070048,26911.103015146295,30605.606895483827,31006.71665914554
0.6,1.0,0.01,1000.0,T4_CRITIC,9172559.876811039,9168815.938334271,9218383.095359346,15870640.12921413
0.6,1.0,0.01,1000.0,T5_HUMAN_K0,492398325.3020639,397275306.4299025,500813198.9386549,579800626.9576929
0.6,1.0,0.01,1000.0,T5_HUMAN_K1,151485074.0500158,149995433.64149165,151491720.66173372,210851073.46599856
0.6,1.0,0.01,1000.0,T5_HUMAN_K2,38739.03072693546,36601.04177773339,39717.56376362422,41854.01645079617
0.6,1.0,0.01,1000.0,T5_HUMAN_K3,43552.47033489086,40775.16678233983,44781.50589845924,47010.71137452043
0.6,1.0,0.01,5000.0,T1_LINEAR,496376569.3327997,408001313.39882535,684945880.5524836,661607783.2812375
0.6,1.0,0.01,5000.0,T2_VALIDATOR,94281.23633776199,93476.94665289026,97237.65332665374,101096.51237237078
0.6,1.0,0.01,5000.0,T3_SUPERVISOR,94269.2022514801,92554.63949392969,104231.62033734629,105013.52894261327
0.6,1.0,0.01,5000.0,T4_CRITIC,9230403.932881877,9221045.007454462,16288669.438154202,15921866.443884227
0.6,1.0,0.01,5000.0,T5_HUMAN_K0,492434325.3020639,397347252.92755103,500849307.86668545,579847026.9576929
0.6,1.0,0.01,5000.0,T5_HUMAN_K1,151528484.5613181,150041155.06649056,151541070.68346626,210896530.0968019
0.6,1.0,0.01,5000.0,T5_HUMAN_K2,101211.1309709921,98922.66185676036,106052.79601732873,111284.55942193003
0.6,1.0,0.01,5000.0,T5_HUMAN_K3,107484.95424136917,103591.24898873935,112294.21668091069,113824.49157968313
0.6,1.0,0.01,10000.0,T1_LINEAR,496441569.3327997,401252316.953425,685024201.6272353,661663449.9479042
0.6,1.0,0.01,10000.0,T2_VALIDATOR,182765.40841885656,177981.7613064012,186284.0323715556,193993.5668268261
0.6,1.0,0.01,10000.0,T3_SUPERVISOR,180013.73250339762,175513.36203630245,190023.9744267732,200469.7162852423
0.6,1.0,0.01,10000.0,T4_CRITIC,9302188.72175029,9287406.568299515,9382311.691903004,15988640.303621756
0.6,1.0,0.01,10000.0,T5_HUMAN_K0,492479325.3020639,397412036.5377388,499890684.22530353,579905026.9576929
0.6,1.0,0.01,10000.0,T5_HUMAN_K1,151578484.5613181,150131142.45068285,151608548.71545997,210954863.43013525
0.6,1.0,0.01,10000.0,T5_HUMAN_K2,185316.28201420026,180889.83657830968,196065.6885053946,206157.4850335293
0.6,1.0,0.01,10000.0,T5_HUMAN_K3,190925.11883416385,188471.8904326791,198264.91061183088,205117.5343486561
0.6,1.0,0.05,1000.0,T1_LINEAR,2481570846.663998,2005689997.2892268,3424522388.970095,3307771716.4061875
0.6,1.0,0.05,1000.0,T2_VALIDATOR,87228.29956100242,81125.13099555283,89142.88133826363,93368.94070565155
0.6,1.0,0.05,1000.0,T3_SUPERVISOR,84593.92043533307,79822.04216312911,89590.34045678205,90228.21957021017
0.6,1.0,0.05,1000.0,T4_CRITIC,45816011.50067739,45791468.623109415,46118103.584883146,79305444.3467434
0.6,1.0,0.05,1000.0,T5_HUMAN_K0,2461955626.5103197,1986331266.748659,2504030382.9707174,2898956734.788465
0.6,1.0,0.05,1000.0,T5_HUMAN_K1,757369390.2500792,749817034.6943051,757426860.8377938,1054211900.6633263
0.6,1.0,0.05,1000.0,T5_HUMAN_K2,139674.27290340804,129666.21605297184,143853.45809572347,155786.58408686507
0.6,1.0,0.05,1000.0,T5_HUMAN_K3,157496.1925547772,151471.7344003493,167545.87439652014,178109.48248066634
0.6,1.0,0.05,5000.0,T1_LINEAR,2481622846.663998,2039633695.9859512,3424569402.762417,3307816249.7395205
0.6,1.0,0.05,5000.0,T2_VALIDATOR,141035.06869441745,132692.2221652562,147641.3804904364,153321.1317265413
0.6,1.0,0.05,5000.0,T3_SUPERVISOR,144772.77365350243,135227.25452736975,153027.67362570044,155033.58329572767
0.6,1.0,0.05,5000.0,T4_CRITIC,45862799.384055205,45838241.30777123,46072085.266652085,79353200.64607064
0.6,1.0,0.05,5000.0,T5_HUMAN_K0,2461991626.5103197,1986382408.8231559,2504065994.693275,2899003134.788465
0.6,1.0,0.05,5000.0,T5_HUMAN_K1,757425370.2500792,749909986.566705,757458611.4494969,1054255367.3299929
0.6,1.0,0.05,5000.0,T5_HUMAN_K2,193695.15363467732,182611.75492462728,199228.32364326323,209270.08225398086
0.6,1.0,0.05,5000.0,T5_HUMAN_K3,217762.3516744543,204451.3638315367,223907.5294922962,235053.55687260212
0.6,1.0,0.05,10000.0,T1_LINEAR,2481687846.663998,2032126327.5910165,3424594410.9432263,3307871916.4061875
0.6,1.0,0.05,10000.0,T2_VALIDATOR,216262.77218074817,212844.13049075287,227641.3804904364,237221.28300172856
0.6,1.0,0.05,10000.0,T3_SUPERVISOR,222783.5874651947,215737.16348761937,236164.63621227103,245030.83917984212
0.6,1.0,0.05,10000.0,T4_CRITIC,45937553.065288715,45906459.19570918,46248923.31712232,79415435.7374207
0.6,1.0,0.05,10000.0,T5_HUMAN_K0,2462036626.5103197,1986443691.264271,2504111338.0400586,2899061134.788465
0.6,1.0,0.05,10000.0,T5_HUMAN_K1,757492380.7131686,750004698.7571479,757495812.2767551,1054309898.8560901
0.6,1.0,0.05,10000.0,T5_HUMAN_K2,264819.6665502251,251072.2511930042,273676.1350364411,287379.7871481769
0.6,1.0,0.05,10000.0,T5_HUMAN_K3,291597.36158366775,278188.9590950248,302490.8835525728,312456.61568336625
0.6,1.0,0.1,1000.0,T1_LINEAR,4963128693.327996,4011434154.3463206,6849054016.272351,6615532299.479041
0.6,1.0,0.1,1000.0,T2_VALIDATOR,157097.80497020553,150932.5777115139,165569.49141802354,173095.50399117597
0.6,1.0,0.1,1000.0,T3_SUPERVISOR,153273.54467698288,147169.7447291836,164187.06087957416,167610.37304550217
0.6,1.0,0.1,1000.0,T4_CRITIC,91618048.00135478,91574165.96480648,92190424.56989641,158599488.6934868
0.6,1.0,0.1,1000.0,T5_HUMAN_K0,4923902253.020639,3972665549.0413666,5008152200.629629,5797901869.57693
0.6,1.0,0.1,1000.0,T5_HUMAN_K1,1514728096.8563368,1499698541.6158166,1514845415.6831388,2108412934.6599858
0.6,1.0,0.1,1000.0,T5_HUMAN_K2,268645.8529947012,246426.98769808497,275102.4771803734,299063.35983140214
0.6,1.0,0.1,1000.0,T5_HUMAN_K3,299655.3196706663,289875.0304009133,320556.9125452206,343040.49392398
0.6,1.0,0.1,5000.0,T1_LINEAR,4963180693.327996,4011757990.304394,6849098805.524834,6615576832.812375
0.6,1.0,0.1,5000.0,T2_VALIDATOR,209467.29505023424,195264.4068721343,222457.2067567456,229833.4120137146
0.6,1.0,0.1,5000.0,T3_SUPERVISOR,208194.6375409649,201802.18694935084,219575.16140096547,225013.89186263966
0.6,1.0,0.1,5000.0,T4_CRITIC,91662547.82063937,91623395.46542855,92276108.29476629,158645916.64493036
0.6,1.0,0.1,5000.0,T5_HUMAN_K0,4923938253.020639,3972739638.2622857,4997966600.277616,5797948269.57693
0.6,1.0,0.1,5000.0,T5_HUMAN_K1,1514780765.5001583,1499676393.505048,1514852377.6259265,2108456401.3266525
0.6,1.0,0.1,5000.0,T5_HUMAN_K2,315237.11337263585,296744.13777828193,328622.5849618353,350267.5477984791
0.6,1.0,0.1,5000.0,T5_HUMAN_K3,357193.514485423,341543.59158361866,376708.1752784142,397011.8192587178
0.6,1.0,0.1,10000.0,T1_LINEAR,4963245693.327996,4011695917.8157587,6849132059.206198,6615632499.479041
0.6,1.0,0.1,10000.0,T2_VALIDATOR,282070.1373888349,268156.30958089436,295282.7609808728,306642.2634530826
0.6,1.0,0.1,10000.0,T3_SUPERVISOR,289545.54730700486,271471.1260310759,306199.89746567584,310067.16659145535
0.6,1.0,0.1,10000.0,T4_CRITIC,91725598.76811041,91692393.26593028,182898297.49505144,158706401.2921413
0.6,1.0,0.1,10000.0,T5_HUMAN_K0,4923983253.020639,3972753064.299024,5008269200.629629,5798006269.57693
0.6,1.0,0.1,10000.0,T5_HUMAN_K1,1514850740.5001583,1499735015.0501351,1514917222.8989937,2108510734.6599858
0.6,1.0,0.1,10000.0,T5_HUMAN_K2,387390.30726935464,365223.50984925457,392734.6611322691,418540.1645079617
0.6,1.0,0.1,10000.0,T5_HUMAN_K3,435524.7033489086,404342.0201500068,447841.08621094015,470107.11374520423
0.6,2.0,0.01,1000.0,T1_LINEAR,684934335.6085652,642587718.319512,686542468.6822952,755255419.5292945
0.6,2.0,0.01,1000.0,T2_VALIDATOR,47226.73527637551,44931.95948514041,48412.462118838,49628.837212815444
0.6,2.0,0.01,1000.0,T3_SUPERVISOR,45217.80772690192,44237.650570214624,46449.25901498002,47479.883840199014
0.6,2.0,0.01,1000.0,T4_CRITIC,18308775.312357873,9203148.335689044,18320245.70521,18931087.348401546
0.6,2.0,0.01,1000.0,T5_HUMAN_K0,688837114.4264276,684945397.5605778,741361247.7513874,804940495.7072843
0.6,2.0,0.01,1000.0,T5_HUMAN_K1,299908583.5373435,299902659.09893286,299915312.1554225,310017629.38893324
0.6,2.0,0.01,1000.0,T5_HUMAN_K2,62632.62663147782,60085.02112860081,64763.903726086646,66473.06746784464
0.6,2.0,0.01,1000.0,T5_HUMAN_K3,70811.93798090256,67175.60757921354,73996.2186182022,76290.02599840389
0.6,2.0,0.01,5000.0,T1_LINEAR,685008924.6461201,684967889.4093101,686628251.9907187,755338713.1967992
0.6,2.0,0.01,5000.0,T2_VALIDATOR,159992.53016707266,155380.3535512733,164999.56599874608,172399.87597497963
0.6,2.0,0.01,5000.0,T3_SUPERVISOR,160319.6653938851,153746.13240628492,163402.4986927773,167764.50669834236
0.6,2.0,0.01,5000.0,T4_CRITIC,18385498.770890284,9314545.441612061,18405407.733979978,19020513.25783234
0.6,2.0,0.01,5000.0,T5_HUMAN_K0,688889154.4264276,685043546.0107466,698202399.4335029,805021295.7072843
0.6,2.0,0.01,5000.0,T5_HUMAN_K1,299991088.45755696,299979313.08002687,300008587.5824419,310110438.2380226
0.6,2.0,0.01,5000.0,T5_HUMAN_K2,178025.3541352458,170941.02065486324,183675.86390615598,187776.14691317026
0.6,2.0,0.01,5000.0,T5_HUMAN_K3,184612.15611102976,172078.6274831305,191490.02353350134,194999.13204397602
0.6,2.0,0.01,10000.0,T1_LINEAR,685098949.6461201,642785261.5718535,686745509.8220748,755443046.5301325
0.6,2.0,0.01,10000.0,T2_VALIDATOR,308509.07252361375,298276.8418266108,317719.90954109957,328260.602133753
0.6,2.0,0.01,10000.0,T3_SUPERVISOR,307013.56149644294,298834.3604454439,317844.26289392525,323095.7148682907
0.6,2.0,0.01,10000.0,T4_CRITIC,18483641.781568248,9479984.791127931,18509844.706309654,19132970.52883081
0.6,2.0,0.01,10000.0,T5_HUMAN_K0,688954204.4264276,685146859.686973,741532247.7513874,805122295.7072843
0.6,2.0,0.01,10000.0,T5_HUMAN_K1,300095967.43763155,300073278.96849954,300123607.3443578,310228744.3611179
0.6,2.0,0.01,10000.0,T5_HUMAN_K2,323069.29664868984,313739.3094365244,343045.34408132464,348489.4871111887
0.6,2.0,0.01,10000.0,T5_HUMAN_K3,341317.4102615763,315819.7721983009,345949.55020501796,356109.8814042512
0.6,2.0,0.05,1000.0,T1_LINEAR,3424595698.042826,3212026355.0633154,3432661777.241751,3776193897.646472
0.6,2.0,0.05,1000.0,T2_VALIDATOR,128423.90098925482,122633.6332662906,132273.90543407973,137764.57659941216
0.6,2.0,0.05,1000.0,T3_SUPERVISOR,126088.91078372284,121661.22702044321,131800.87109534896,135264.05516933676
0.6,2.0,0.05,1000.0,T4_CRITIC,91479781.68226846,45915738.60969381,91520209.38512439,94566370.07534109
0.6,2.0,0.05,1000.0,T5_HUMAN_K0,3444133480.3132772,3424643981.4266324,3706691900.29634,4024621678.536422
0.6,2.0,0.05,1000.0,T5_HUMAN_K1,1499450718.9824388,1499425534.9819343,1499500249.3559387,1550000779.09457
0.6,2.0,0.05,1000.0,T5_HUMAN_K2,210538.86654245172,202912.9768391174,220183.6096747111,228372.71899445215
0.6,2.0,0.05,1000.0,T5_HUMAN_K3,253630.7994891941,243142.40471276548,266117.8976771859,280838.57598467567
0.6,2.0,0.05,5000.0,T1_LINEAR,3424671678.042826,3212938533.743934,3432798723.8985314,3776277097.646472
0.6,2.0,0.05,5000.0,T2_VALIDATOR,236133.67638187754,224673.89333796775,241535.3813087378,248144.18606407722
0.6,2.0,0.05,5000.0,T3_SUPERVISOR,226089.0386345096,221394.32179032438,232918.2787097413,237399.4192009951
0.6,2.0,0.05,5000.0,T4_CRITIC,91543876.56178935,46018466.388729945,91590972.0860501,94655436.74200776
0.6,2.0,0.05,5000.0,T5_HUMAN_K0,3444185572.132138,3424744204.5214014,3706635845.598728,4024702478.536422
0.6,2.0,0.05,5000.0,T5_HUMAN_K1,1499542917.6867175,1499513300.2603688,1499576558.9650023,1550088146.9446664
0.6,2.0,0.05,5000.0,T5_HUMAN_K2,313163.1331573892,297969.48360203963,325509.49471418513,332365.3373392232
0.6,2.0,0.05,5000.0,T5_HUMAN_K3,354059.6899045128,334754.2861772071,369981.093091011,381450.1299920195
0.6,2.0,0.05,10000.0,T1_LINEAR,3424766653.042826,3424644395.8801546,3432832732.241751,3776381097.646472
0.6,2.0,0.05,10000.0,T2_VALIDATOR,371535.16562120727,361454.2103211855,382573.248603827,396410.9498887862
0.6,2.0,0.05,10000.0,T3_SUPERVISOR,358507.4541945771,352872.85496393335,365734.60686564975,380319.23249610845
0.6,2.0,0.05,10000.0,T4_CRITIC,91634767.70995928,46163683.29493732,91705206.64132948,94766770.07534109
0.6,2.0,0.05,10000.0,T5_HUMAN_K0,3444250622.132138,3424854221.9145684,3706915300.3657203,4024803478.536422
0.6,2.0,0.05,10000.0,T5_HUMAN_K1,1499655447.2475622,1499613618.1088505,1499684470.1687458,1550201620.390862
0.6,2.0,0.05,10000.0,T5_HUMAN_K2,453625.3775300622,433445.4406404409,462633.5171772579,474682.31060971104
0.6,2.0,0.05,10000.0,T5_HUMAN_K3,489778.0995545726,460345.8634110482,504491.5565469844,515555.4862954564
0.6,2.0,0.1,1000.0,T1_LINEAR,6849172401.085652,6425679415.276521,6888063074.115772,7552366995.292944
0.6,2.0,0.1,1000.0,T2_VALIDATOR,231164.66516184792,222861.3080257337,244547.00010140607,250463.31956897158
0.6,2.0,0.1,1000.0,T3_SUPERVISOR,229470.75787294365,221651.1822361969,243044.91574523863,247766.6630755415
0.6,2.0,0.1,1000.0,T4_CRITIC,182935396.94233346,91794069.93999195,183013457.0521,189111019.23346
0.6,2.0,0.1,1000.0,T5_HUMAN_K0,6888253930.6265545,6849259731.718584,7413100691.197456,8049223157.072844
0.6,2.0,0.1,1000.0,T5_HUMAN_K1,2998878778.5264177,2998846593.643639,2998980134.0193524,3099979935.9291034
0.6,2.0,0.1,1000.0,T5_HUMAN_K2,399403.7525886322,381949.31255295506,414246.0758291556,431640.49298548966
0.6,2.0,0.1,1000.0,T5_HUMAN_K3,483293.69837271865,469958.5332388034,504161.7653745041,538902.5325041797
0.6,2.0,0.1,5000.0,T1_LINEAR,6849248381.085652,5619174950.196661,6865266195.088363,7552450195.292944
0.6,2.0,0.1,5000.0,T2_VALIDATOR,335252.9155678899,317353.234629527,346896.1944425217,356006.2800479837
0.6,2.0,0.1,5000.0,T3_SUPERVISOR,327177.5930583429,315144.80670797895,335834.1653790843,343343.28503411013
0.6,2.0,0.1,5000.0,T4_CRITIC,183007678.1235787,91906909.36559956,183076922.24514318,189199540.15068218
0.6,2.0,0.1,5000.0,T5_HUMAN_K0,6888306050.6265545,6849359097.363277,7481333954.479577,8049303957.072844
0.6,2.0,0.1,5000.0,T5_HUMAN_K1,2998964467.9648776,2998926851.41981,2999056218.9389057,3100066758.18914
0.6,2.0,0.1,5000.0,T5_HUMAN_K2,498372.6832483967,472546.86043262115,508788.1703579331,533317.40675329
0.6,2.0,0.1,5000.0,T5_HUMAN_K3,583114.645526407,548311.4692803252,603446.3458484918,634873.1860729812
0.6,2.0,0.1,10000.0,T1_LINEAR,6849343356.085652,6425877436.864478,6888382407.423593,7552554195.292944
0.6,2.0,0.1,10000.0,T2_VALIDATOR,472267.3527637551,454241.3051248861,484124.62118837994,496288.37212815444
0.6,2.0,0.1,10000.0,T3_SUPERVISOR,452178.0772690192,442450.85396405886,464474.7727261386,474798.8384019902
0.6,2.0,0.1,10000.0,T4_CRITIC,183087753.1235787,92032811.33063626,183208418.77024877,189310873.48401552
0.6,2.0,0.1,10000.0,T5_HUMAN_K0,6888371144.264276,6849488426.540839,7413612477.513874,8049404957.072844
0.6,2.0,0.1,10000.0,T5_HUMAN_K1,2999085835.373435,2999022696.555849,2999154053.2127533,3100176293.889333
0.6,2.0,0.1,10000.0,T5_HUMAN_K2,626326.2663147784,596680.307025047,647655.5386598466,664730.6746784464
0.6,2.0,0.1,10000.0,T5_HUMAN_K3,708119.3798090256,675231.3334898896,740818.00863125,762900.259984039
0.8,0.5,0.01,1000.0,T1_LINEAR,350864505.2847682,344053126.1722526,351604988.1706699,407976001.7376128
0.8,0.5,0.01,1000.0,T2_VALIDATOR,16529.08524362941,15528.133188055432,17528.13318805543,18130.943810533252
0.8,0.5,0.01,1000.0,T3_SUPERVISOR,17477.23795684504,16485.119657884406,19562.52119496906,19406.121750748523
0.8,0.5,0.01,1000.0,T4_CRITIC,23118.422656136878,21890.652799722087,24432.449855155122,25042.1901486739
0.8,0.5,0.01,1000.0,T5_HUMAN_K0,397251541.70186085,351593288.7949474,492398745.4478885,523194089.2168027
0.8,0.5,0.01,1000.0,T5_HUMAN_K1,149949439.37525117,149947175.0161811,149952212.2682837,160254011.5804703
0.8,0.5,0.01,1000.0,T5_HUMAN_K2,23393.121565230023,21600.24111513827,24960.223654192763,26233.77853558288
0.8,0.5,0.01,1000.0,T5_HUMAN_K3,20745.764282994103,19576.11307926755,21701.08900048492,22823.291189938005
0.8,0.5,0.01,5000.0,T1_LINEAR,350880525.2847682,344074873.7304245,351859555.93849766,408000801.7376128
0.8,0.5,0.01,5000.0,T2_VALIDATOR,62426.865674518995,57765.77233678014,65002.64066594034,66456.53808246805
0.8,0.5,0.01,5000.0,T3_SUPERVISOR,58738.61897842252,56490.080249379316,62477.23795684504,65554.27994845972
0.8,0.5,0.01,5000.0,T4_CRITIC,61454.82768081748,58380.5290480201,66069.51983604529,68304.03289283872
0.8,0.5,0.01,5000.0,T5_HUMAN_K0,397273823.0730967,350932500.90869415,492426726.46493506,523222203.6025781
0.8,0.5,0.01,5000.0,T5_HUMAN_K1,149977589.95414656,149975590.56625408,149981550.6925065,160284985.34926066
0.8,0.5,0.01,5000.0,T5_HUMAN_K2,63189.719273689945,60842.85565648848,65015.884742876515,67211.22940205227
0.8,0.5,0.01,5000.0,T5_HUMAN_K3,60995.17642759499,58243.101231981906,64831.92336497488,66438.03463200161
0.8,0.5,0.01,10000.0,T1_LINEAR,350900550.2847682,344098713.82225704,351661091.17750585,408031801.7376128
0.8,0.5,0.01,10000.0,T2_VALIDATOR,121522.45503396765,114287.47368356933,125529.08524362942,129123.20474913469
0.8,0.5,0.01,10000.0,T3_SUPERVISOR,112332.978856732,107831.58939043747,118833.59491721814,126171.6813802002
0.8,0.5,0.01,10000.0,T4_CRITIC,116456.3737054905,110000.0,122124.91359954714,126753.63474670851
0.8,0.5,0.01,10000.0,T5_HUMAN_K0,397298848.0730967,351629929.58896786,492461761.83348405,523257536.9359114
0.8,0.5,0.01,10000.0,T5_HUMAN_K1,150016575.21564716,150010176.891731,150025800.59495687,160325726.31610507
0.8,0.5,0.01,10000.0,T5_HUMAN_K2,117889.03910479641,112712.62475595553,120609.2001646478,124888.43776651224
0.8,0.5,0.01,10000.0,T5_HUMAN_K3,115574.94242179951,110746.44787515445,122472.39137466438,125339.10615665928
0.8,0.5,0.05,1000.0,T1_LINEAR,1754306506.423841,1720238696.844765,1757969338.5117888,2039855208.6880634
0.8,0.5,0.05,1000.0,T2_VALIDATOR,42173.800413721976,39640.66594027716,45465.75918828565,49625.11325544289
0.8,0.5,0.05,1000.0,T3_SUPERVISOR,52080.49257308188,47386.88268711986,54158.10168673145,57385.43329123036
0.8,0.5,0.05,1000.0,T4_CRITIC,88297.62050274487,78161.36901965628,95149.17368745548,95202.61481719611
0.8,0.5,0.05,1000.0,T5_HUMAN_K0,1986233728.509304,1757943705.0755892,2461968877.4234757,2615942446.0840135
0.8,0.5,0.05,1000.0,T5_HUMAN_K1,749725054.6602288,749707878.6160969,749736771.7436467,801242350.5979184
0.8,0.5,0.05,1000.0,T5_HUMAN_K2,84598.3700354114,78918.52407523259,95043.52219368139,99362.80782230763
0.8,0.5,0.05,1000.0,T5_HUMAN_K3,73769.22273457311,67983.9261433582,75595.84986423595,81664.97791828681
0.8,0.5,0.05,5000.0,T1_LINEAR,1754322526.423841,1720258480.055161,1757995434.9053,2039880008.6880634
0.8,0.5,0.05,5000.0,T2_VALIDATOR,82645.42621814707,76177.40369435174,87640.66594027716,90654.71905266627
0.8,0.5,0.05,5000.0,T3_SUPERVISOR,87386.18978422522,82425.59828942202,96158.10168673145,97030.60875374264
0.8,0.5,0.05,5000.0,T4_CRITIC,115592.11328068438,108547.59323358332,122162.24927577563,125210.95074336953
0.8,0.5,0.05,5000.0,T5_HUMAN_K0,1986257708.509304,1754496143.0215268,2461993672.976201,2615970446.0840135
0.8,0.5,0.05,5000.0,T5_HUMAN_K1,749747196.876256,749735582.1191579,749761065.5142943,801270057.9023516
0.8,0.5,0.05,5000.0,T5_HUMAN_K2,116965.60782615012,107918.73856531507,124802.45579773936,131168.89267791438
0.8,0.5,0.05,5000.0,T5_HUMAN_K3,103728.82141497055,98277.83354652373,109250.35415234981,114116.45594969003
0.8,0.5,0.05,10000.0,T1_LINEAR,1754342551.423841,1720272439.9463198,1758025459.0013015,2039911008.6880634
0.8,0.5,0.05,10000.0,T2_VALIDATOR,136627.9463203349,130000.0,143836.86058522665,147461.11768397322
0.8,0.5,0.05,10000.0,T3_SUPERVISOR,137386.18978422522,131654.50428811385,146170.65333133563,151475.05319818706
0.8,0.5,0.05,10000.0,T4_CRITIC,157591.02755951247,147718.78754908394,163479.5055308459,173704.4809477527
0.8,0.5,0.05,10000.0,T5_HUMAN_K0,1986287683.509304,1757989267.5658548,2461952775.8558435,2616005446.0840135
0.8,0.5,0.05,10000.0,T5_HUMAN_K1,749780589.74551,749769325.0084769,749796544.0684301,801306413.7445587
0.8,0.5,0.05,10000.0,T5_HUMAN_K2,158055.21703761845,153487.13110897533,170281.43515580887,176396.7875627863
0.8,0.5,0.05,10000.0,T5_HUMAN_K3,147597.1359101878,140352.21097044757,159243.1386837173,162361.44116818218
0.8,0.5,0.1,1000.0,T1_LINEAR,3508609007.847682,3440486015.190397,3515986881.706699,4079704217.376127
0.8,0.5,0.1,1000.0,T2_VALIDATOR,78352.12138318365,67965.7122763638,85251.71197536502,93691.1247550675
0.8,0.5,0.1,1000.0,T3_SUPERVISOR,95319.64339127905,84772.37956845043,101868.74721141858,105621.87890054175
0.8,0.5,0.1,1000.0,T4_CRITIC,168814.72190079067,146643.59229334182,179313.13048734894,183989.09658087668
0.8,0.5,0.1,1000.0,T5_HUMAN_K0,3972461462.018608,3515879413.5261784,4923931525.259719,5231877892.168027
0.8,0.5,0.1,1000.0,T5_HUMAN_K1,1499441129.3204577,1499409164.2383158,1499477539.5129397,1602478234.5291703
0.8,0.5,0.1,1000.0,T5_HUMAN_K2,164176.74007082236,149699.12102028885,176426.1862405566,191458.9489779486
0.8,0.5,0.1,1000.0,T5_HUMAN_K3,141533.4454691461,134727.68964497512,145420.52608415094,156529.95583657362
0.8,0.5,0.1,5000.0,T1_LINEAR,3508625027.847682,3440492438.68953,3516014881.706699,4079729017.376127
0.8,0.5,0.1,5000.0,T2_VALIDATOR,110290.85243629414,105717.76368100593,117197.14591351323,128532.39312881001
0.8,0.5,0.1,5000.0,T3_SUPERVISOR,128246.6889524805,122316.28868125647,142397.98547484502,144565.2225991627
0.8,0.5,0.1,5000.0,T4_CRITIC,195162.38653055285,184176.76403007645,204277.1921270127,211005.22963439222
0.8,0.5,0.1,5000.0,T5_HUMAN_K0,3972485442.018608,3508769127.2630544,4923952320.952402,5231905892.168027
0.8,0.5,0.1,5000.0,T5_HUMAN_K1,1499469350.2243626,1499436755.1276472,1499493544.3772857,1596065148.8540657
0.8,0.5,0.1,5000.0,T5_HUMAN_K2,190673.29715433912,181065.95578502066,211110.81729721095,220878.6845564979
0.8,0.5,0.1,5000.0,T5_HUMAN_K3,165877.43972805864,156574.0996620842,175194.27182037555,186452.6653864254
0.8,0.5,0.1,10000.0,T1_LINEAR,3508645052.847682,3440642263.7050557,3516036604.0300765,4079760017.376127
0.8,0.5,0.1,10000.0,T2_VALIDATOR,165290.85243629414,153363.53094054418,175281.33188055432,181309.43810533255
0.8,0.5,0.1,10000.0,T3_SUPERVISOR,174772.37956845044,164867.34753667357,192316.2033734629,194061.21750748527
0.8,0.5,0.1,10000.0,T4_CRITIC,231184.22656136876,218807.06197056346,244323.0955026554,250421.90148673905
0.8,0.5,0.1,10000.0,T5_HUMAN_K0,3972515417.018608,3515932868.589433,4923987264.64935,5231940892.168027
0.8,0.5,0.1,10000.0,T5_HUMAN_K1,1499494393.752512,1499468655.5082574,1499529512.3821616,1602540115.8047032
0.8,0.5,0.1,10000.0,T5_HUMAN_K2,233931.21565230025,216003.3536414648,249627.4684823272,262337.78535582876
0.8,0.5,0.1,10000.0,T5_HUMAN_K3,207457.6428299411,196572.71676901617,217010.89000484924,228232.91189938007
0.8,1.0,0.01,1000.0,T1_LINEAR,492416230.3985408,415108898.14152294,501727074.8980336,610867270.3799176
0.8,1.0,0.01,1000.0,T2_VALIDATOR,23994.914818196707,22519.72873160626,24751.93628454603,25486.174430802475
0.8,1.0,0.01,1000.0,T3_SUPERVISOR,27978.57801090437,26223.738636306927,28818.09851461642,29993.678295541664
0.8,1.0,0.01,1000.0,T4_CRITIC,34289.24483500362,33303.63788125386,36188.89028102499,37966.3118149744
0.8,1.0,0.01,1000.0,T5_HUMAN_K0,642332057.4481965,492407411.04654706,684916461.3431265,730237355.1980689
0.8,1.0,0.01,1000.0,T5_HUMAN_K1,151481490.2230337,149973630.64712736,151493457.24466008,210850810.05368847
0.8,1.0,0.01,1000.0,T5_HUMAN_K2,34566.31531056219,34203.11145099798,36707.013945611296,38484.374858679475
0.8,1.0,0.01,1000.0,T5_HUMAN_K3,31456.675948446824,30323.183517318506,32653.570031702886,34482.3024286556
0.8,1.0,0.01,5000.0,T1_LINEAR,492461574.7511071,400663808.9281217,501818390.2192454,610908247.8645933
0.8,1.0,0.01,5000.0,T2_VALIDATOR,92426.865674519,89036.5835843417,94119.3698028911,97316.97002227552
0.8,1.0,0.01,5000.0,T3_SUPERVISOR,95000.38700768544,91216.15985583053,100889.85487513815,103896.5132461952
0.8,1.0,0.01,5000.0,T4_CRITIC,98738.92507243973,96195.41163960336,104413.23761307026,108805.22112859711
0.8,1.0,0.01,5000.0,T5_HUMAN_K0,642372037.4481965,496308538.8161595,684974340.0480057,730279488.5314022
0.8,1.0,0.01,5000.0,T5_HUMAN_K1,151521028.37483242,150034662.21039587,151542597.55713347,210896732.72681472
0.8,1.0,0.01,5000.0,T5_HUMAN_K2,97112.89538744182,94631.92778782682,101155.94329949518,108434.091501032
0.8,1.0,0.01,5000.0,T5_HUMAN_K3,97473.94176006915,95218.03215699752,101766.84416989575,105086.8855416147
0.8,1.0,0.01,10000.0,T1_LINEAR,492519461.3965233,459151205.3429319,501868365.2192454,610959581.1979266
0.8,1.0,0.01,10000.0,T2_VALIDATOR,180007.58107889965,173583.44086067672,184281.23442949855,190514.013424412
0.8,1.0,0.01,10000.0,T3_SUPERVISOR,183548.83579199956,176069.51983604528,193738.6189784225,198993.3960600025
0.8,1.0,0.01,10000.0,T4_CRITIC,186473.12762788346,180713.52062062366,198917.0302132913,204056.18404988447
0.8,1.0,0.01,10000.0,T5_HUMAN_K0,642417810.3810549,492525937.85050213,685015297.9489176,730332438.1655533
0.8,1.0,0.01,10000.0,T5_HUMAN_K1,151571028.37483242,150126051.89655763,151605136.7226535,210955066.06014806
0.8,1.0,0.01,10000.0,T5_HUMAN_K2,182962.28019450224,176712.76246750634,192795.58959464123,203685.82166798998
0.8,1.0,0.01,10000.0,T5_HUMAN_K3,185099.26555599744,181628.98285796156,193241.9635650675,198442.8174233706
0.8,1.0,0.05,1000.0,T1_LINEAR,2462033166.521676,2074339551.8266501,2508849832.591317,3054295551.8995876
0.8,1.0,0.05,1000.0,T2_VALIDATOR,60517.53833899814,56422.0309413946,62946.18895782109,65334.54186974078
0.8,1.0,0.05,1000.0,T3_SUPERVISOR,76695.58835599893,72232.17916733811,84585.26423278706,86410.07227435436
0.8,1.0,0.05,1000.0,T4_CRITIC,119088.19062835746,111405.7523371506,124137.09458210807,132175.86275333888
0.8,1.0,0.05,1000.0,T5_HUMAN_K0,3211620307.240983,2462032304.7551785,3424541174.0607224,3651144642.657011
0.8,1.0,0.05,1000.0,T5_HUMAN_K1,757368964.2886736,749800747.4982575,757424987.7856673,1054209143.9437125
0.8,1.0,0.05,1000.0,T5_HUMAN_K2,122711.13545425689,116186.59073274508,127395.43973158929,137270.30715343912
0.8,1.0,0.05,1000.0,T5_HUMAN_K3,102725.25837044236,95326.25593107213,110787.83187563528,117447.49897493968
0.8,1.0,0.05,5000.0,T1_LINEAR,2462081151.9927044,2333223504.1392336,2511543544.66726,3054336351.8995876
0.8,1.0,0.05,5000.0,T2_VALIDATOR,119974.57409098353,112602.09531414411,124717.7664413136,127430.87215401238
0.8,1.0,0.05,5000.0,T3_SUPERVISOR,139892.89005452182,131415.36903533337,146162.58933076763,149968.39147770836
0.8,1.0,0.05,5000.0,T4_CRITIC,171446.22417501808,165163.6092023687,180939.33017599361,189831.559074872
0.8,1.0,0.05,5000.0,T5_HUMAN_K0,3211660287.240983,2464066740.35179,3424582223.7304077,3651186775.990344
0.8,1.0,0.05,5000.0,T5_HUMAN_K1,757407451.1151686,749903343.1935419,757471717.6698148,1054254050.2684424
0.8,1.0,0.05,5000.0,T5_HUMAN_K2,172831.576552811,169213.87547103091,183535.06972805646,192421.87429339738
0.8,1.0,0.05,5000.0,T5_HUMAN_K3,157283.3797422341,151865.8182799231,165642.9943646715,172411.51214327803
0.8,1.0,0.05,10000.0,T1_LINEAR,2462141126.9927044,2043055482.2742136,2507801266.1804104,3054387351.8995876
0.8,1.0,0.05,10000.0,T2_VALIDATOR,201465.46125308168,197187.42120783048,207125.8559876825,212608.76242905288
0.8,1.0,0.05,10000.0,T3_SUPERVISOR,219044.9436273977,208615.53999073798,237740.32348999128,239370.5390582391
0.8,1.0,0.05,10000.0,T4_CRITIC,249474.2629927706,236157.60233735907,256993.7518365076,271807.3451884095
0.8,1.0,0.05,10000.0,T5_HUMAN_K0,3211710262.240983,2462139690.632224,3424632179.4740424,3651239442.657011
0.8,1.0,0.05,10000.0,T5_HUMAN_K1,757467476.1151686,749935730.9020156,757532987.7856673,1054310716.935109
0.8,1.0,0.05,10000.0,T5_HUMAN_K2,249490.88621259903,239170.75077532453,261323.06368826184,271578.88533018285
0.8,1.0,0.05,10000.0,T5_HUMAN_K3,238082.37930245785,229678.76357454623,249991.40127362288,254589.4132096144
0.8,1.0,0.1,1000.0,T1_LINEAR,4924054318.043352,4065002689.382195,5369576194.593299,6108580903.799175
0.8,1.0,0.1,1000.0,T2_VALIDATOR,110897.8573599027,99308.8839343462,112988.26676772111,118802.41707281489
0.8,1.0,0.1,1000.0,T3_SUPERVISOR,138551.3949392971,131390.3967209059,155623.5761472945,158091.95662924187
0.8,1.0,0.1,1000.0,T4_CRITIC,227947.13061926284,212806.03196624442,234274.18916421614,250729.13513161015
0.8,1.0,0.1,1000.0,T5_HUMAN_K0,6423230619.481966,4924131525.98242,6849061486.67042,7302278751.980688
0.8,1.0,0.1,1000.0,T5_HUMAN_K1,1514723933.5773473,1499620338.9995334,1514838008.333916,2108407354.5540917
0.8,1.0,0.1,1000.0,T5_HUMAN_K2,233955.66153663478,220696.08330844156,251980.63173006452,261904.87624134248
0.8,1.0,0.1,1000.0,T5_HUMAN_K3,191460.51674088492,178652.4991657152,210733.24395974274,222561.66461654604
0.8,1.0,0.1,5000.0,T1_LINEAR,4924102328.985409,4064569886.526107,5017198407.418738,6108621703.799175
0.8,1.0,0.1,5000.0,T2_VALIDATOR,161278.08410842577,152359.99336815075,167521.7551957146,173221.7780388341
0.8,1.0,0.1,5000.0,T3_SUPERVISOR,195567.56901544138,182243.43000261707,215625.21194969062,218850.55629504126
0.8,1.0,0.1,5000.0,T4_CRITIC,277107.89060677245,260033.1259408492,289505.63820757275,306104.807047533
0.8,1.0,0.1,5000.0,T5_HUMAN_K0,6423270599.481966,4924041851.147384,6849114358.948085,7302320885.314022
0.8,1.0,0.1,5000.0,T5_HUMAN_K1,1514774743.6617935,1499665371.6016111,1514885975.5713346,2108451433.870218
0.8,1.0,0.1,5000.0,T5_HUMAN_K2,284594.1956519553,264528.49286692525,295772.05263211695,314313.7379939572
0.8,1.0,0.1,5000.0,T5_HUMAN_K3,247435.36275315468,228936.18773517758,254778.99305252498,273373.9292283956
0.8,1.0,0.1,10000.0,T1_LINEAR,4924162303.985409,4608597333.950651,5371208623.561103,6108672703.799175
0.8,1.0,0.1,10000.0,T2_VALIDATOR,239949.14818196706,225165.5080620503,249433.3907575857,254861.74430802476
0.8,1.0,0.1,10000.0,T3_SUPERVISOR,279785.78010904364,262805.20456395106,292316.2033734629,299936.7829554167
0.8,1.0,0.1,10000.0,T4_CRITIC,342892.44835003617,333054.0647456421,363927.1520044792,379663.118149744
0.8,1.0,0.1,10000.0,T5_HUMAN_K0,6423320574.481966,4924313937.617846,6849164473.15806,7302373551.980688
0.8,1.0,0.1,10000.0,T5_HUMAN_K1,1514814902.2303371,1499769157.9616287,1514934528.0876017,2108508100.5368848
0.8,1.0,0.1,10000.0,T5_HUMAN_K2,345663.153105622,338330.12304594635,368980.6317300645,384843.74858679477
0.8,1.0,0.1,10000.0,T5_HUMAN_K3,314566.7594844682,303226.14773969824,326559.45175909094,344823.02428655606
0.8,2.0,0.01,1000.0,T1_LINEAR,686544164.9777524,684934168.80618,702649455.4578582,761429269.0465928
0.8,2.0,0.01,1000.0,T2_VALIDATOR,39660.37005550248,38031.92900823525,40718.97721145298,42027.699793287626
0.8,2.0,0.01,1000.0,T3_SUPERVISOR,40887.19193447108,40499.677634250955,42624.58282479609,44164.61432150178
0.8,2.0,0.01,1000.0,T4_CRITIC,55038.8707824349,52690.22624486963,58036.76449780202,60081.11174179617
0.8,2.0,0.01,1000.0,T5_HUMAN_K0,697970007.0915445,690403838.6107408,748212991.7729812,851291527.9304806
0.8,2.0,0.01,1000.0,T5_HUMAN_K1,299907255.174235,299897886.77523404,299913557.0183255,310015871.14784646
0.8,2.0,0.01,1000.0,T5_HUMAN_K2,56896.65035198059,54680.23638965644,59497.35243199715,62033.06745344906
0.8,2.0,0.01,1000.0,T5_HUMAN_K3,53060.02346980192,50156.441074588394,57109.14455220866,58689.019820018824
0.8,2.0,0.01,5000.0,T1_LINEAR,686636204.9777524,685016759.6855634,702783165.8222617,761509002.3799262
0.8,2.0,0.01,5000.0,T2_VALIDATOR,154472.382099083,150721.18496878786,158487.55130983458,165083.59411641257
0.8,2.0,0.01,5000.0,T3_SUPERVISOR,157755.50488639873,152549.28199164005,162554.6394939297,165858.14100908875
0.8,2.0,0.01,5000.0,T4_CRITIC,166547.05256750094,164026.0516218458,175238.42572260823,177183.62835436227
0.8,2.0,0.01,5000.0,T5_HUMAN_K0,698062127.0915445,689288216.0573016,748301031.7729812,851380327.9304806
0.8,2.0,0.01,5000.0,T5_HUMAN_K1,299988806.8058201,299977447.4870825,300010534.63323605,310108736.14550513
0.8,2.0,0.01,5000.0,T5_HUMAN_K2,171201.0261663582,164276.5273224111,179091.48746629112,181802.52746308752
0.8,2.0,0.01,5000.0,T5_HUMAN_K3,169533.63167479073,161623.93982062757,175686.18938912783,180705.3805110661
0.8,2.0,0.01,10000.0,T1_LINEAR,686751254.9777524,685126931.9911709,702898015.8222617,761608669.0465928
0.8,2.0,0.01,10000.0,T2_VALIDATOR,301563.51870114496,292764.2718911772,308505.81471691915,321727.745978195
0.8,2.0,0.01,10000.0,T3_SUPERVISOR,306095.25152154197,298820.9811070021,316485.1196578844,321404.75158326636
0.8,2.0,0.01,10000.0,T4_CRITIC,319024.4844200487,304851.82541419816,324665.8689130656,331645.62802582566
0.8,2.0,0.01,10000.0,T5_HUMAN_K0,698177277.0915445,693525125.5214252,748411081.7729812,851491327.9304806
0.8,2.0,0.01,10000.0,T5_HUMAN_K1,300093583.2456983,300072822.716965,300121203.080503,310226752.5104756
0.8,2.0,0.01,10000.0,T5_HUMAN_K2,317050.711579327,306172.7915890716,335632.56026963174,341475.12257644505
0.8,2.0,0.01,10000.0,T5_HUMAN_K3,317037.6318975502,306640.6683524841,334856.5427978369,342851.6783312597
0.8,2.0,0.05,1000.0,T1_LINEAR,3432628784.888762,3424598876.866085,3513364680.371296,3807066611.899631
0.8,2.0,0.05,1000.0,T2_VALIDATOR,95348.31765353683,90886.32617904301,99347.60082744395,102391.20877477572
0.8,2.0,0.05,1000.0,T3_SUPERVISOR,106430.7475055829,104160.40219759778,110479.48848960156,116188.11098266469
0.8,2.0,0.05,1000.0,T4_CRITIC,179453.79786657324,171975.47003964303,189380.61782891967,201087.2568185095
0.8,2.0,0.05,1000.0,T5_HUMAN_K0,3489766237.232169,3466638176.274685,3740976918.8649054,4256368839.6524024
0.8,2.0,0.05,1000.0,T5_HUMAN_K1,1499440108.717944,1499406888.5205145,1499486653.259916,1549990588.1720593
0.8,2.0,0.05,1000.0,T5_HUMAN_K2,189572.27754106355,176788.45768406172,197248.21589024202,210545.3311808883
0.8,2.0,0.05,1000.0,T5_HUMAN_K3,162867.1655397611,153077.83717886428,181405.45216299192,190758.9815571098
0.8,2.0,0.05,5000.0,T1_LINEAR,3432720824.888762,3424694788.762914,3698543276.4528027,3807146345.2329645
0.8,2.0,0.05,5000.0,T2_VALIDATOR,198301.85027751236,191234.7145799235,203594.88605726487,210138.49896643803
0.8,2.0,0.05,5000.0,T3_SUPERVISOR,204435.9596723554,201588.73788625968,213120.79664987497,220823.07160750884
0.8,2.0,0.05,5000.0,T4_CRITIC,275194.3539121745,263450.3224633865,290181.69665775937,300405.5587089808
0.8,2.0,0.05,5000.0,T5_HUMAN_K0,3489850035.457722,3466714228.127652,3741064958.8649054,4256457639.6524024
0.8,2.0,0.05,5000.0,T5_HUMAN_K1,1499536275.871175,1499492090.314983,1499567797.1878927,1550079355.7392328
0.8,2.0,0.05,5000.0,T5_HUMAN_K2,284483.2517599029,275764.74464992416,297485.98947760946,310165.33726724534
0.8,2.0,0.05,5000.0,T5_HUMAN_K3,265300.1173490096,254455.35688508672,285245.3003562364,293445.09910009423
0.8,2.0,0.05,10000.0,T1_LINEAR,3432835874.888762,3424814667.7748513,3656990486.850825,3807246011.899631
0.8,2.0,0.05,10000.0,T2_VALIDATOR,336386.1551420373,328472.6292673412,343101.1683972298,358804.975782855
0.8,2.0,0.05,10000.0,T3_SUPERVISOR,347841.2644023265,339240.5879951738,359052.8220637865,368511.816448071
0.8,2.0,0.05,10000.0,T4_CRITIC,411493.2190191414,392036.99620334525,425195.1397045912,437431.25072885945
0.8,2.0,0.05,10000.0,T5_HUMAN_K0,3489965185.457722,3466809253.127652,3707237452.316432,4256568639.6524024
0.8,2.0,0.05,10000.0,T5_HUMAN_K1,1499647420.4680495,1499586887.5489006,1499675441.371451,1550192643.242507
0.8,2.0,0.05,10000.0,T5_HUMAN_K2,415471.8625810744,405766.90171518613,431783.4573901874,449464.0702460237
0.8,2.0,0.05,10000.0,T5_HUMAN_K3,405689.38775541686,384864.4173916919,420243.3524074291,436112.1499278275
0.8,2.0,0.1,1000.0,T1_LINEAR,6865234559.777524,6849325195.872952,7026706128.222621,7614113290.465929
0.8,2.0,0.1,1000.0,T2_VALIDATOR,165924.5608376979,157771.89041729452,173271.24721904812,181298.40623406062
0.8,2.0,0.1,1000.0,T3_SUPERVISOR,192323.07709715856,186043.2625479141,198241.59329974995,209160.4585632506
0.8,2.0,0.1,1000.0,T4_CRITIC,336423.03748381184,324389.64487321704,355474.37905528815,379008.90817685577
0.8,2.0,0.1,1000.0,T5_HUMAN_K0,6979512429.464338,6891850059.019856,7604250341.3538,8512715479.304805
0.8,2.0,0.1,1000.0,T5_HUMAN_K1,2998865524.9028955,2998799625.519443,2998952384.7264256,3099959153.619067
0.8,2.0,0.1,1000.0,T5_HUMAN_K2,360120.33140748105,326825.02676470246,370414.67239559896,398023.9956951099
0.8,2.0,0.1,1000.0,T5_HUMAN_K3,302730.5293853768,283336.52668609,337304.0152761473,356867.27385894826
0.8,2.0,0.1,5000.0,T1_LINEAR,6865326599.777524,6849224902.51925,7026798285.742592,7614193023.799262
0.8,2.0,0.1,5000.0,T2_VALIDATOR,264669.21314901457,255315.33530230186,273213.41803829756,281461.4119153678
0.8,2.0,0.1,5000.0,T3_SUPERVISOR,280484.84854635096,275546.78902434895,295725.983083356,306883.13046919496
0.8,2.0,0.1,5000.0,T4_CRITIC,430311.4060766808,406912.9961092183,456487.575959802,474481.6006103137
0.8,2.0,0.1,5000.0,T5_HUMAN_K0,6979592609.464338,6933333397.54937,7604346341.3538,8512804279.304805
0.8,2.0,0.1,5000.0,T5_HUMAN_K1,2998949583.4874067,2998878908.417229,2999035653.0301924,3100047576.3441186
0.8,2.0,0.1,5000.0,T5_HUMAN_K2,450581.72734575,425671.4515580871,459645.7168862928,491621.92547061737
0.8,2.0,0.1,5000.0,T5_HUMAN_K3,395768.47614454554,372153.43400580453,440181.3984388622,456906.37198093307
0.8,2.0,0.1,10000.0,T1_LINEAR,6865441649.777524,6849389085.840325,7313797471.601936,7614292690.465929
0.8,2.0,0.1,10000.0,T2_VALIDATOR,396603.7005550247,380335.1499986742,405771.8366524563,420276.99793287605
0.8,2.0,0.1,10000.0,T3_SUPERVISOR,408871.9193447108,405467.5779289034,426245.82824796083,441646.1432150177
0.8,2.0,0.1,10000.0,T4_CRITIC,550388.707824349,526911.6387578978,580363.3933155187,600811.1174179616
0.8,2.0,0.1,10000.0,T5_HUMAN_K0,6979700070.915444,6904038386.107408,7577777924.326302,8512915279.304805
0.8,2.0,0.1,10000.0,T5_HUMAN_K1,2999072551.74235,2998974907.9426093,2999135601.3994226,3100158711.4784656
0.8,2.0,0.1,10000.0,T5_HUMAN_K2,568966.5035198058,547961.3087389871,594973.9729742545,620330.6745344907
0.8,2.0,0.1,10000.0,T5_HUMAN_K3,530600.2346980192,503482.65537111385,550769.1410149697,586890.1982001885
1.0,0.5,0.01,1000.0,T1_LINEAR,397238735.71115583,350864505.2847682,398593908.75338805,481119557.8126011
1.0,0.5,0.01,1000.0,T2_VALIDATOR,13528.133188055432,12764.066594027716,14764.066594027716,15434.93321369271
1.0,0.5,0.01,1000.0,T3_SUPERVISOR,15477.237956845043,14477.237956845043,15738.61897842252,16509.910584542227
1.0,0.5,0.01,1000.0,T4_CRITIC,20213.555313425728,18903.23463282262,22455.960016531608,22862.031504272287
1.0,0.5,0.01,1000.0,T5_HUMAN_K0,351591263.4699488,346340047.8327939,351600838.69317454,383723873.4299297
1.0,0.5,0.01,1000.0,T5_HUMAN_K1,23708.027421249935,21013.899286789318,25573.457585553937,27320.610719550816
1.0,0.5,0.01,1000.0,T5_HUMAN_K2,18806.149113879528,17042.15343913311,19572.07263923755,21545.768857774645
1.0,0.5,0.01,1000.0,T5_HUMAN_K3,19152.403788482203,17767.693808340104,20137.446074514417,21215.06271621399
1.0,0.5,0.01,5000.0,T1_LINEAR,397250735.71115583,347227081.1020218,397295351.647326,481147557.8126011
1.0,0.5,0.01,5000.0,T2_VALIDATOR,60000.0,55000.0,62775.24626105782,63996.46661696633
1.0,0.5,0.01,5000.0,T3_SUPERVISOR,55012.3861897845,53744.925883530545,60000.0,63156.044379861014
1.0,0.5,0.01,5000.0,T4_CRITIC,60000.0,57712.62475595554,62456.9898928513,63176.54430417078
1.0,0.5,0.01,5000.0,T5_HUMAN_K0,351607263.4699488,346365615.5353741,351623484.25566584,383748140.09659636
1.0,0.5,0.01,5000.0,T5_HUMAN_K1,63091.23643480084,58254.48419864005,65027.268649029575,66684.25802966276
1.0,0.5,0.01,5000.0,T5_HUMAN_K2,57764.06659402772,55095.01299773498,59813.81639438849,61165.70172707532
1.0,0.5,0.01,5000.0,T5_HUMAN_K3,58250.97137531025,57638.330461901736,64575.84001390057,65650.97849598988
1.0,0.5,0.01,10000.0,T1_LINEAR,397265735.71115583,348103222.23393106,397699614.40353703,481182557.8126011
1.0,0.5,0.01,10000.0,T2_VALIDATOR,120000.0,110000.0,125528.13318805544,126101.72977486106
1.0,0.5,0.01,10000.0,T3_SUPERVISOR,110000.0,103738.61897842251,113769.92588353109,118972.09953564662
1.0,0.5,0.01,10000.0,T4_CRITIC,114144.7421311392,110000.0,120000.0,122020.43140536906
1.0,0.5,0.01,10000.0,T5_HUMAN_K0,351627263.4699488,346401849.0174471,351653482.7274344,383778473.4299297
1.0,0.5,0.01,10000.0,T5_HUMAN_K1,113241.9635650675,110138.80832186552,123241.9635650675,125003.40520771289
1.0,0.5,0.01,10000.0,T5_HUMAN_K2,112467.84228208581,110000.0,112908.02681509976,119646.75875086179
1.0,0.5,0.01,10000.0,T5_HUMAN_K3,113250.97137531026,112332.80947711447,122958.51043490437,124650.97849598987
1.0,0.5,0.05,1000.0,T1_LINEAR,1986181678.555779,1735966943.6765044,1988086863.2673728,2405569789.0630054
1.0,0.5,0.05,1000.0,T2_VALIDATOR,33640.66594027716,31640.665940277162,35640.66594027716,36990.17467397596
1.0,0.5,0.05,1000.0,T3_SUPERVISOR,44386.189784225215,42615.0647842253,45386.189784225215,47629.86699445995
1.0,0.5,0.05,1000.0,T4_CRITIC,71013.68369109622,65634.07107543937,79621.50733150545,82711.48379533461
1.0,0.5,0.05,1000.0,T5_HUMAN_K0,1757940278.619667,1731756394.9268441,1757986992.4379003,1918595100.4829814
1.0,0.5,0.05,1000.0,T5_HUMAN_K1,84520.6837029674,79601.05335359304,100883.52167764123,106053.29639257418
1.0,0.5,0.05,1000.0,T5_HUMAN_K2,64033.568563023226,55790.17464806359,66040.80272565276,78677.85308709851
1.0,0.5,0.05,1000.0,T5_HUMAN_K3,66200.39010938413,60263.94366779053,72687.23037257208,76018.07598449905
1.0,0.5,0.05,5000.0,T1_LINEAR,1986193678.555779,1736006830.905704,1986286790.3225038,2405597789.0630054
1.0,0.5,0.05,5000.0,T2_VALIDATOR,67640.66594027716,63820.33297013858,73820.33297013858,77174.66606846354
1.0,0.5,0.05,5000.0,T3_SUPERVISOR,77386.18978422522,72386.18978422522,78693.09489211261,82245.8256792708
1.0,0.5,0.05,5000.0,T4_CRITIC,101067.77656712863,94727.01944751405,109420.50647037364,114310.15752136143
1.0,0.5,0.05,5000.0,T5_HUMAN_K0,1757956317.349744,1731766465.505725,1758006992.4379003,1918619367.149648
1.0,0.5,0.05,5000.0,T5_HUMAN_K1,118540.13710624966,107060.06932704773,127874.50575088589,136603.05359775407
1.0,0.5,0.05,5000.0,T5_HUMAN_K2,94030.74556939764,85210.41259925906,97860.36319618777,107728.84428887322
1.0,0.5,0.05,5000.0,T5_HUMAN_K3,95762.01894241101,89032.72608445823,100687.23037257208,106075.31358106995
1.0,0.5,0.05,10000.0,T1_LINEAR,1986208678.555779,1754342507.148265,1994264169.2500553,2405632789.0630054
1.0,0.5,0.05,10000.0,T2_VALIDATOR,127640.66594027716,117652.46261057604,130019.10166485111,136622.72508427253
1.0,0.5,0.05,10000.0,T3_SUPERVISOR,120000.0,117392.7243097648,128699.62941765219,136193.09489211263
1.0,0.5,0.05,10000.0,T4_CRITIC,145321.60849501865,139511.8904802175,155312.86523839083,159006.20188260352
1.0,0.5,0.05,10000.0,T5_HUMAN_K0,1757976317.349744,1731753462.754916,1758034179.4573643,1918649700.4829814
1.0,0.5,0.05,10000.0,T5_HUMAN_K1,162427.70110284406,151599.81262088023,172867.34134768165,178823.68736956225
1.0,0.5,0.05,10000.0,T5_HUMAN_K2,135476.33812858304,128112.16166350611,140440.77273867224,150506.65241551204
1.0,0.5,0.05,10000.0,T5_HUMAN_K3,138798.94626668474,134033.71868341087,146243.75679473192,155651.24313310144
1.0,0.5,0.1,1000.0,T1_LINEAR,3972360357.111558,3463599243.4685593,3972589814.4342847,4811132578.126011
1.0,0.5,0.1,1000.0,T2_VALIDATOR,61281.331880554324,59281.331880554324,62286.33188055443,66085.61250584666
1.0,0.5,0.1,1000.0,T3_SUPERVISOR,81772.37956845043,80772.37956845043,82772.37956845043,87093.06732225324
1.0,0.5,0.1,1000.0,T4_CRITIC,134557.5496779186,125708.76798770676,155227.3605087303,159480.81951105167
1.0,0.5,0.1,1000.0,T5_HUMAN_K0,3515876547.239334,3463385108.955274,3515968984.8758006,3837184134.299296
1.0,0.5,0.1,1000.0,T5_HUMAN_K1,163043.0968142629,155963.45085553944,193187.69124182654,205262.98489618907
1.0,0.5,0.1,1000.0,T5_HUMAN_K2,122731.49206156612,101559.37666147847,125068.2637817995,150466.59382273693
1.0,0.5,0.1,1000.0,T5_HUMAN_K3,128385.78021876793,114070.45216891656,140610.2292571147,145502.8186356648
1.0,0.5,0.1,5000.0,T1_LINEAR,3972372357.111558,3463785981.297978,3976243073.479393,4811160578.126011
1.0,0.5,0.1,5000.0,T2_VALIDATOR,87640.66594027716,85281.33188055432,95281.33188055432,99323.26189627087
1.0,0.5,0.1,5000.0,T3_SUPERVISOR,109772.37956845043,104772.37956845043,114772.37956845043,119759.73398891989
1.0,0.5,0.1,5000.0,T4_CRITIC,163033.53954875068,149261.80069381272,183814.7852184253,189991.936115047
1.0,0.5,0.1,5000.0,T5_HUMAN_K0,3515892587.239334,3463431266.600816,3515992517.632482,3837208400.965963
1.0,0.5,0.1,5000.0,T5_HUMAN_K1,195486.33525977118,180962.56497678335,224464.95010902616,233976.45255851935
1.0,0.5,0.1,5000.0,T5_HUMAN_K2,144225.80294519107,133742.01136651324,155437.37024139962,179104.38194816446
1.0,0.5,0.1,5000.0,T5_HUMAN_K3,152622.08380755945,142399.07612278726,165193.16666892753,172407.80762094154
1.0,0.5,0.1,10000.0,T1_LINEAR,3972387357.111558,3480255713.58931,3972652523.4656296,4811195578.126011
1.0,0.5,0.1,10000.0,T2_VALIDATOR,135281.33188055432,127640.66594027716,147640.66594027716,154349.33213692709
1.0,0.5,0.1,10000.0,T3_SUPERVISOR,154772.37956845044,144772.37956845044,160000.0,164491.6513585416
1.0,0.5,0.1,10000.0,T4_CRITIC,202135.55313425726,190902.22594466916,218835.32083702617,228620.31504272285
1.0,0.5,0.1,10000.0,T5_HUMAN_K0,3515912634.699488,3463458535.1730967,3516018473.876573,3837238734.299296
1.0,0.5,0.1,10000.0,T5_HUMAN_K1,237080.27421249932,210120.64873710158,255777.62368943164,273206.10719550814
1.0,0.5,0.1,10000.0,T5_HUMAN_K2,188061.49113879527,170570.0528430637,193739.69539126768,215457.68857774645
1.0,0.5,0.1,10000.0,T5_HUMAN_K3,191524.03788482203,178079.42425902377,201379.5812551817,212150.6271621399
1.0,1.0,0.01,1000.0,T1_LINEAR,496322591.90525824,402689254.9521142,684910870.5341411,661562419.0122037
1.0,1.0,0.01,1000.0,T2_VALIDATOR,20764.066594027718,19764.066594027718,21528.13318805543,21913.896167160383
1.0,1.0,0.01,1000.0,T3_SUPERVISOR,23477.23795684504,22477.23795684504,23738.61897842252,24865.729015299265
1.0,1.0,0.01,1000.0,T4_CRITIC,28062.8728138176,27032.443357295502,29213.555313425728,30856.293909822543
1.0,1.0,0.01,1000.0,T5_HUMAN_K0,397263697.6317584,372095762.1030345,400462234.53942364,495777434.35607046
1.0,1.0,0.01,1000.0,T5_HUMAN_K1,36568.98225572108,34380.60500763222,38500.965000914744,40961.502588227675
1.0,1.0,0.01,1000.0,T5_HUMAN_K2,29056.40586942883,27155.247493624614,30137.049971502303,30711.91160987413
1.0,1.0,0.01,1000.0,T5_HUMAN_K3,29615.03991406831,27576.16849461823,30616.60711127546,31971.51808626367
1.0,1.0,0.01,5000.0,T1_LINEAR,496374591.90525824,402403707.0269912,684943549.651626,661606952.3455371
1.0,1.0,0.01,5000.0,T2_VALIDATOR,90000.0,85528.13318805544,92764.06659402771,94110.3881968382
1.0,1.0,0.01,5000.0,T3_SUPERVISOR,90000.0,87478.65701049435,95000.0,98116.46423381689
1.0,1.0,0.01,5000.0,T4_CRITIC,94885.7992663984,90406.13828381294,98899.99795307942,102437.5196956554
1.0,1.0,0.01,5000.0,T5_HUMAN_K0,397323301.4133232,364835228.3227324,401032045.0881533,495828928.6742499
1.0,1.0,0.01,5000.0,T5_HUMAN_K1,100733.72661428474,95997.76032264078,103177.71056012624,104829.86536942223
1.0,1.0,0.01,5000.0,T5_HUMAN_K2,92764.54143128598,89798.74313970857,97466.35371770416,100585.19343723083
1.0,1.0,0.01,5000.0,T5_HUMAN_K3,95858.72471579233,93286.69844341015,98248.86061326557,103337.90032117565
1.0,1.0,0.01,10000.0,T1_LINEAR,496439591.90525824,406907389.0564041,684982870.5341411,661662619.0122037
1.0,1.0,0.01,10000.0,T2_VALIDATOR,180000.0,170000.0,182764.0665940277,187459.2791348871
1.0,1.0,0.01,10000.0,T3_SUPERVISOR,177489.85176706107,170855.67641868678,188602.43927014535,194492.4126522817
1.0,1.0,0.01,10000.0,T4_CRITIC,183897.66237581265,175326.85763069062,191291.55727527477,197648.20090486592
1.0,1.0,0.01,10000.0,T5_HUMAN_K0,397383351.06001914,361188789.207591,400605647.07108295,495894262.00758326
1.0,1.0,0.01,10000.0,T5_HUMAN_K1,183242.94136188677,178309.59424935275,190135.4528600814,193924.9229934701
1.0,1.0,0.01,10000.0,T5_HUMAN_K2,180629.01588207693,174137.640317214,189042.64711857692,195823.13697956371
1.0,1.0,0.01,10000.0,T5_HUMAN_K3,183249.06275581854,178679.87128598508,191170.19118670883,196647.75789077373
1.0,1.0,0.05,1000.0,T1_LINEAR,2481560959.5262914,2005722577.1731603,3424525748.2581286,3307767561.727685
1.0,1.0,0.05,1000.0,T2_VALIDATOR,43640.66594027716,41645.66594027727,52460.99891041574,50675.63060405619
1.0,1.0,0.05,1000.0,T3_SUPERVISOR,61089.28467633804,53386.189784225215,66088.15967633801,68525.49100247867
1.0,1.0,0.05,1000.0,T4_CRITIC,86613.42124822622,83194.02412668407,91405.33561403822,97583.20529970797
1.0,1.0,0.05,1000.0,T5_HUMAN_K0,1986262130.4021182,1800990030.5545154,2004891859.185132,2478836935.286839
1.0,1.0,0.05,1000.0,T5_HUMAN_K1,132508.23895277386,117066.53855928726,139042.08244068094,150928.0094051797
1.0,1.0,0.05,1000.0,T5_HUMAN_K2,87754.32717225746,82249.84858261711,99429.8575072714,104642.55608793063
1.0,1.0,0.05,1000.0,T5_HUMAN_K3,90514.51076698682,83678.97230846072,95897.04819790958,103114.34477877368
1.0,1.0,0.05,5000.0,T1_LINEAR,2481612959.5262914,2011686951.5756383,3424557748.2581286,3307812095.0610185
1.0,1.0,0.05,5000.0,T2_VALIDATOR,103820.33297013858,99424.71538721974,107640.66594027716,109569.48083580192
1.0,1.0,0.05,5000.0,T3_SUPERVISOR,117386.18978422522,112386.18978422522,118702.3413775267,124328.64507649632
1.0,1.0,0.05,5000.0,T4_CRITIC,140314.36406908798,134290.01500735528,146100.32172164807,154281.4695491127
1.0,1.0,0.05,5000.0,T5_HUMAN_K0,1986318488.1587918,1986208775.4907558,2002298020.207052,2478887171.780352
1.0,1.0,0.05,5000.0,T5_HUMAN_K1,182844.9112786054,166749.1891606437,192522.97081442917,204807.51294113838
1.0,1.0,0.05,5000.0,T5_HUMAN_K2,145282.02934714415,136864.9168873729,150685.2498575115,153559.55804937065
1.0,1.0,0.05,5000.0,T5_HUMAN_K3,148075.19957034156,137886.80896041976,152816.6802498018,159857.59043131833
1.0,1.0,0.05,10000.0,T1_LINEAR,2481677959.5262914,2005767859.8445122,3424597748.2581286,3307867761.727685
1.0,1.0,0.05,10000.0,T2_VALIDATOR,187640.66594027716,180019.1016648511,193820.33297013858,195861.5735696369
1.0,1.0,0.05,10000.0,T3_SUPERVISOR,198693.0948921126,188736.56036657412,207392.7243097648,211082.96076892596
1.0,1.0,0.05,10000.0,T4_CRITIC,218339.71314943308,211446.12396767418,229556.54638327577,236591.5931401419
1.0,1.0,0.05,10000.0,T5_HUMAN_K0,1986398488.1587918,1823394673.7818124,2002368020.207052,2478951171.780352
1.0,1.0,0.05,10000.0,T5_HUMAN_K1,260889.46810912003,239982.87470393552,268767.2415774203,278041.705986355
1.0,1.0,0.05,10000.0,T5_HUMAN_K2,216880.5923029364,206878.63199366105,225787.62729456445,230108.06974721153
1.0,1.0,0.05,10000.0,T5_HUMAN_K3,218594.6511934941,214317.66652676163,231158.97364401366,243888.09143666257
1.0,1.0,0.1,1000.0,T1_LINEAR,4963108919.052583,4012117632.5508065,6849041968.501917,6615523990.122037
1.0,1.0,0.1,1000.0,T2_VALIDATOR,71281.33188055432,69281.33188055432,92925.87282083157,87772.31383969133
1.0,1.0,0.1,1000.0,T3_SUPERVISOR,117168.56935267586,90001.2545684505,122934.69435267567,125850.98200495733
1.0,1.0,0.1,1000.0,T4_CRITIC,162808.31296780967,156395.61174673127,165795.46284472698,181742.25734216938
1.0,1.0,0.1,1000.0,T5_HUMAN_K0,3972514255.8042364,3720875765.5106544,4004496519.7692366,4957661403.907011
1.0,1.0,0.1,1000.0,T5_HUMAN_K1,250011.4779055476,215159.97834595584,262800.0280244558,288789.3521436927
1.0,1.0,0.1,1000.0,T5_HUMAN_K2,160508.65434451491,153704.03396453793,191422.8244762023,197951.7788425279
1.0,1.0,0.1,1000.0,T5_HUMAN_K3,170335.32803356665,156969.95752833431,177340.61663655067,193828.68955754736
1.0,1.0,0.1,5000.0,T1_LINEAR,4963160919.052583,4011309369.567138,6849002309.765291,6615568523.45537
1.0,1.0,0.1,5000.0,T2_VALIDATOR,135281.33188055432,125281.33188055432,137931.1402403131,144119.24809322754
1.0,1.0,0.1,5000.0,T3_SUPERVISOR,154772.37956845044,149772.37956845044,171039.19435267578,170397.27332547694
1.0,1.0,0.1,5000.0,T4_CRITIC,207465.60650610563,197806.07160578296,230111.63038494022,236987.38939363696
1.0,1.0,0.1,5000.0,T5_HUMAN_K0,3972564049.8604,3972388086.104503,4009865028.381533,4957711270.573678
1.0,1.0,0.1,5000.0,T5_HUMAN_K1,298834.43249282625,268504.6470543414,314408.67533314147,341803.3269426722
1.0,1.0,0.1,5000.0,T5_HUMAN_K2,221373.5014556842,200583.75364718036,235362.23503151225,243285.11217586126
1.0,1.0,0.1,5000.0,T5_HUMAN_K3,217405.0385431129,210708.94248836057,235100.81231602406,245079.51181613313
1.0,1.0,0.1,10000.0,T1_LINEAR,4963225919.052583,4025614606.1047854,6849108937.94019,6615624190.122037
1.0,1.0,0.1,10000.0,T2_VALIDATOR,207640.66594027716,197640.66594027716,215281.33188055432,219138.96167160384
1.0,1.0,0.1,10000.0,T3_SUPERVISOR,234772.37956845044,224772.37956845044,237386.18978422522,248657.29015299265
1.0,1.0,0.1,10000.0,T4_CRITIC,280628.72813817597,268576.11602908326,292213.0346855192,308562.9390982254
1.0,1.0,0.1,10000.0,T5_HUMAN_K0,3972636976.3175836,3972423763.8733234,4004629982.3239527,4957774343.560704
1.0,1.0,0.1,10000.0,T5_HUMAN_K1,365689.8225572108,343829.02898737864,385009.6500091475,409615.02588227676
1.0,1.0,0.1,10000.0,T5_HUMAN_K2,290564.0586942883,271014.6781517729,301370.499715023,307119.1160987413
1.0,1.0,0.1,10000.0,T5_HUMAN_K3,296150.3991406831,275761.6849461823,306180.9540708527,319715.18086263665
1.0,2.0,0.01,1000.0,T1_LINEAR,684934325.3445553,561929489.394666,686546822.5703832,755253908.6887765
1.0,2.0,0.01,1000.0,T2_VALIDATOR,33528.133188055435,32528.13318805543,35062.50071017073,36285.16648506929
1.0,2.0,0.01,1000.0,T3_SUPERVISOR,36215.85693526757,35477.23795684504,37954.47591369008,38590.85693526756
1.0,2.0,0.01,1000.0,T4_CRITIC,47781.0769372088,45062.97418114566,50305.55509518979,51134.466066244924
1.0,2.0,0.01,1000.0,T5_HUMAN_K0,686523106.8108319,684938834.5862223,693394568.9963547,760855371.9265285
1.0,2.0,0.01,1000.0,T5_HUMAN_K1,54235.927542596415,52301.60851360468,56757.4649678454,58387.202502462904
1.0,2.0,0.01,1000.0,T5_HUMAN_K2,43292.05223637523,42144.121009432754,45232.72673599023,46235.28566131147
1.0,2.0,0.01,1000.0,T5_HUMAN_K3,47674.26723473373,46014.57333357304,49677.166105363925,52368.837389742075
1.0,2.0,0.01,5000.0,T1_LINEAR,685006882.1081555,580539959.142374,688894507.4115773,755337339.2097462
1.0,2.0,0.01,5000.0,T2_VALIDATOR,152764.0665940277,145655.62739731625,155000.0,159738.0915667881
1.0,2.0,0.01,5000.0,T3_SUPERVISOR,153738.6189784225,149021.8373005378,155014.4871485417,157905.2856450892
1.0,2.0,0.01,5000.0,T4_CRITIC,160131.1514815231,153275.8914440733,164267.55477216357,169054.42338224367
1.0,2.0,0.01,5000.0,T5_HUMAN_K0,686591375.1309681,685018726.5236473,693503403.9781945,760933854.135317
1.0,2.0,0.01,5000.0,T5_HUMAN_K1,165705.19893516978,160028.3154126278,170114.1944720921,171444.2265721898
1.0,2.0,0.01,5000.0,T5_HUMAN_K2,159234.95027760215,154042.0825198518,167235.17021068398,169376.7173792011
1.0,2.0,0.01,5000.0,T5_HUMAN_K3,162304.47928598398,157462.01520236605,174715.6112467345,177062.66640454312
1.0,2.0,0.01,10000.0,T1_LINEAR,685096907.1081555,562409774.4524314,686733176.9907187,755441672.5430796
1.0,2.0,0.01,10000.0,T2_VALIDATOR,300000.0,290013.8203329704,302795.2154108948,315889.0665940277
1.0,2.0,0.01,10000.0,T3_SUPERVISOR,303738.6189784225,293742.8249247733,310000.0,313078.8626881126
1.0,2.0,0.01,10000.0,T4_CRITIC,309858.91863189323,296906.3197316192,319267.55477216357,325738.9947680451
1.0,2.0,0.01,10000.0,T5_HUMAN_K0,686680383.3684382,685120529.7247027,696550325.7933533,761032187.4686503
1.0,2.0,0.01,10000.0,T5_HUMAN_K1,316501.6438377299,306483.927130135,324573.45758555393,327824.627714416
1.0,2.0,0.01,10000.0,T5_HUMAN_K2,305126.9221300054,299042.296196618,325528.1331880554,330210.8715488419
1.0,2.0,0.01,10000.0,T5_HUMAN_K3,311245.4215573165,301769.3056965776,335042.14773333864,340148.0720499657
1.0,2.0,0.05,1000.0,T1_LINEAR,3424595312.1467547,3424518027.3271422,3432604597.5441813,3776186363.612819
1.0,2.0,0.05,1000.0,T2_VALIDATOR,64460.99891041574,62460.99891041574,65465.99891041585,70404.85296358405
1.0,2.0,0.05,1000.0,T3_SUPERVISOR,87787.37956845076,80079.28467633782,95772.37956845043,97751.91922792459
1.0,2.0,0.05,1000.0,T4_CRITIC,139672.61798513535,134131.9206570881,157268.44034714816,160559.40000994882
1.0,2.0,0.05,1000.0,T5_HUMAN_K0,3432548818.742261,3424620164.5510836,3486109075.034082,3804199711.8421984
1.0,2.0,0.05,1000.0,T5_HUMAN_K1,177291.8280950041,169247.61510395785,186599.38344536867,200979.0769159836
1.0,2.0,0.05,1000.0,T5_HUMAN_K2,124160.87264274588,119725.08031497104,127918.42246906363,132893.12437820545
1.0,2.0,0.05,1000.0,T5_HUMAN_K3,142079.58170752338,132679.56664970727,149825.2682098506,157010.74621895733
1.0,2.0,0.05,5000.0,T1_LINEAR,3424671626.722777,3424574025.886489,3432737757.241751,3776269543.443883
1.0,2.0,0.05,5000.0,T2_VALIDATOR,167640.66594027716,162640.66594027716,177118.0950276569,181425.83242534645
1.0,2.0,0.05,5000.0,T3_SUPERVISOR,181079.28467633785,177386.18978422522,188698.4913154944,191634.8402318934
1.0,2.0,0.05,5000.0,T4_CRITIC,238905.384686044,225308.09683765977,250772.19365233544,255672.33033122463
1.0,2.0,0.05,5000.0,T5_HUMAN_K0,3432615534.054158,3424727029.158739,3466829156.2039447,3804276859.6326427
1.0,2.0,0.05,5000.0,T5_HUMAN_K1,271179.637712982,261176.0250559549,283787.32483922696,291936.01251231466
1.0,2.0,0.05,5000.0,T5_HUMAN_K2,216460.26118187618,211733.9569952842,224763.76409065136,231176.42830655735
1.0,2.0,0.05,5000.0,T5_HUMAN_K3,238371.33617366865,231810.29103867282,248405.95040143412,261844.1869487104
1.0,2.0,0.05,10000.0,T1_LINEAR,3424764335.5407767,2811328548.7443333,3432831326.601916,3776373696.0487313
1.0,2.0,0.05,10000.0,T2_VALIDATOR,313820.3329701386,300346.1827959204,324098.97370579536,330125.0363913575
1.0,2.0,0.05,10000.0,T3_SUPERVISOR,320036.93094892194,317386.1897842252,328723.49131549493,337704.3484221219
1.0,2.0,0.05,10000.0,T4_CRITIC,363389.0714391338,352443.33101028897,379943.53179195494,389408.4615214335
1.0,2.0,0.05,10000.0,T5_HUMAN_K0,3432697929.657382,3424799008.3023357,3467124218.1058564,3804374526.2993093
1.0,2.0,0.05,10000.0,T5_HUMAN_K1,397931.2116420183,385452.95650905475,408261.21232230007,417526.0747420041
1.0,2.0,0.05,10000.0,T5_HUMAN_K2,356166.4342582476,341660.4871593711,370726.47157621034,376775.0201959576
1.0,2.0,0.05,10000.0,T5_HUMAN_K3,372416.0567652063,362643.40119811177,395267.2392184115,408726.6902573432
1.0,2.0,0.1,1000.0,T1_LINEAR,6849168639.2935095,6423969204.349459,6865293240.953832,7552352127.225638
1.0,2.0,0.1,1000.0,T2_VALIDATOR,105921.99782083149,103921.99782083149,106926.9978208316,116184.7059271681
1.0,2.0,0.1,1000.0,T3_SUPERVISOR,162559.75913690118,136158.56935267564,170544.75913690086,173770.50512251584
1.0,2.0,0.1,1000.0,T4_CRITIC,260343.98931724162,250077.7201857075,285970.89082150895,298368.8446461767
1.0,2.0,0.1,1000.0,T5_HUMAN_K0,6865080657.484522,6849259366.3096695,6933688074.700359,7608380157.01773
1.0,2.0,0.1,1000.0,T5_HUMAN_K1,334358.17995988304,312490.3706460905,352201.42687540536,381653.41088182235
1.0,2.0,0.1,1000.0,T5_HUMAN_K2,226152.31726008424,217517.95916179332,232279.85642347517,243477.22222438577
1.0,2.0,0.1,1000.0,T5_HUMAN_K3,262147.94128978776,242647.8820602451,275931.26666144957,290272.74215202796
1.0,2.0,0.1,5000.0,T1_LINEAR,6849248268.31094,5623946192.315438,6865371011.953832,7552435086.887766
1.0,2.0,0.1,5000.0,T2_VALIDATOR,202921.9978208315,195284.3026297372,215586.2571017064,218755.3311541648
1.0,2.0,0.1,5000.0,T3_SUPERVISOR,237158.56935267564,232158.56935267564,254544.7591369009,257074.70919368372
1.0,2.0,0.1,5000.0,T4_CRITIC,349878.9552326654,332829.7242219694,383069.77078736364,390629.68915726925
1.0,2.0,0.1,5000.0,T5_HUMAN_K0,6865148577.484522,6849283096.31262,6933815980.588548,7608457223.684397
1.0,2.0,0.1,5000.0,T5_HUMAN_K1,427345.7589397664,399154.2288955559,441158.15742557857,466828.7142741423
1.0,2.0,0.1,5000.0,T5_HUMAN_K2,315293.0597531769,302328.7861186297,329150.6589732639,336271.4224311508
1.0,2.0,0.1,5000.0,T5_HUMAN_K3,354833.85103895474,337911.49834987073,371579.80831225205,389582.1275352117
1.0,2.0,0.1,10000.0,T1_LINEAR,6849343253.445554,6425815833.410236,6865475514.483502,7552539086.887766
1.0,2.0,0.1,10000.0,T2_VALIDATOR,335281.3318805543,325281.3318805543,350586.2571017064,362851.6648506929
1.0,2.0,0.1,10000.0,T3_SUPERVISOR,362158.5693526757,354775.32010494324,379544.7591369009,383269.6804637868
1.0,2.0,0.1,10000.0,T4_CRITIC,477810.769372088,452282.9510967822,502715.97619550553,511344.66066244926
1.0,2.0,0.1,10000.0,T5_HUMAN_K0,6865231068.108316,6849388016.6046715,6963678650.435368,7608553719.2652855
1.0,2.0,0.1,10000.0,T5_HUMAN_K1,542359.275425964,522155.64859183395,567596.0404341063,583872.0250246293
1.0,2.0,0.1,10000.0,T5_HUMAN_K2,432920.52236375236,423451.4309770736,452327.26735990227,462352.8566131147
1.0,2.0,0.1,10000.0,T5_HUMAN_K3,476742.6723473373,460163.0408022154,496823.5833107089,523688.3738974208
1.2,0.5,0.01,1000.0,T1_LINEAR,151532265.39670548,149959918.18487963,153838117.7654229,178607468.26282546
1.2,0.5,0.01,1000.0,T2_VALIDATOR,13528.133188055432,12764.066594027716,14764.066594027716,15434.93321369271
1.2,0.5,0.01,1000.0,T3_SUPERVISOR,14738.61897842252,13738.61897842252,15477.237956845043,16292.583212239413
1.2,0.5,0.01,1000.0,T4_CRITIC,19850.877429049975,18626.656794335664,21582.171957769802,22674.44688077447
1.2,0.5,0.01,1000.0,T5_HUMAN_K0,351591263.4699488,346342202.18800277,351600840.44140345,383723873.4299297
1.2,0.5,0.01,1000.0,T5_HUMAN_K1,18806.545216891645,17806.545216891645,19806.545216891645,20846.40063048012
1.2,0.5,0.01,1000.0,T5_HUMAN_K2,11000.0,11000.0,11000.0,11333.333333333334
1.2,0.5,0.01,1000.0,T5_HUMAN_K3,16806.545216891645,16662.349033875464,17765.07446252269,18427.952371027
1.2,0.5,0.01,5000.0,T1_LINEAR,151544365.39670548,149994744.34621534,153880323.72854766,178633334.92949212
1.2,0.5,0.01,5000.0,T2_VALIDATOR,60000.0,55000.0,62764.06659402772,63996.46661696633
1.2,0.5,0.01,5000.0,T3_SUPERVISOR,55000.0,54022.42970827746,60000.0,59630.20036511032
1.2,0.5,0.01,5000.0,T4_CRITIC,59881.2544893101,57712.62475595554,61585.533074923726,63501.149969528844
1.2,0.5,0.01,5000.0,T5_HUMAN_K0,351607263.4699488,346355759.79440695,351623482.7274344,383748140.09659636
1.2,0.5,0.01,5000.0,T5_HUMAN_K1,55806.545216891645,55000.0,60806.545216891645,61927.76847516452
1.2,0.5,0.01,5000.0,T5_HUMAN_K2,55000.0,55000.0,55000.0,56666.666666666664
1.2,0.5,0.01,5000.0,T5_HUMAN_K3,55011.654504288366,55000.0,62330.90085762277,62672.15175475338
1.2,0.5,0.01,10000.0,T1_LINEAR,151572710.31004348,150032104.79803345,158415711.7590121,178665668.26282546
1.2,0.5,0.01,10000.0,T2_VALIDATOR,120000.0,110000.0,125528.13318805544,126101.72977486106
1.2,0.5,0.01,10000.0,T3_SUPERVISOR,110000.0,103760.15018061364,120000.0,118462.28785677081
1.2,0.5,0.01,10000.0,T4_CRITIC,112960.39550060894,110000.0,119213.55531342572,121758.50094400837
1.2,0.5,0.01,10000.0,T5_HUMAN_K0,351627263.4699488,346390797.20646894,351653484.25566584,383778473.4299297
1.2,0.5,0.01,10000.0,T5_HUMAN_K1,110000.0,110000.0,120000.0,116896.785426027
1.2,0.5,0.01,10000.0,T5_HUMAN_K2,110000.0,110000.0,110000.0,113333.33333333333
1.2,0.5,0.01,10000.0,T5_HUMAN_K3,110000.0,110000.0,122330.90085762276,116387.6295147124
1.2,0.5,0.05,1000.0,T1_LINEAR,757649226.9835275,749761888.4970129,791802716.4289752,893011474.6474606
1.2,0.5,0.05,1000.0,T2_VALIDATOR,33640.66594027716,31641.790940277187,34640.66594027716,36990.17467397596
1.2,0.5,0.05,1000.0,T3_SUPERVISOR,44386.189784225215,42386.189784225215,45386.189784225215,46929.508214982256
1.2,0.5,0.05,1000.0,T4_CRITIC,68016.76977437534,65025.83053925561,79621.50733150545,82490.53615973977
1.2,0.5,0.05,1000.0,T5_HUMAN_K0,1757940278.619667,1731708077.67687,1757989251.6836467,1918595100.4829814
1.2,0.5,0.05,1000.0,T5_HUMAN_K1,62032.72608445823,60032.72608445823,63032.72608445823,70676.44759684504
1.2,0.5,0.05,1000.0,T5_HUMAN_K2,11000.0,11000.0,11000.0,11333.333333333334
1.2,0.5,0.05,1000.0,T5_HUMAN_K3,60032.72608445823,58037.726084458336,62032.72608445823,65747.97277250385
1.2,0.5,0.05,5000.0,T1_LINEAR,757661326.9835277,749799803.4630693,769190588.8271146,893037341.3141272
1.2,0.5,0.05,5000.0,T2_VALIDATOR,67640.66594027716,63820.33297013858,73820.33297013858,77174.66606846354
1.2,0.5,0.05,5000.0,T3_SUPERVISOR,73693.09489211261,68693.09489211261,77386.18978422522,81462.91606119707
1.2,0.5,0.05,5000.0,T4_CRITIC,99254.38714524989,92806.0354125226,109403.28889100548,113372.23440387238
1.2,0.5,0.05,5000.0,T5_HUMAN_K0,1757956317.349744,1731728081.200712,1758008731.9256997,1918619367.149648
1.2,0.5,0.05,5000.0,T5_HUMAN_K1,94032.72608445823,89032.72608445823,99032.72608445823,104232.00315240059
1.2,0.5,0.05,5000.0,T5_HUMAN_K2,55000.0,55000.0,55000.0,56666.666666666664
1.2,0.5,0.05,5000.0,T5_HUMAN_K3,84032.72608445823,83309.00857622773,92913.35108445838,92139.761855135
1.2,0.5,0.05,10000.0,T1_LINEAR,757676451.9835277,749838723.1225103,791838558.7950604,893069674.6474606
1.2,0.5,0.05,10000.0,T2_VALIDATOR,127640.66594027716,113842.08888580694,130019.10166485111,136622.72508427253
1.2,0.5,0.05,10000.0,T3_SUPERVISOR,118693.09489211261,117386.18978422522,128693.09489211261,130758.44014750696
1.2,0.5,0.05,10000.0,T4_CRITIC,144775.0719599493,136073.06892209087,149614.1707050895,156897.33145931357
1.2,0.5,0.05,10000.0,T5_HUMAN_K0,1757976317.349744,1731753281.2639875,1758034179.4573643,1918649700.4829814
1.2,0.5,0.05,10000.0,T5_HUMAN_K1,134032.72608445823,129462.51745642727,140020.16363042273,145119.25264086897
1.2,0.5,0.05,10000.0,T5_HUMAN_K2,110000.0,110000.0,110000.0,113333.33333333333
1.2,0.5,0.05,10000.0,T5_HUMAN_K3,130000.0,118099.26265616617,134032.72608445823,139850.41928075347
1.2,0.5,0.1,1000.0,T1_LINEAR,1515295428.967055,1499538379.0400774,1538568669.0663788,1786016482.6282544
1.2,0.5,0.1,1000.0,T2_VALIDATOR,61281.331880554324,59286.33188055443,63281.331880554324,66085.61250584666
1.2,0.5,0.1,1000.0,T3_SUPERVISOR,81772.37956845043,79777.37956845053,82772.37956845043,85484.01642996451
1.2,0.5,0.1,1000.0,T4_CRITIC,130613.83785354975,125680.33022245551,155227.3605087303,157898.77676537153
1.2,0.5,0.1,1000.0,T5_HUMAN_K0,3515876547.239334,3463413058.2640805,3515972458.775896,3837184134.299296
1.2,0.5,0.1,1000.0,T5_HUMAN_K1,116065.45216891645,114070.45216891656,117065.45216891645,132964.00630480118
1.2,0.5,0.1,1000.0,T5_HUMAN_K2,11000.0,11000.0,11000.0,11333.333333333334
1.2,0.5,0.1,1000.0,T5_HUMAN_K3,114065.45216891645,112070.45216891656,116065.45216891645,125180.15607132346
1.2,0.5,0.1,5000.0,T1_LINEAR,1515307528.967055,1499550840.0929308,1573459274.2232947,1786042349.2949212
1.2,0.5,0.1,5000.0,T2_VALIDATOR,87640.66594027716,85281.33188055432,95281.33188055432,99323.26189627087
1.2,0.5,0.1,5000.0,T3_SUPERVISOR,109772.37956845043,97398.12073314661,114772.37956845043,118984.01642996451
1.2,0.5,0.1,5000.0,T4_CRITIC,159280.62852725503,147140.01220549704,171288.01466301188,187660.93114859218
1.2,0.5,0.1,5000.0,T5_HUMAN_K0,3515892587.239334,3463431673.77505,3515993473.876573,3837208400.965963
1.2,0.5,0.1,5000.0,T5_HUMAN_K1,148065.45216891647,138071.07716891658,153065.45216891647,166519.56186035674
1.2,0.5,0.1,5000.0,T5_HUMAN_K2,55000.0,55000.0,55000.0,56666.666666666664
1.2,0.5,0.1,5000.0,T5_HUMAN_K3,138065.45216891647,133065.45216891647,146946.0771689166,149596.62378269626
1.2,0.5,0.1,10000.0,T1_LINEAR,1515322653.9670553,1499590124.223609,1573489921.5369744,1786074682.6282544
1.2,0.5,0.1,10000.0,T2_VALIDATOR,135281.33188055432,127640.66594027716,147640.66594027716,154349.33213692709
1.2,0.5,0.1,10000.0,T3_SUPERVISOR,147386.18978422522,137386.18978422522,154772.37956845044,162925.83212239415
1.2,0.5,0.1,10000.0,T4_CRITIC,198508.77429049977,188496.3028790778,218806.57778201095,226744.46880774476
1.2,0.5,0.1,10000.0,T5_HUMAN_K0,3515912634.699488,3463457972.0646887,3516013984.8758006,3837238734.299296
1.2,0.5,0.1,10000.0,T5_HUMAN_K1,188065.45216891647,178065.45216891647,198065.45216891647,208464.00630480118
1.2,0.5,0.1,10000.0,T5_HUMAN_K2,110000.0,110000.0,110000.0,113333.33333333333
1.2,0.5,0.1,10000.0,T5_HUMAN_K3,168065.45216891647,166846.8736866927,178115.45216891757,184279.52371027
1.2,1.0,0.01,1000.0,T1_LINEAR,204748355.22141412,166782755.70022395,208646228.53626278,252516971.05209443
1.2,1.0,0.01,1000.0,T2_VALIDATOR,20764.066594027718,20292.199782083146,21528.13318805543,21913.896167160383
1.2,1.0,0.01,1000.0,T3_SUPERVISOR,22741.005168206797,21537.061538158607,23738.61897842252,24723.444282985885
1.2,1.0,0.01,1000.0,T4_CRITIC,28062.8728138176,26604.243855101213,29220.064344329614,30852.69394590669
1.2,1.0,0.01,1000.0,T5_HUMAN_K0,397263697.6317584,368418895.88612634,400459604.0414103,495777434.35607046
1.2,1.0,0.01,1000.0,T5_HUMAN_K1,28848.68758714248,26861.71565266363,31848.68758714248,32552.285414380192
1.2,1.0,0.01,1000.0,T5_HUMAN_K2,17000.0,17000.0,18000.0,17888.88888888889
1.2,1.0,0.01,1000.0,T5_HUMAN_K3,24948.643661656042,24152.152545974306,26507.082055339797,27287.19372010046
1.2,1.0,0.01,5000.0,T1_LINEAR,204792127.7797738,166813892.60435635,206336782.33827007,252563904.38542777
1.2,1.0,0.01,5000.0,T2_VALIDATOR,90000.0,85528.13318805544,92764.06659402771,94110.3881968382
1.2,1.0,0.01,5000.0,T3_SUPERVISOR,90000.0,86217.27598891688,94717.60832379438,97882.80054766548
1.2,1.0,0.01,5000.0,T4_CRITIC,94885.7992663984,90403.90244569315,99660.3927726977,102423.11983999197
1.2,1.0,0.01,5000.0,T5_HUMAN_K0,397323301.4133232,364835221.0640962,397373360.4054132,495828928.6742499
1.2,1.0,0.01,5000.0,T5_HUMAN_K1,90057.81506274245,90000.0,95860.59781654783,98303.87318975074
1.2,1.0,0.01,5000.0,T5_HUMAN_K2,85000.0,85000.0,90000.0,89444.44444444444
1.2,1.0,0.01,5000.0,T5_HUMAN_K3,92954.47770881982,90000.0,95001.42689283224,98269.73214815033
1.2,1.0,0.01,10000.0,T1_LINEAR,204847152.7797738,167583611.94265398,208705007.61359704,252622571.05209443
1.2,1.0,0.01,10000.0,T2_VALIDATOR,180000.0,170000.0,182764.0665940277,187459.2791348871
1.2,1.0,0.01,10000.0,T3_SUPERVISOR,177489.85176706107,170000.0,183784.41303207277,194243.17138705353
1.2,1.0,0.01,10000.0,T4_CRITIC,183897.39237851897,175448.123264352,193896.1831137546,197630.20108528662
1.2,1.0,0.01,10000.0,T5_HUMAN_K0,397383351.06001914,360185741.2594829,400588773.2323952,495894262.00758326
1.2,1.0,0.01,10000.0,T5_HUMAN_K1,180000.0,172403.76601221328,180000.0,186851.32374742583
1.2,1.0,0.01,10000.0,T5_HUMAN_K2,170000.0,170000.0,180000.0,178888.88888888888
1.2,1.0,0.01,10000.0,T5_HUMAN_K3,180000.0,175285.37856644258,188903.51942268768,189442.41472377852
1.2,1.0,0.05,1000.0,T1_LINEAR,1023701736.1070707,837543604.9281516,1043082813.0679852,1262537921.927139
1.2,1.0,0.05,1000.0,T2_VALIDATOR,43640.66594027716,41640.66594027716,51465.99891041585,50675.63060405619
1.2,1.0,0.05,1000.0,T3_SUPERVISOR,53386.189784225215,51386.189784225215,64094.284676338146,64622.08587819368
1.2,1.0,0.05,1000.0,T4_CRITIC,86576.9862017962,82613.63273071637,91403.28889100548,97483.32784566755
1.2,1.0,0.05,1000.0,T5_HUMAN_K0,1986262130.4021182,1860442425.0053272,2002255250.1971183,2478836935.286839
1.2,1.0,0.05,1000.0,T5_HUMAN_K1,95307.98908273925,87317.98908273948,106420.82519851811,108838.0069064324
1.2,1.0,0.05,1000.0,T5_HUMAN_K2,17000.0,17000.0,18000.0,17888.88888888889
1.2,1.0,0.05,1000.0,T5_HUMAN_K3,76687.23037257208,68853.78566442596,79808.98962855744,83724.78693001467
1.2,1.0,0.05,5000.0,T1_LINEAR,1023741776.1070707,833909579.555711,1043118913.0679852,1262584855.2604723
1.2,1.0,0.05,5000.0,T2_VALIDATOR,103820.33297013858,98820.33297013858,107640.66594027716,109569.48083580192
1.2,1.0,0.05,5000.0,T3_SUPERVISOR,113705.025841034,108693.09489211261,117392.7243097648,123617.22141492943
1.2,1.0,0.05,5000.0,T4_CRITIC,140314.36406908798,133723.66808064686,152576.80747087393,154263.46972953342
1.2,1.0,0.05,5000.0,T5_HUMAN_K0,1986318488.1587918,1986208761.697575,2002298020.207052,2478887171.780352
1.2,1.0,0.05,5000.0,T5_HUMAN_K1,144243.4379357124,134558.83382373818,159243.4379357124,162761.42707190095
1.2,1.0,0.05,5000.0,T5_HUMAN_K2,85000.0,85000.0,90000.0,89444.44444444444
1.2,1.0,0.05,5000.0,T5_HUMAN_K3,124743.21830828022,120761.38866137527,132858.54230924672,136435.9686005023
1.2,1.0,0.05,10000.0,T1_LINEAR,1023795563.8988689,837600031.4156978,1043163807.2696642,1262643521.927139
1.2,1.0,0.05,10000.0,T2_VALIDATOR,187640.66594027716,180000.0,193820.33297013858,195861.5735696369
1.2,1.0,0.05,10000.0,T3_SUPERVISOR,197386.18978422522,188693.0948921126,206079.28467633785,209100.7977698259
1.2,1.0,0.05,10000.0,T4_CRITIC,218339.71314943308,209557.50324021227,229556.54638327577,236555.59350098332
1.2,1.0,0.05,10000.0,T5_HUMAN_K0,1986398488.1587918,1824026405.3204808,2005737211.1918545,2478951171.780352
1.2,1.0,0.05,10000.0,T5_HUMAN_K1,219243.1386837173,199302.98908273914,237162.6256167585,238987.2356281645
1.2,1.0,0.05,10000.0,T5_HUMAN_K2,170000.0,170000.0,180000.0,178888.88888888888
1.2,1.0,0.05,10000.0,T5_HUMAN_K3,203312.62716376895,194780.66106553987,212861.1025642655,218848.36140941796
1.2,1.0,0.1,1000.0,T1_LINEAR,2047393462.2141414,1682227018.4852967,2086155024.5953393,2525064110.5209446
1.2,1.0,0.1,1000.0,T2_VALIDATOR,71281.33188055432,69281.33188055432,93921.99782083149,87772.31383969133
1.2,1.0,0.1,1000.0,T3_SUPERVISOR,90772.37956845043,88772.37956845043,120158.56935267564,116302.99528579913
1.2,1.0,0.1,1000.0,T4_CRITIC,162228.01466301057,152950.24325181256,165735.44287494963,181647.9337988457
1.2,1.0,0.1,1000.0,T5_HUMAN_K0,3972514255.8042364,3972363678.6494446,3972882305.452685,4957661403.907011
1.2,1.0,0.1,1000.0,T5_HUMAN_K1,174610.97816547842,167067.60316547856,205490.15236743467,205342.6804795315
1.2,1.0,0.1,1000.0,T5_HUMAN_K2,17000.0,17000.0,18000.0,17888.88888888889
1.2,1.0,0.1,1000.0,T5_HUMAN_K3,142375.63958770403,123547.29930332948,147615.2292571148,157808.6401761454
1.2,1.0,0.1,5000.0,T1_LINEAR,2047433502.2141414,1667779151.0435638,2086526332.7215471,2525111043.854278
1.2,1.0,0.1,5000.0,T2_VALIDATOR,135281.33188055432,125284.3026297372,137921.9978208315,144119.24809322754
1.2,1.0,0.1,5000.0,T3_SUPERVISOR,152158.56935267564,144772.37956845044,159801.00105386495,169374.52190661934
1.2,1.0,0.1,5000.0,T4_CRITIC,206231.2038812583,196388.04825336815,229407.72804838145,236668.9220936152
1.2,1.0,0.1,5000.0,T5_HUMAN_K0,3972564049.8604,3972387545.3565116,4011339422.383709,4957711270.573678
1.2,1.0,0.1,5000.0,T5_HUMAN_K1,233486.87587142483,200999.57432993277,243486.87587142483,256052.57090186005
1.2,1.0,0.1,5000.0,T5_HUMAN_K2,85000.0,85000.0,90000.0,89444.44444444444
1.2,1.0,0.1,5000.0,T5_HUMAN_K3,186374.46074514417,176506.42693695085,192649.81565413167,202264.9605400156
1.2,1.0,0.1,10000.0,T1_LINEAR,2047483552.2141414,1675194858.809814,2086237826.1359704,2525169710.5209446
1.2,1.0,0.1,10000.0,T2_VALIDATOR,207640.66594027716,197667.0725996805,215281.33188055432,219138.96167160384
1.2,1.0,0.1,10000.0,T3_SUPERVISOR,227410.051682068,217386.18978422522,234785.4486195296,247234.44282985886
1.2,1.0,0.1,10000.0,T4_CRITIC,280628.72813817597,266031.21596052125,292200.64344329614,308526.93945906684
1.2,1.0,0.1,10000.0,T5_HUMAN_K0,3972636976.3175836,3646322535.7024627,4004629982.3239527,4957774343.560704
1.2,1.0,0.1,10000.0,T5_HUMAN_K1,288486.8758714248,278067.5562949091,318605.9781654783,325522.8541438019
1.2,1.0,0.1,10000.0,T5_HUMAN_K2,170000.0,170000.0,180000.0,178888.88888888888
1.2,1.0,0.1,10000.0,T5_HUMAN_K3,249486.43661656044,241943.85196659822,265717.08461849345,272871.9372010046
1.2,2.0,0.01,1000.0,T1_LINEAR,299926295.33012664,259578073.98983997,301508310.6893394,309567946.834207
1.2,2.0,0.01,1000.0,T2_VALIDATOR,33528.133188055435,32528.13318805543,35532.00818805552,36285.16648506929
1.2,2.0,0.01,1000.0,T3_SUPERVISOR,35739.69826309888,35215.85693526756,37739.69826309888,38447.67279905723
1.2,2.0,0.01,1000.0,T4_CRITIC,46913.146938000136,44566.49663743814,49489.46564791126,50351.191936993535
1.2,2.0,0.01,1000.0,T5_HUMAN_K0,686523106.8108319,684937523.5376071,693391836.752719,760855371.9265285
1.2,2.0,0.01,1000.0,T5_HUMAN_K1,41615.445806812946,40861.50524006437,43848.687587142485,45952.0731373832
1.2,2.0,0.01,1000.0,T5_HUMAN_K2,30000.0,29000.0,32000.0,31833.333333333332
1.2,2.0,0.01,1000.0,T5_HUMAN_K3,40196.443711282205,38138.635073412705,42430.94252521318,43601.12986428578
1.2,2.0,0.01,5000.0,T1_LINEAR,300022295.33012664,260182150.28314137,301576310.6893394,309655146.834207
1.2,2.0,0.01,5000.0,T2_VALIDATOR,152764.0665940277,145528.727337892,153302.7852992767,159738.0915667881
1.2,2.0,0.01,5000.0,T3_SUPERVISOR,153738.6189784225,148738.6189784225,155000.0,157905.2856450892
1.2,2.0,0.01,5000.0,T4_CRITIC,160129.34550564975,153276.573832933,164213.55531342572,168813.09273049483
1.2,2.0,0.01,5000.0,T5_HUMAN_K0,686591375.1309681,685017533.401949,697308215.0068165,760933854.135317
1.2,2.0,0.01,5000.0,T5_HUMAN_K1,155000.0,150806.54521689165,160000.0,160226.32018780304
1.2,2.0,0.01,5000.0,T5_HUMAN_K2,150000.0,145000.0,160000.0,159166.66666666666
1.2,2.0,0.01,5000.0,T5_HUMAN_K3,155289.92334353089,152963.01432885212,167958.51043490437,170062.89062752388
1.2,2.0,0.01,10000.0,T1_LINEAR,300142295.33012664,261284787.3279172,301670085.0790062,309764146.834207
1.2,2.0,0.01,10000.0,T2_VALIDATOR,300000.0,290013.8203329704,302777.8869269981,315889.0665940277
1.2,2.0,0.01,10000.0,T3_SUPERVISOR,303738.6189784225,291793.2540978949,310000.0,313078.8626881126
1.2,2.0,0.01,10000.0,T4_CRITIC,309858.6486345996,294498.51255942666,319217.48753685865,325713.79502063413
1.2,2.0,0.01,10000.0,T5_HUMAN_K0,686680383.3684382,685127801.6604673,693629818.5025356,761032187.4686503
1.2,2.0,0.01,10000.0,T5_HUMAN_K1,310000.0,300000.0,310004.0327260845,318311.67783600645
1.2,2.0,0.01,10000.0,T5_HUMAN_K2,300000.0,290000.0,320000.0,318333.3333333333
1.2,2.0,0.01,10000.0,T5_HUMAN_K3,305297.033070731,295809.8312594077,332323.1011545658,333649.935028585
1.2,2.0,0.05,1000.0,T1_LINEAR,1499535476.6506336,1297778469.9492,1518893437.798225,1547752534.1710353
1.2,2.0,0.05,1000.0,T2_VALIDATOR,64460.99891041574,62460.99891041574,65460.99891041574,70404.85296358405
1.2,2.0,0.05,1000.0,T3_SUPERVISOR,81084.28467633793,78079.28467633782,94772.37956845043,95259.50657564291
1.2,2.0,0.05,1000.0,T4_CRITIC,136797.3463499536,129634.61513686233,152573.86231053347,156871.9472600001
1.2,2.0,0.05,1000.0,T5_HUMAN_K0,3432548818.742261,3424618499.018193,3466780409.1834226,3804199711.8421984
1.2,2.0,0.05,1000.0,T5_HUMAN_K1,119248.1386837174,114244.02711629131,126243.13868371729,137993.67678958634
1.2,2.0,0.05,1000.0,T5_HUMAN_K2,30000.0,29000.0,31005.00000000011,31833.333333333332
1.2,2.0,0.05,1000.0,T5_HUMAN_K3,101586.6084705565,97907.83236299871,110996.23894879982,116730.10303784719
1.2,2.0,0.05,5000.0,T1_LINEAR,1499631476.6506336,1306729578.9128726,1507541553.4466975,1547839734.1710353
1.2,2.0,0.05,5000.0,T2_VALIDATOR,167640.66594027716,162641.9930656858,175293.1285508532,181425.83242534645
1.2,2.0,0.05,5000.0,T3_SUPERVISOR,178698.4913154944,176079.28467633785,188698.4913154944,192238.3639952862
1.2,2.0,0.05,5000.0,T4_CRITIC,234565.7346900007,222019.58257171046,248729.55668116204,251755.95968496767
1.2,2.0,0.05,5000.0,T5_HUMAN_K0,3432615534.054158,3424694635.1161456,3466884409.1834226,3804276859.6326427
1.2,2.0,0.05,5000.0,T5_HUMAN_K1,208077.22903406475,204080.1362509904,219243.4379357124,229760.36568691593
1.2,2.0,0.05,5000.0,T5_HUMAN_K2,150000.0,145000.0,160000.0,159166.66666666666
1.2,2.0,0.05,5000.0,T5_HUMAN_K3,200982.218556411,192855.68802977775,220232.0074607703,218005.6493214289
1.2,2.0,0.05,10000.0,T1_LINEAR,1499751476.6506336,1306804577.4066515,1507670931.2533526,1547948734.1710353
1.2,2.0,0.05,10000.0,T2_VALIDATOR,313820.3329701386,303820.3329701386,325281.3318805543,330125.0363913575
1.2,2.0,0.05,10000.0,T3_SUPERVISOR,318693.0948921126,315076.56173231144,328716.6521202339,332749.2189808606
1.2,2.0,0.05,10000.0,T4_CRITIC,359640.6983009819,352597.13887512987,371572.85065232107,386208.1994419911
1.2,2.0,0.05,10000.0,T5_HUMAN_K0,3432697929.657382,3424777050.661764,3486284600.6272607,3804374526.2993093
1.2,2.0,0.05,10000.0,T5_HUMAN_K1,335290.12737670855,329572.8299396715,354054.24133060995,361707.3744722448
1.2,2.0,0.05,10000.0,T5_HUMAN_K2,300000.0,290000.0,310050.0000000011,318333.3333333333
1.2,2.0,0.05,10000.0,T5_HUMAN_K3,341670.0937093941,328081.3971203269,362137.2463912084,368409.1024636555
1.2,2.0,0.1,1000.0,T1_LINEAR,2999046953.301267,2611314493.7261834,3014919663.469765,3095483268.3420706
1.2,2.0,0.1,1000.0,T2_VALIDATOR,105921.99782083149,103921.99782083149,107699.24782083154,116184.7059271681
1.2,2.0,0.1,1000.0,T3_SUPERVISOR,137163.56935267575,134158.56935267564,169544.75913690086,168785.6798179525
1.2,2.0,0.1,1000.0,T4_CRITIC,252625.8232598461,238885.6574738333,285949.889639179,291810.56118666683
1.2,2.0,0.1,1000.0,T5_HUMAN_K0,6865080657.484522,6849259368.105781,6933684646.527191,7608380157.01773
1.2,2.0,0.1,1000.0,T5_HUMAN_K1,218491.2773674347,213486.27736743458,225486.27736743458,254120.686912506
1.2,2.0,0.1,1000.0,T5_HUMAN_K2,30000.0,29000.0,32000.0,31833.333333333332
1.2,2.0,0.1,1000.0,T5_HUMAN_K3,185155.85925599292,175934.23783334272,201263.24640957091,211126.87274236104
1.2,2.0,0.1,5000.0,T1_LINEAR,2999142953.301267,2595579466.092662,3015112274.8245797,3095570468.3420706
1.2,2.0,0.1,5000.0,T2_VALIDATOR,202921.9978208315,195281.33188055432,215562.66376110865,218755.3311541648
1.2,2.0,0.1,5000.0,T3_SUPERVISOR,232170.50030159703,222158.56935267564,249554.8876514872,257734.18784672246
1.2,2.0,0.1,5000.0,T4_CRITIC,340211.4591066053,327441.4790218684,374135.88117500127,382584.95202822814
1.2,2.0,0.1,5000.0,T5_HUMAN_K0,6865148577.484522,6849283398.470766,6933788522.527191,7608457223.684397
1.2,2.0,0.1,5000.0,T5_HUMAN_K1,300841.6503970362,293486.8758714248,318486.2773674346,339771.69376997644
1.2,2.0,0.1,5000.0,T5_HUMAN_K2,150000.0,145000.0,160000.0,159166.66666666666
1.2,2.0,0.1,5000.0,T5_HUMAN_K3,269811.19102400803,257155.00634531293,302189.501878383,304260.70754918765
1.2,2.0,0.1,10000.0,T1_LINEAR,2999262953.301267,2613459152.3081927,3032797142.735317,3095679468.3420706
1.2,2.0,0.1,10000.0,T2_VALIDATOR,335281.3318805543,325281.3318805543,350562.66376110865,362851.6648506929
1.2,2.0,0.1,10000.0,T3_SUPERVISOR,357396.9826309888,350142.9949500366,377396.9826309888,384476.7279905724
1.2,2.0,0.1,10000.0,T4_CRITIC,469131.4693800014,444041.0284713914,494907.4787635289,503511.91936993535
1.2,2.0,0.1,10000.0,T5_HUMAN_K0,6865231068.108316,6849378981.623278,6963722067.933533,7608553719.2652855
1.2,2.0,0.1,10000.0,T5_HUMAN_K1,416154.4580681295,400675.634995294,438486.8758714248,459520.73137383186
1.2,2.0,0.1,10000.0,T5_HUMAN_K2,300000.0,290000.0,320000.0,318333.3333333333
1.2,2.0,0.1,10000.0,T5_HUMAN_K3,401964.437112822,389089.55417639646,423403.79432476405,436011.2986428578
1.4,0.5,0.01,1000.0,T1_LINEAR,151532265.39670548,149959918.18487963,153861569.4066379,178607468.26282546
1.4,0.5,0.01,1000.0,T2_VALIDATOR,12000.0,11000.0,12000.0,12421.052631578947
1.4,0.5,0.01,1000.0,T3_SUPERVISOR,11000.0,10001.125000000025,11003.875000000085,11727.272727272728
1.4,0.5,0.01,1000.0,T4_CRITIC,13000.0,11778.397764936242,13712.624755955543,14934.5933229222
1.4,0.5,0.01,1000.0,T5_HUMAN_K0,351591263.4699488,346339739.0896386,351601398.48758006,383723873.4299297
1.4,0.5,0.01,1000.0,T5_HUMAN_K1,12058.782336658007,12000.0,13054.052599656185,13636.035066437458
1.4,0.5,0.01,1000.0,T5_HUMAN_K2,11000.0,11000.0,11000.0,11333.333333333334
1.4,0.5,0.01,1000.0,T5_HUMAN_K3,16806.545216891645,14806.545216891645,16806.545216891645,17681.545216891645
1.4,0.5,0.01,5000.0,T1_LINEAR,151544365.39670548,149994744.693713,153883119.56180444,178633334.92949212
1.4,0.5,0.01,5000.0,T2_VALIDATOR,60000.0,55000.0,60000.0,62105.26315789474
1.4,0.5,0.01,5000.0,T3_SUPERVISOR,55000.0,50000.0,55025.000000000546,58636.36363636364
1.4,0.5,0.01,5000.0,T4_CRITIC,55002.1262475596,55000.0,60000.0,60198.44977222516
1.4,0.5,0.01,5000.0,T5_HUMAN_K0,351607263.4699488,346357976.5853189,351624531.7734163,383748140.09659636
1.4,0.5,0.01,5000.0,T5_HUMAN_K1,55000.0,55000.0,55078.78233665844,57783.78362218402
1.4,0.5,0.01,5000.0,T5_HUMAN_K2,55000.0,55000.0,55000.0,56666.666666666664
1.4,0.5,0.01,5000.0,T5_HUMAN_K3,55000.0,55000.0,60000.0,57622.464637662655
1.4,0.5,0.01,10000.0,T1_LINEAR,151572710.31004348,150032743.58194298,153921611.12902337,178665668.26282546
1.4,0.5,0.01,10000.0,T2_VALIDATOR,120000.0,110000.0,120000.0,124210.52631578948
1.4,0.5,0.01,10000.0,T3_SUPERVISOR,110000.0,100000.0,110038.75000000084,117272.72727272728
1.4,0.5,0.01,10000.0,T4_CRITIC,110000.0,105448.12326435202,115425.24951191108,115487.54158531851
1.4,0.5,0.01,10000.0,T5_HUMAN_K0,351627263.4699488,346390656.9575659,351653493.5607444,383778473.4299297
1.4,0.5,0.01,10000.0,T5_HUMAN_K1,110000.0,105078.78233665845,110000.0,116250.0
1.4,0.5,0.01,10000.0,T5_HUMAN_K2,110000.0,110000.0,110000.0,113333.33333333333
1.4,0.5,0.01,10000.0,T5_HUMAN_K3,110000.0,110000.0,120000.0,114844.68685988488
1.4,0.5,0.05,1000.0,T1_LINEAR,757649226.9835275,749770652.4607788,769286947.0331894,893011474.6474606
1.4,0.5,0.05,1000.0,T2_VALIDATOR,12000.0,11000.0,12000.0,12421.052631578947
1.4,0.5,0.05,1000.0,T3_SUPERVISOR,11000.0,10000.0,11005.00000000011,11727.272727272728
1.4,0.5,0.05,1000.0,T4_CRITIC,33126.247559555435,31131.247559555544,35126.247559555435,38767.02850449987
1.4,0.5,0.05,1000.0,T5_HUMAN_K0,1757940278.619667,1731708081.200712,1757989236.9382865,1918595100.4829814
1.4,0.5,0.05,1000.0,T5_HUMAN_K1,32270.26299828092,31270.26299828092,33270.262998280916,33395.262998280916
1.4,0.5,0.05,1000.0,T5_HUMAN_K2,11000.0,11000.0,11000.0,11333.333333333334
1.4,0.5,0.05,1000.0,T5_HUMAN_K3,60032.72608445823,58032.72608445823,60032.72608445823,60907.72608445823
1.4,0.5,0.05,5000.0,T1_LINEAR,757661326.9835277,749799579.8182769,769316620.5252368,893037341.3141272
1.4,0.5,0.05,5000.0,T2_VALIDATOR,60000.0,55000.0,60000.0,62105.26315789474
1.4,0.5,0.05,5000.0,T3_SUPERVISOR,55000.0,50000.0,60000.0,58636.36363636364
1.4,0.5,0.05,5000.0,T4_CRITIC,65000.0,60000.0,68563.12377977771,74672.96661461101
1.4,0.5,0.05,5000.0,T5_HUMAN_K0,1757956317.349744,1731728566.3420331,1758009263.8659406,1918619367.149648
1.4,0.5,0.05,5000.0,T5_HUMAN_K1,60293.911683290025,60000.0,65270.262998280916,68180.17533218728
1.4,0.5,0.05,5000.0,T5_HUMAN_K2,55000.0,55000.0,55000.0,56666.666666666664
1.4,0.5,0.05,5000.0,T5_HUMAN_K3,84032.72608445823,74032.72608445823,84032.72608445823,88407.72608445823
1.4,0.5,0.05,10000.0,T1_LINEAR,757676451.9835277,749838729.6527144,769338653.6769568,893069674.6474606
1.4,0.5,0.05,10000.0,T2_VALIDATOR,120000.0,110000.0,120000.0,124210.52631578948
1.4,0.5,0.05,10000.0,T3_SUPERVISOR,110000.0,100000.0,120000.0,117272.72727272728
1.4,0.5,0.05,10000.0,T4_CRITIC,120000.0,110000.0,129356.63867239555,128309.55738797378
1.4,0.5,0.05,10000.0,T5_HUMAN_K0,1757976317.349744,1731753167.050408,1758031989.9001486,1918649700.4829814
1.4,0.5,0.05,10000.0,T5_HUMAN_K1,110000.0,110000.0,120000.0,117115.5625859105
1.4,0.5,0.05,10000.0,T5_HUMAN_K2,110000.0,110000.0,110000.0,113333.33333333333
1.4,0.5,0.05,10000.0,T5_HUMAN_K3,120000.0,114032.72608445823,124032.72608445823,128014.31766195047
1.4,0.5,0.1,1000.0,T1_LINEAR,1515295428.967055,1499526767.1584752,1573443486.6114812,1786016482.6282544
1.4,0.5,0.1,1000.0,T2_VALIDATOR,12000.0,11000.0,12000.0,12421.052631578947
1.4,0.5,0.1,1000.0,T3_SUPERVISOR,11000.0,10000.0,11005.00000000011,11727.272727272728
1.4,0.5,0.1,1000.0,T4_CRITIC,60252.49511911087,58252.49511911087,62252.49511911087,69284.05700899973
1.4,0.5,0.1,1000.0,T5_HUMAN_K0,3515876547.239334,3463366567.757815,3515968984.8758006,3837184134.299296
1.4,0.5,0.1,1000.0,T5_HUMAN_K1,57540.52599656184,55545.52599656195,58540.52599656184,58665.52599656184
1.4,0.5,0.1,1000.0,T5_HUMAN_K2,11000.0,11000.0,11000.0,11333.333333333334
1.4,0.5,0.1,1000.0,T5_HUMAN_K3,114065.45216891645,111294.32716891653,114065.45216891645,114940.45216891645
1.4,0.5,0.1,5000.0,T1_LINEAR,1515307528.967055,1499562528.3924959,1538348286.247508,1786042349.2949212
1.4,0.5,0.1,5000.0,T2_VALIDATOR,60000.0,55000.0,60000.0,62105.26315789474
1.4,0.5,0.1,5000.0,T3_SUPERVISOR,55000.0,50000.0,55000.0,58636.36363636364
1.4,0.5,0.1,5000.0,T4_CRITIC,84252.49511911087,79252.49511911087,94252.49511911087,102284.05700899973
1.4,0.5,0.1,5000.0,T5_HUMAN_K0,3515892587.239334,3463509740.6747146,3515992463.8513994,3837208400.965963
1.4,0.5,0.1,5000.0,T5_HUMAN_K1,85540.52599656183,75540.52599656183,90540.52599656183,91165.52599656183
1.4,0.5,0.1,5000.0,T5_HUMAN_K2,55000.0,55000.0,55000.0,56666.666666666664
1.4,0.5,0.1,5000.0,T5_HUMAN_K3,138065.45216891647,128065.45216891645,138065.45216891647,142440.45216891647
1.4,0.5,0.1,10000.0,T1_LINEAR,1515322653.9670553,1499590140.0295286,1583617117.5901208,1786074682.6282544
1.4,0.5,0.1,10000.0,T2_VALIDATOR,120000.0,110000.0,120000.0,124210.52631578948
1.4,0.5,0.1,10000.0,T3_SUPERVISOR,110000.0,100000.0,110050.00000000109,117272.72727272728
1.4,0.5,0.1,10000.0,T4_CRITIC,130000.0,117129.480531051,137126.24755955543,149345.93322922202
1.4,0.5,0.1,10000.0,T5_HUMAN_K0,3515912634.699488,3463483748.3520703,3516013962.318008,3837238734.299296
1.4,0.5,0.1,10000.0,T5_HUMAN_K1,120587.82336658005,120000.0,130540.52599656183,136360.35066437456
1.4,0.5,0.1,10000.0,T5_HUMAN_K2,110000.0,110000.0,110000.0,113333.33333333333
1.4,0.5,0.1,10000.0,T5_HUMAN_K3,168065.45216891647,148065.45216891647,168065.45216891647,176815.45216891647
1.4,1.0,0.01,1000.0,T1_LINEAR,204748355.22141412,166781915.91114217,208623782.61359704,252516971.05209443
1.4,1.0,0.01,1000.0,T2_VALIDATOR,18000.0,17000.0,18000.0,18625.0
1.4,1.0,0.01,1000.0,T3_SUPERVISOR,17005.00000000011,17000.0,19000.0,19200.0
1.4,1.0,0.01,1000.0,T4_CRITIC,20000.689371339347,19425.249511911086,21488.74975595557,22063.566211117013
1.4,1.0,0.01,1000.0,T5_HUMAN_K0,397263697.6317584,364795325.3582797,400459604.0414103,495777434.35607046
1.4,1.0,0.01,1000.0,T5_HUMAN_K1,20054.052599656185,19054.052599656185,21108.10519931237,21755.065749570233
1.4,1.0,0.01,1000.0,T5_HUMAN_K2,17000.0,17000.0,18000.0,17888.88888888889
1.4,1.0,0.01,1000.0,T5_HUMAN_K3,21806.545216891645,20806.545216891645,22811.545216891755,23746.872477736226
1.4,1.0,0.01,5000.0,T1_LINEAR,204792127.7797738,168261901.84852964,208659882.61359704,252563904.38542777
1.4,1.0,0.01,5000.0,T2_VALIDATOR,90000.0,85000.0,90000.0,93125.0
1.4,1.0,0.01,5000.0,T3_SUPERVISOR,85025.00000000055,85000.0,90025.00000000055,96000.0
1.4,1.0,0.01,5000.0,T4_CRITIC,90000.0,85000.0,95436.68638813155,95627.57485357331
1.4,1.0,0.01,5000.0,T5_HUMAN_K0,397323301.4133232,361300145.8982546,400515604.0414103,495828928.6742499
1.4,1.0,0.01,5000.0,T5_HUMAN_K1,90000.0,85000.27026299828,90054.05259965619,91925.35337129759
1.4,1.0,0.01,5000.0,T5_HUMAN_K2,85000.0,85000.0,90000.0,89444.44444444444
1.4,1.0,0.01,5000.0,T5_HUMAN_K3,90000.0,85000.0,90004.03272608455,93330.65452168917
1.4,1.0,0.01,10000.0,T1_LINEAR,204847152.7797738,168302019.40347725,208704916.45393285,252622571.05209443
1.4,1.0,0.01,10000.0,T2_VALIDATOR,180000.0,170000.0,180000.0,186250.0
1.4,1.0,0.01,10000.0,T3_SUPERVISOR,170050.0000000011,170000.0,180050.0000000011,192000.0
1.4,1.0,0.01,10000.0,T4_CRITIC,180000.0,170000.0,190000.0,190375.06566102922
1.4,1.0,0.01,10000.0,T5_HUMAN_K0,397383351.06001914,361332678.83713835,399890559.9928565,495894262.00758326
1.4,1.0,0.01,10000.0,T5_HUMAN_K1,175078.78233665845,170000.0,180000.0,184673.87367995415
1.4,1.0,0.01,10000.0,T5_HUMAN_K2,170000.0,170000.0,180000.0,178888.88888888888
1.4,1.0,0.01,10000.0,T5_HUMAN_K3,180000.0,170000.0,180000.0,186358.23922194168
1.4,1.0,0.05,1000.0,T1_LINEAR,1023701736.1070707,833881621.6765823,1040492767.9452319,1262537921.927139
1.4,1.0,0.05,1000.0,T2_VALIDATOR,18000.0,17000.0,18000.0,18625.0
1.4,1.0,0.05,1000.0,T3_SUPERVISOR,17005.00000000011,17000.0,18005.00000000011,19200.0
1.4,1.0,0.05,1000.0,T4_CRITIC,41126.247559555435,39132.372559555566,42136.24755955565,46789.68458502455
1.4,1.0,0.05,1000.0,T5_HUMAN_K0,1986262130.4021182,1986193209.854393,2004891859.185132,2478836935.286839
1.4,1.0,0.05,1000.0,T5_HUMAN_K1,40275.262998281025,39270.262998280916,42270.262998280916,49911.70153092663
1.4,1.0,0.05,1000.0,T5_HUMAN_K2,17000.0,17000.0,18000.0,17888.88888888889
1.4,1.0,0.05,1000.0,T5_HUMAN_K3,65032.72608445823,64032.72608445823,67032.72608445823,69134.36238868113
1.4,1.0,0.05,5000.0,T1_LINEAR,1023741776.1070707,838498812.8598568,1043298166.3607736,1262584855.2604723
1.4,1.0,0.05,5000.0,T2_VALIDATOR,90000.0,85000.0,90000.0,93125.0
1.4,1.0,0.05,5000.0,T3_SUPERVISOR,85025.00000000055,85000.0,95000.0,96000.0
1.4,1.0,0.05,5000.0,T4_CRITIC,100003.44685669674,97126.24755955543,108563.12377977771,110317.83105558508
1.4,1.0,0.05,5000.0,T5_HUMAN_K0,1986318488.1587918,1823344801.2633066,2002402751.3202732,2478887171.780352
1.4,1.0,0.05,5000.0,T5_HUMAN_K1,100270.26299828092,95270.26299828092,105485.34182194875,108775.32874785113
1.4,1.0,0.05,5000.0,T5_HUMAN_K2,85000.0,85000.0,90000.0,89444.44444444444
1.4,1.0,0.05,5000.0,T5_HUMAN_K3,109032.72608445823,104032.72608445823,117913.35108445838,118734.36238868113
1.4,1.0,0.05,10000.0,T1_LINEAR,1023795563.8988689,837617831.0631241,1043163012.2976696,1262643521.927139
1.4,1.0,0.05,10000.0,T2_VALIDATOR,180000.0,170000.0,180000.0,186250.0
1.4,1.0,0.05,10000.0,T3_SUPERVISOR,170050.0000000011,170000.0,180050.0000000011,192000.0
1.4,1.0,0.05,10000.0,T4_CRITIC,183563.12377977773,180000.0,200000.0,200831.542825647
1.4,1.0,0.05,10000.0,T5_HUMAN_K0,1986398488.1587918,1824026490.5315528,2002381075.8221183,2478951171.780352
1.4,1.0,0.05,10000.0,T5_HUMAN_K1,180000.0,175293.91168329003,190020.42226911878,189082.20387421208
1.4,1.0,0.05,10000.0,T5_HUMAN_K2,170000.0,170000.0,180000.0,178888.88888888888
1.4,1.0,0.05,10000.0,T5_HUMAN_K3,184032.72608445823,180000.0,190020.16363042273,196895.45380278642
1.4,1.0,0.1,1000.0,T1_LINEAR,2047393462.2141414,1667747171.0435638,2086156601.1359704,2525064110.5209446
1.4,1.0,0.1,1000.0,T2_VALIDATOR,18000.0,17000.0,18000.0,18625.0
1.4,1.0,0.1,1000.0,T3_SUPERVISOR,17005.00000000011,17000.0,19000.0,19200.0
1.4,1.0,0.1,1000.0,T4_CRITIC,68252.49511911087,66257.49511911097,69252.49511911087,79190.48028116021
1.4,1.0,0.1,1000.0,T5_HUMAN_K0,3972514255.8042364,3646599528.173229,4004504207.3239527,4957661403.907011
1.4,1.0,0.1,1000.0,T5_HUMAN_K1,65545.52599656195,64540.52599656184,67540.52599656183,85290.06972851993
1.4,1.0,0.1,1000.0,T5_HUMAN_K2,17000.0,17000.0,18000.0,17888.88888888889
1.4,1.0,0.1,1000.0,T5_HUMAN_K3,119065.45216891645,118065.45216891645,120070.45216891656,125868.72477736227
1.4,1.0,0.1,5000.0,T1_LINEAR,2047433502.2141414,1675098060.210198,2086395484.425638,2525111043.854278
1.4,1.0,0.1,5000.0,T2_VALIDATOR,90000.0,85000.0,90000.0,93125.0
1.4,1.0,0.1,5000.0,T3_SUPERVISOR,85025.00000000055,85000.0,93880.62500000015,96000.0
1.4,1.0,0.1,5000.0,T4_CRITIC,124252.49511911087,119252.49511911087,129252.49511911087,137649.9942577775
1.4,1.0,0.1,5000.0,T5_HUMAN_K0,3972564049.8604,3720912539.6104026,4009814076.495264,4957711270.573678
1.4,1.0,0.1,5000.0,T5_HUMAN_K1,125565.52599656238,116684.90099656227,135540.52599656183,143423.40306185323
1.4,1.0,0.1,5000.0,T5_HUMAN_K2,85000.0,85000.0,90000.0,89444.44444444444
1.4,1.0,0.1,5000.0,T5_HUMAN_K3,163065.45216891647,158065.45216891647,168090.45216891702,175468.72477736225
1.4,1.0,0.1,10000.0,T1_LINEAR,2047483552.2141414,1682299018.4852967,2086237826.1359704,2525169710.5209446
1.4,1.0,0.1,10000.0,T2_VALIDATOR,180000.0,170000.0,180000.0,186250.0
1.4,1.0,0.1,10000.0,T3_SUPERVISOR,170050.0000000011,170000.0,190000.0,192000.0
1.4,1.0,0.1,10000.0,T4_CRITIC,200006.89371339348,194252.49511911086,217126.24755955543,220635.66211117015
1.4,1.0,0.1,10000.0,T5_HUMAN_K0,3972636976.3175836,3647953158.5631056,4011384422.383709,4957774343.560704
1.4,1.0,0.1,10000.0,T5_HUMAN_K1,200540.52599656183,190540.52599656183,211081.05199312366,217550.65749570227
1.4,1.0,0.1,10000.0,T5_HUMAN_K2,170000.0,170000.0,180000.0,178888.88888888888
1.4,1.0,0.1,10000.0,T5_HUMAN_K3,218065.45216891647,208065.45216891647,238065.45216891647,237468.72477736225
1.4,2.0,0.01,1000.0,T1_LINEAR,299926295.33012664,259931700.3379841,301508310.6893394,309567946.834207
1.4,2.0,0.01,1000.0,T2_VALIDATOR,30000.0,29000.0,30000.0,31312.5
1.4,2.0,0.01,1000.0,T3_SUPERVISOR,30000.0,29000.0,31000.0,30944.444444444445
1.4,2.0,0.01,1000.0,T4_CRITIC,34426.68638813133,32427.48809098181,35137.87426786663,36043.63274762663
1.4,2.0,0.01,1000.0,T5_HUMAN_K0,686523106.8108319,684940324.640062,693346786.9370409,760855371.9265285
1.4,2.0,0.01,1000.0,T5_HUMAN_K1,32054.052599656185,31054.32286265447,33054.052599656185,33179.052599656185
1.4,2.0,0.01,1000.0,T5_HUMAN_K2,30000.0,29000.0,32000.0,31833.333333333332
1.4,2.0,0.01,1000.0,T5_HUMAN_K3,33807.51249080721,32807.51249080721,35807.51249080721,36578.56950684664
1.4,2.0,0.01,5000.0,T1_LINEAR,300022295.33012664,260181993.93150327,301587682.4824579,309655146.834207
1.4,2.0,0.01,5000.0,T2_VALIDATOR,150000.0,145000.0,150000.0,156562.5
1.4,2.0,0.01,5000.0,T3_SUPERVISOR,150000.0,145000.0,155000.0,154722.22222222222
1.4,2.0,0.01,5000.0,T4_CRITIC,155000.0,147712.62475595553,157712.62475595553,160122.81999219162
1.4,2.0,0.01,5000.0,T5_HUMAN_K0,686591375.1309681,685022804.5687622,693502642.2461712,760933854.135317
1.4,2.0,0.01,5000.0,T5_HUMAN_K1,150078.78233665845,150000.0,155000.0,158670.27017331042
1.4,2.0,0.01,5000.0,T5_HUMAN_K2,150000.0,145000.0,160000.0,159166.66666666666
1.4,2.0,0.01,5000.0,T5_HUMAN_K3,150000.0,145008.75036271565,165000.0,159809.38841894965
1.4,2.0,0.01,10000.0,T1_LINEAR,300142295.33012664,259852114.71528172,301672632.4824579,309764146.834207
1.4,2.0,0.01,10000.0,T2_VALIDATOR,300000.0,290000.0,300000.0,313125.0
1.4,2.0,0.01,10000.0,T3_SUPERVISOR,300000.0,290000.0,310000.0,309444.44444444444
1.4,2.0,0.01,10000.0,T4_CRITIC,305425.24951191107,290000.0,312712.62475595553,316685.3199921916
1.4,2.0,0.01,10000.0,T5_HUMAN_K0,686680383.3684382,685120501.4043498,693629818.5025356,761032187.4686503
1.4,2.0,0.01,10000.0,T5_HUMAN_K1,300050.0000000011,295078.78233665845,310000.0,317003.60350664373
1.4,2.0,0.01,10000.0,T5_HUMAN_K2,300000.0,290000.0,320000.0,318333.3333333333
1.4,2.0,0.01,10000.0,T5_HUMAN_K3,300000.0,290000.0,330000.0,319127.57023713144
1.4,2.0,0.05,1000.0,T1_LINEAR,1499535476.6506336,1305668746.8630917,1507530743.645611,1547752534.1710353
1.4,2.0,0.05,1000.0,T2_VALIDATOR,30000.0,29000.0,30000.0,31312.5
1.4,2.0,0.05,1000.0,T3_SUPERVISOR,30000.0,29000.0,31000.0,30944.444444444445
1.4,2.0,0.05,1000.0,T4_CRITIC,63689.371339333156,60690.49633933318,67689.37133933316,68998.34164045734
1.4,2.0,0.05,1000.0,T5_HUMAN_K0,3432548818.742261,3424611450.219129,3466780409.1834226,3804199711.8421984
1.4,2.0,0.05,1000.0,T5_HUMAN_K1,53270.262998280916,51275.262998281025,56326.61431327355,63047.28593481393
1.4,2.0,0.05,1000.0,T5_HUMAN_K2,30000.0,29000.0,32000.0,31833.333333333332
1.4,2.0,0.05,1000.0,T5_HUMAN_K3,77032.72608445823,75032.72608445823,78037.72608445835,79345.22608445823
1.4,2.0,0.05,5000.0,T1_LINEAR,1499631476.6506336,1300409399.6575165,1518953346.5649035,1547839734.1710353
1.4,2.0,0.05,5000.0,T2_VALIDATOR,150000.0,145000.0,150000.0,156562.5
1.4,2.0,0.05,5000.0,T3_SUPERVISOR,150000.0,145000.0,155000.0,154722.22222222222
1.4,2.0,0.05,5000.0,T4_CRITIC,172133.4319406567,162126.24755955543,175689.37133933313,180218.1637381332
1.4,2.0,0.05,5000.0,T5_HUMAN_K0,3432615534.054158,3424726934.0574007,3486181075.034082,3804276859.6326427
1.4,2.0,0.05,5000.0,T5_HUMAN_K1,160270.26299828093,155540.52599656183,160295.26299828148,165895.26299828093
1.4,2.0,0.05,5000.0,T5_HUMAN_K2,150000.0,145000.0,160000.0,159166.66666666666
1.4,2.0,0.05,5000.0,T5_HUMAN_K3,169037.56245403606,165000.0,179053.18926761366,182892.84753423324
1.4,2.0,0.05,10000.0,T1_LINEAR,1499751476.6506336,1499609057.305219,1507683758.270611,1547948734.1710353
1.4,2.0,0.05,10000.0,T2_VALIDATOR,300000.0,290000.0,300000.0,313125.0
1.4,2.0,0.05,10000.0,T3_SUPERVISOR,300000.0,290000.0,310000.0,309444.44444444444
1.4,2.0,0.05,10000.0,T4_CRITIC,317140.616321758,307126.24755955546,323576.9308844247,333034.3313809777
1.4,2.0,0.05,10000.0,T5_HUMAN_K0,3432697929.657382,3424799178.610383,3467014409.1834226,3804374526.2993093
1.4,2.0,0.05,10000.0,T5_HUMAN_K1,310000.0,300000.0,315270.26299828093,317702.7007890213
1.4,2.0,0.05,10000.0,T5_HUMAN_K2,300000.0,290000.0,310050.0000000011,318333.3333333333
1.4,2.0,0.05,10000.0,T5_HUMAN_K3,320000.0,300000.0,330000.0,333760.22690139315
1.4,2.0,0.1,1000.0,T1_LINEAR,2999046953.301267,2600582816.0904684,3037771863.97145,3095483268.3420706
1.4,2.0,0.1,1000.0,T2_VALIDATOR,30000.0,29000.0,30000.0,31312.5
1.4,2.0,0.1,1000.0,T3_SUPERVISOR,30000.0,29000.0,31000.0,30944.444444444445
1.4,2.0,0.1,1000.0,T4_CRITIC,104378.74267866631,101379.86767866634,108378.74267866631,112879.03622209112
1.4,2.0,0.1,1000.0,T5_HUMAN_K0,6865080657.484522,6849259382.6242,6933728145.025356,7608380157.01773
1.4,2.0,0.1,1000.0,T5_HUMAN_K1,78540.52599656183,76541.65099656186,117081.05199312368,102532.07186962788
1.4,2.0,0.1,1000.0,T5_HUMAN_K2,30000.0,29000.0,32000.0,31833.333333333332
1.4,2.0,0.1,1000.0,T5_HUMAN_K3,131065.45216891645,129294.32716891653,132841.5771689165,133377.95216891647
1.4,2.0,0.1,5000.0,T1_LINEAR,2999142953.301267,2597578830.916679,3032694136.2266145,3095570468.3420706
1.4,2.0,0.1,5000.0,T2_VALIDATOR,150000.0,145000.0,150019.37500000044,156562.5
1.4,2.0,0.1,5000.0,T3_SUPERVISOR,150000.0,145000.0,155000.0,154722.22222222222
1.4,2.0,0.1,5000.0,T4_CRITIC,201393.11144086884,189764.14002930484,216378.7426786663,218045.409345333
1.4,2.0,0.1,5000.0,T5_HUMAN_K0,6865148577.484522,6849282846.517358,6933602002.996804,7608457223.684397
1.4,2.0,0.1,5000.0,T5_HUMAN_K1,185543.2286265447,180541.13408830797,195540.52599656183,197828.80652806148
1.4,2.0,0.1,5000.0,T5_HUMAN_K2,150000.0,145000.0,160000.0,159166.66666666666
1.4,2.0,0.1,5000.0,T5_HUMAN_K3,223065.45216891647,213071.07716891658,228090.45216891702,234627.95216891647
1.4,2.0,0.1,10000.0,T1_LINEAR,2999262953.301267,2611952298.9946184,3014868533.3052483,3095679468.3420706
1.4,2.0,0.1,10000.0,T2_VALIDATOR,300000.0,290000.0,300000.0,313125.0
1.4,2.0,0.1,10000.0,T3_SUPERVISOR,300000.0,290000.0,310000.0,309444.44444444444
1.4,2.0,0.1,10000.0,T4_CRITIC,344266.8638813134,327126.24755955546,351378.74267866625,360436.3274762664
1.4,2.0,0.1,10000.0,T5_HUMAN_K0,6865231068.108316,6849453975.605776,6933961785.025356,7608553719.2652855
1.4,2.0,0.1,10000.0,T5_HUMAN_K1,320540.52599656186,311081.05199312366,320590.52599656297,331790.52599656186
1.4,2.0,0.1,10000.0,T5_HUMAN_K2,300000.0,290000.0,320000.0,318333.3333333333
1.4,2.0,0.1,10000.0,T5_HUMAN_K3,338075.1249080721,328508.2218037559,360000.0,365785.6950684665
