object_path,format,bytes,rows,columns,column_names,missing_cells,total_cells,missing_rate,status,note
data/processed/open_tables/aiid/Coverage_Map.parquet,parquet,3489,6,4,Data Sources;Incidents;% of Total;What you can analyze,2,24,0.0833333333,verified,Metadata and all row-group footers readable.
data/processed/open_tables/aiid/Data_Dictionary.parquet,parquet,4860,59,5,Column;Group;Source;Fill Rate;Description,0,295,0.0000000000,verified,Metadata and all row-group footers readable.
data/processed/open_tables/aiid/Entities.parquet,parquet,169175,7138,2,Entity ID;Name,0,14276,0.0000000000,verified,Metadata and all row-group footers readable.
data/processed/open_tables/aiid/Incidents.parquet,parquet,641642,1654,59,Incident ID;date;year;title;description;deployer;developer;harmed;Editors;Implicated Systems;Date Modified;Editor Notes;Data Sources;report_count;Risk Domain;Risk Subdomain;Responsible Entity;Intent;Timing;AI Goal;AI Technology;AI Technology (Potential);Technical Failure;Technical Failure (Potential);Harm Domain;Tangible Harm;AI Harm Level;Rights Violation;Harm Distribution Basis;Lives Lost;Injuries;Sector of Deployment;Public Sector Deployment;Infrastructure Sectors;Location Region;Country Code;Location City;Incident Year;Incident Month;Incident Day;Intentional Harm;Autonomy Level;AI Task;AI Methods;AI System Description;Data Inputs;Involving Minor;Protected Characteristic;AI System;Detrimental Content;Impact on Critical Services;Multiple AI Interaction;Embedded;Entities;Physical Objects;Deployed;Estimated Date;Estimated Harm Quantities;Special Interest Intangible Harm,62832,97586,0.6438628492,verified,Metadata and all row-group footers readable.
data/processed/open_tables/aiid/Reports.parquet,parquet,880418,7680,12,Report Number;Title;URL;Source Domain;Date Published;Date Downloaded;Authors;Submitters;Language;Tags;Description;Is Incident Report,14984,92160,0.1625868056,verified,Metadata and all row-group footers readable.
data/processed/open_tables/cas_schedule_p/comauto_pos.parquet,parquet,101425,15800,13,GRCODE;GRNAME;AccidentYear;DevelopmentYear;DevelopmentLag;IncurLoss_C;CumPaidLoss_C;BulkLoss_C;EarnedPremDIR_C;EarnedPremCeded_C;EarnedPremNet_C;Single;PostedReserve97_C,0,205400,0.0000000000,verified,Metadata and all row-group footers readable.
data/processed/open_tables/cas_schedule_p/medmal_pos.parquet,parquet,31288,3400,13,GRCODE;GRNAME;AccidentYear;DevelopmentYear;DevelopmentLag;IncurLoss_F2;CumPaidLoss_F2;BulkLoss_F2;EarnedPremDIR_F2;EarnedPremCeded_F2;EarnedPremNet_F2;Single;PostedReserve97_F2,0,44200,0.0000000000,verified,Metadata and all row-group footers readable.
data/processed/open_tables/cas_schedule_p/othliab_pos.parquet,parquet,121292,23900,13,GRCODE;GRNAME;AccidentYear;DevelopmentYear;DevelopmentLag;IncurLoss_h1;CumPaidLoss_h1;BulkLoss_h1;EarnedPremDIR_h1;EarnedPremCeded_h1;EarnedPremNet_h1;Single;PostedReserve97_h1,0,310700,0.0000000000,verified,Metadata and all row-group footers readable.
data/processed/open_tables/cas_schedule_p/ppauto_pos.parquet,parquet,117109,14600,13,GRCODE;GRNAME;AccidentYear;DevelopmentYear;DevelopmentLag;IncurLoss_B;CumPaidLoss_B;BulkLoss_B;EarnedPremDIR_B;EarnedPremCeded_B;EarnedPremNet_B;Single;PostedReserve97_B,0,189800,0.0000000000,verified,Metadata and all row-group footers readable.
data/processed/open_tables/cas_schedule_p/prodliab_pos.parquet,parquet,38620,7000,13,GRCODE;GRNAME;AccidentYear;DevelopmentYear;DevelopmentLag;IncurLoss_R1;CumPaidLoss_R1;BulkLoss_R1;EarnedPremDIR_R1;EarnedPremCeded_R1;EarnedPremNet_R1;Single;PostedReserve97_R1,0,91000,0.0000000000,verified,Metadata and all row-group footers readable.
data/processed/open_tables/cas_schedule_p/wkcomp_pos.parquet,parquet,100005,13200,13,GRCODE;GRNAME;AccidentYear;DevelopmentYear;DevelopmentLag;IncurLoss_D;CumPaidLoss_D;BulkLoss_D;EarnedPremDIR_D;EarnedPremCeded_D;EarnedPremNet_D;Single;PostedReserve97_D,0,171600,0.0000000000,verified,Metadata and all row-group footers readable.
data/processed/open_tables/incidents/butterflylabs_ai-incidents.parquet,parquet,3790655,6865,21,id;title;summary;dateOccurred;datePublished;dateIngested;sourceUrl;sourceName;category;severity;developers;deployers;harmedParties;location;sector;tags;imageUrl;categoryConfidence;severityConfidence;classifierModel;classifierReason,41174,144165,0.2856033018,verified,Metadata and all row-group footers readable.
data/processed/open_tables/solvency2_eiopa/EIOPA_SA_Balance_Sheet.parquet,parquet,212062,25415,8,"Reporting country;Reference period;Undertaking type;Value;Item name;Item code;Number of submissions (per reporting country, reference date and undertaking type);Date of extraction (yyyymmdd)",1535,203320,0.0075496754,verified,Metadata and all row-group footers readable.
data/processed/open_tables/solvency2_eiopa/EIOPA_SA_Own_Funds.parquet,parquet,58259,5562,8,"Reporting country;Reference period;Item code;Item name;Value;Undertaking type;Date of extraction (yyyymmdd);Number of submissions (per reporting country, reference date and undertaking type)",0,44496,0.0000000000,verified,Metadata and all row-group footers readable.
data/processed/open_tables/solvency2_eiopa/EIOPA_SA_Premiums_Claims_Expenses.parquet,parquet,189518,27528,8,"Reporting country;Reference period;Item;Business type;Item code;Value;Date of extraction (yyyymmdd);Number of submissions (per reporting country, reference date and undertaking type)",5930,220224,0.0269271287,verified,Metadata and all row-group footers readable.
data/processed/open_tables/solvency2_eiopa/EIOPA_SQ_Balance_Sheet.parquet,parquet,1567623,224825,8,"Reporting country;Reference period;Undertaking type;Value;Item name;Item code;Number of submissions (per reporting country, reference date and undertaking type);Date of extraction (yyyymmdd)",16097,1798600,0.0089497387,verified,Metadata and all row-group footers readable.
data/processed/open_tables/solvency2_eiopa/EIOPA_SQ_Own_Funds.parquet,parquet,573697,66872,8,"Reporting country;Reference period;Item code;Item name;Value;Undertaking type;Date of extraction (yyyymmdd);Number of submissions (per reporting country, reference date and undertaking type)",2730,534976,0.0051030327,verified,Metadata and all row-group footers readable.
data/processed/r_native_fallback/brvehins2a__brvehins2a.parquet,parquet,9249909,666938,18,VehYear;VehModel;VehGroup;City;CityCode;Area;State;StateAb;ExposTotal;PremTotal;ClaimNbRob;ClaimNbColl;ClaimNbFire;ClaimNbOther;ClaimAmountRob;ClaimAmountColl;ClaimAmountFire;ClaimAmountOther,319615,12004884,0.0266237475,verified,Metadata and all row-group footers readable.
data/processed/r_native_fallback/brvehins2b__brvehins2b.parquet,parquet,11036272,666938,18,VehYear;VehModel;VehGroup;City;CityCode;Area;State;StateAb;ExposTotal;PremTotal;ClaimNbRob;ClaimNbColl;ClaimNbFire;ClaimNbOther;ClaimAmountRob;ClaimAmountColl;ClaimAmountFire;ClaimAmountOther,247429,12004884,0.0206106948,verified,Metadata and all row-group footers readable.
data/processed/r_native_fallback/brvehins2c__brvehins2c.parquet,parquet,9307119,666938,18,VehYear;VehModel;VehGroup;City;CityCode;Area;State;StateAb;ExposTotal;PremTotal;ClaimNbRob;ClaimNbColl;ClaimNbFire;ClaimNbOther;ClaimAmountRob;ClaimAmountColl;ClaimAmountFire;ClaimAmountOther,320131,12004884,0.0266667300,verified,Metadata and all row-group footers readable.
data/processed/r_native_fallback/brvehins2d__brvehins2d.parquet,parquet,10961222,666938,18,VehYear;VehModel;VehGroup;City;CityCode;Area;State;StateAb;ExposTotal;PremTotal;ClaimNbRob;ClaimNbColl;ClaimNbFire;ClaimNbOther;ClaimAmountRob;ClaimAmountColl;ClaimAmountFire;ClaimAmountOther,248259,12004884,0.0206798333,verified,Metadata and all row-group footers readable.
data/processed/r_native_fallback/eutelematic13__eutelematic13.parquet,parquet,34100647,1999028,17,identifier_int;period;dt_1;exposure_1;exposure_2;num_target_1;sev_target_1;num_target_2;sev_target_2;vhl_1;vhl_2;vhl_3;trt_1;trt_2;phl_1;phl_2;group,479586,33983476,0.0141123292,verified,Metadata and all row-group footers readable.
data/processed/r_native_fallback/lossdat__lossdat__part_1.parquet,parquet,12499,1965,3,Loss;Period;Date,0,5895,0.0000000000,verified,Metadata and all row-group footers readable.
data/processed/r_native_fallback/lossdat__lossdat__part_2.parquet,parquet,12783,2025,3,Loss;Period;Date,0,6075,0.0000000000,verified,Metadata and all row-group footers readable.
data/processed/r_native_fallback/lossdat__lossdat__part_3.parquet,parquet,12500,1995,3,Loss;Period;Date,0,5985,0.0000000000,verified,Metadata and all row-group footers readable.
data/processed/r_native_fallback/lossdat__lossdat__part_4.parquet,parquet,12196,1941,3,Loss;Period;Date,0,5823,0.0000000000,verified,Metadata and all row-group footers readable.
data/processed/r_native_fallback/sysdata__.list_of_variables.parquet,parquet,9031,35,28,Variable;q1;q2;LoB;cc;AY;AQ;age;inj_part;RepDel;Z;logY;K1;K;Zmnew;logYm;Pay00;Pay01;Pay02;Pay03;Pay04;Pay05;Pay06;Pay07;Pay08;Pay09;Pay10;Pay11,2,980,0.0020408163,verified,Metadata and all row-group footers readable.
data/processed/rdata/core_archives/AAT_01_reserving_core/01_reserving/cran_actuar/data/dental__dental.parquet,parquet,1258,10,1,value,0,10,0.0000000000,verified,Metadata and all row-group footers readable.
data/processed/rdata/core_archives/AAT_01_reserving_core/01_reserving/cran_actuar/data/gdental__gdental.parquet,parquet,1945,10,2,cj;nj,0,20,0.0000000000,verified,Metadata and all row-group footers readable.
data/processed/rdata/core_archives/AAT_01_reserving_core/01_reserving/cran_actuar/data/hachemeister__hachemeister.parquet,parquet,3156,125,3,dim_0;dim_1;value,0,375,0.0000000000,verified,Metadata and all row-group footers readable.
data/processed/rdata/core_archives/AAT_01_reserving_core/01_reserving/cran_ChainLadder/data/ABC__ABC.parquet,parquet,2716,121,3,origin;dev;value,55,363,0.1515151515,verified,Metadata and all row-group footers readable.
data/processed/rdata/core_archives/AAT_01_reserving_core/01_reserving/cran_ChainLadder/data/auto__auto.parquet,parquet,14267,1,3,PersonalAutoPaid;PersonalAutoIncurred;CommercialAutoPaid,0,3,0.0000000000,verified,Metadata and all row-group footers readable.
data/processed/rdata/core_archives/AAT_01_reserving_core/01_reserving/cran_ChainLadder/data/AutoBI__AutoBI.parquet,parquet,8302,1,3,AutoBIPaid;AutoBIClosed;AutoBIReportedCounts,0,3,0.0000000000,verified,Metadata and all row-group footers readable.
data/processed/rdata/core_archives/AAT_01_reserving_core/01_reserving/cran_ChainLadder/data/GenIns__GenIns.parquet,parquet,2623,100,3,origin;dev;value,45,300,0.1500000000,verified,Metadata and all row-group footers readable.
data/processed/rdata/core_archives/AAT_01_reserving_core/01_reserving/cran_ChainLadder/data/GenInsLong__GenInsLong.parquet,parquet,2759,55,3,accyear;devyear;incurred claims,0,165,0.0000000000,verified,Metadata and all row-group footers readable.
data/processed/rdata/core_archives/AAT_01_reserving_core/01_reserving/cran_ChainLadder/data/liab__liab.parquet,parquet,17603,1,2,GeneralLiab;AutoLiab,0,2,0.0000000000,verified,Metadata and all row-group footers readable.
data/processed/rdata/core_archives/AAT_01_reserving_core/01_reserving/cran_ChainLadder/data/M3IR5__M3IR5.parquet,parquet,2999,196,3,origin;dev;value,91,588,0.1547619048,verified,Metadata and all row-group footers readable.
data/processed/rdata/core_archives/AAT_01_reserving_core/01_reserving/cran_ChainLadder/data/MCLincurred__MCLincurred.parquet,parquet,2356,49,3,origin;dev;value,21,147,0.1428571429,verified,Metadata and all row-group footers readable.
data/processed/rdata/core_archives/AAT_01_reserving_core/01_reserving/cran_ChainLadder/data/MCLpaid__MCLpaid.parquet,parquet,2362,49,3,origin;dev;value,21,147,0.1428571429,verified,Metadata and all row-group footers readable.
data/processed/rdata/core_archives/AAT_01_reserving_core/01_reserving/cran_ChainLadder/data/MedMal__MedMal.parquet,parquet,14044,1,4,MedMalReported;MedMalPaid;MedMalOutstanding;MedMalOpen,0,4,0.0000000000,verified,Metadata and all row-group footers readable.
data/processed/rdata/core_archives/AAT_01_reserving_core/01_reserving/cran_ChainLadder/data/Mortgage__Mortgage.parquet,parquet,2555,81,3,origin;dev;value,36,243,0.1481481481,verified,Metadata and all row-group footers readable.
data/processed/rdata/core_archives/AAT_01_reserving_core/01_reserving/cran_ChainLadder/data/MW2008__MW2008.parquet,parquet,2530,81,3,origin;dev;value,36,243,0.1481481481,verified,Metadata and all row-group footers readable.
data/processed/rdata/core_archives/AAT_01_reserving_core/01_reserving/cran_ChainLadder/data/MW2014__MW2014.parquet,parquet,3374,289,3,origin;dev;value,136,867,0.1568627451,verified,Metadata and all row-group footers readable.
data/processed/rdata/core_archives/AAT_01_reserving_core/01_reserving/cran_ChainLadder/data/qincurred__qincurred.parquet,parquet,3995,540,3,origin.year;dev.quarter;value,264,1620,0.1629629630,verified,Metadata and all row-group footers readable.
data/processed/rdata/core_archives/AAT_01_reserving_core/01_reserving/cran_ChainLadder/data/qpaid__qpaid.parquet,parquet,4001,540,3,origin.year;dev.quarter;value,264,1620,0.1629629630,verified,Metadata and all row-group footers readable.
data/processed/rdata/core_archives/AAT_01_reserving_core/01_reserving/cran_ChainLadder/data/RAA__RAA.parquet,parquet,2589,100,3,origin;dev;value,45,300,0.1500000000,verified,Metadata and all row-group footers readable.
data/processed/rdata/core_archives/AAT_01_reserving_core/01_reserving/cran_ChainLadder/data/UKMotor__UKMotor.parquet,parquet,2390,49,3,origin;dev;value,21,147,0.1428571429,verified,Metadata and all row-group footers readable.
data/processed/rdata/core_archives/AAT_01_reserving_core/01_reserving/cran_ChainLadder/data/USAAincurred__USAAincurred.parquet,parquet,2582,100,3,origin;dev;value,45,300,0.1500000000,verified,Metadata and all row-group footers readable.
data/processed/rdata/core_archives/AAT_01_reserving_core/01_reserving/cran_ChainLadder/data/USAApaid__USAApaid.parquet,parquet,2590,100,3,origin;dev;value,45,300,0.1500000000,verified,Metadata and all row-group footers readable.
data/processed/rdata/core_archives/AAT_01_reserving_core/01_reserving/cran_insuranceData/data/AutoBi__AutoBi.parquet,parquet,22244,1340,8,CASENUM;ATTORNEY;CLMSEX;MARITAL;CLMINSUR;SEATBELT;CLMAGE;LOSS,306,10720,0.0285447761,verified,Metadata and all row-group footers readable.
data/processed/rdata/core_archives/AAT_01_reserving_core/01_reserving/cran_insuranceData/data/AutoClaims__AutoClaims.parquet,parquet,56891,6773,5,STATE;CLASS;GENDER;AGE;PAID,0,33865,0.0000000000,verified,Metadata and all row-group footers readable.
data/processed/rdata/core_archives/AAT_01_reserving_core/01_reserving/cran_insuranceData/data/AutoCollision__AutoCollision.parquet,parquet,3532,32,4,Age;Vehicle_Use;Severity;Claim_Count,0,128,0.0000000000,verified,Metadata and all row-group footers readable.
data/processed/rdata/core_archives/AAT_01_reserving_core/01_reserving/cran_insuranceData/data/ClaimsLong__ClaimsLong.parquet,parquet,469771,120000,6,policyID;agecat;valuecat;period;numclaims;claim,0,720000,0.0000000000,verified,Metadata and all row-group footers readable.
data/processed/rdata/core_archives/AAT_01_reserving_core/01_reserving/cran_insuranceData/data/dataCar__dataCar.parquet,parquet,349816,67856,11,veh_value;exposure;clm;numclaims;claimcst0;veh_body;veh_age;gender;area;agecat;X_OBSTAT_,0,746416,0.0000000000,verified,Metadata and all row-group footers readable.
data/processed/rdata/core_archives/AAT_01_reserving_core/01_reserving/cran_insuranceData/data/dataOhlsson__dataOhlsson.parquet,parquet,204656,64548,9,agarald;kon;zon;mcklass;fordald;bonuskl;duration;antskad;skadkost,0,580932,0.0000000000,verified,Metadata and all row-group footers readable.
data/processed/rdata/core_archives/AAT_01_reserving_core/01_reserving/cran_insuranceData/data/IndustryAuto__IndustryAuto.parquet,parquet,2708,55,3,Incurral.Year;Development.Year;Claim,0,165,0.0000000000,verified,Metadata and all row-group footers readable.
data/processed/rdata/core_archives/AAT_01_reserving_core/01_reserving/cran_insuranceData/data/SingaporeAuto__SingaporeAuto.parquet,parquet,42069,7483,15,SexInsured;Female;VehicleType;PC;Clm_Count;Exp_weights;LNWEIGHT;NCD;AgeCat;AutoAge0;AutoAge1;AutoAge2;AutoAge;VAgeCat;VAgecat1,0,112245,0.0000000000,verified,Metadata and all row-group footers readable.
data/processed/rdata/core_archives/AAT_01_reserving_core/01_reserving/cran_insuranceData/data/Thirdparty__Thirdparty.parquet,parquet,2348,176,1,lga.sd.claims.accidents.ki.population.pop_density,0,176,0.0000000000,verified,Metadata and all row-group footers readable.
data/processed/rdata/core_archives/AAT_01_reserving_core/01_reserving/cran_insuranceData/data/WorkersComp__WorkersComp.parquet,parquet,14317,847,4,CL;YR;PR;LOSS,0,3388,0.0000000000,verified,Metadata and all row-group footers readable.
data/processed/rdata/core_archives/AAT_01_reserving_core/01_reserving/cran_raw/data/comauto__comauto.parquet,parquet,140030,15800,13,GroupCode;Company;AccidentYear;DevelopmentYear;Lag;CumulativeIncurred;CumulativePaid;IBNR;DirectEP;CededEP;NetEP;Single;Reserve1997,0,205400,0.0000000000,verified,Metadata and all row-group footers readable.
data/processed/rdata/core_archives/AAT_01_reserving_core/01_reserving/cran_raw/data/COTOR2__COTOR2.parquet,parquet,3465,250,1,value,0,250,0.0000000000,verified,Metadata and all row-group footers readable.
data/processed/rdata/core_archives/AAT_01_reserving_core/01_reserving/cran_raw/data/COTOR3__COTOR3.parquet,parquet,4636,490,2,Year;Amount,0,980,0.0000000000,verified,Metadata and all row-group footers readable.
data/processed/rdata/core_archives/AAT_01_reserving_core/01_reserving/cran_raw/data/COTOR4__COTOR4.parquet,parquet,25490,2500,2,Year;Amount,0,5000,0.0000000000,verified,Metadata and all row-group footers readable.
data/processed/rdata/core_archives/AAT_01_reserving_core/01_reserving/cran_raw/data/COTOR5__COTOR5.parquet,parquet,49784,4849,4,Risk;Year;MSA;Amount,0,19396,0.0000000000,verified,Metadata and all row-group footers readable.
data/processed/rdata/core_archives/AAT_01_reserving_core/01_reserving/cran_raw/data/Hurricane__Hurricane.parquet,parquet,659737,43122,8,Year;Number;Name;ISO_Time;Latitude;Longitude;Wind;Pressure,46321,344976,0.1342731089,verified,Metadata and all row-group footers readable.
data/processed/rdata/core_archives/AAT_01_reserving_core/01_reserving/cran_raw/data/medmal__medmal.parquet,parquet,42313,3400,13,GroupCode;Company;AccidentYear;DevelopmentYear;Lag;CumulativeIncurred;CumulativePaid;IBNR;DirectEP;CededEP;NetEP;Single;Reserve1997,0,44200,0.0000000000,verified,Metadata and all row-group footers readable.
data/processed/rdata/core_archives/AAT_01_reserving_core/01_reserving/cran_raw/data/MultiTri__MultiTri.parquet,parquet,63078,3000,14,GroupCode;Company;AccidentYear;DevelopmentYear;Lag;CumulativeIncurred;CumulativePaid;IBNR;DirectEP;CededEP;NetEP;Single;Reserve1997;Line,0,42000,0.0000000000,verified,Metadata and all row-group footers readable.
data/processed/rdata/core_archives/AAT_01_reserving_core/01_reserving/cran_raw/data/NJM_WC__NJM_WC.parquet,parquet,10388,100,13,GroupCode;Company;AccidentYear;DevelopmentYear;Lag;CumulativeIncurred;CumulativePaid;IBNR;DirectEP;CededEP;NetEP;Single;Reserve1997,0,1300,0.0000000000,verified,Metadata and all row-group footers readable.
data/processed/rdata/core_archives/AAT_01_reserving_core/01_reserving/cran_raw/data/othliab__othliab.parquet,parquet,165251,23900,13,GroupCode;Company;AccidentYear;DevelopmentYear;Lag;CumulativeIncurred;CumulativePaid;IBNR;DirectEP;CededEP;NetEP;Single;Reserve1997,0,310700,0.0000000000,verified,Metadata and all row-group footers readable.
data/processed/rdata/core_archives/AAT_01_reserving_core/01_reserving/cran_raw/data/PPA__PPA_AccidentYear.parquet,parquet,3158,5,4,AccidentYear;EarnedExposure;EarnedPremium;ReportedLosses,0,20,0.0000000000,verified,Metadata and all row-group footers readable.
data/processed/rdata/core_archives/AAT_01_reserving_core/01_reserving/cran_raw/data/PPA__PPA_LossDevelopment.parquet,parquet,2523,25,3,AccidentYear;Lag;ReportedLoss,0,75,0.0000000000,verified,Metadata and all row-group footers readable.
data/processed/rdata/core_archives/AAT_01_reserving_core/01_reserving/cran_raw/data/PPA__PPA_LossTrend.parquet,parquet,5825,20,7,YearEndingQuarter;EarnedExposure;ClosedClaimCount;PaidLosses;Frequency;Severity;PurePremium,0,140,0.0000000000,verified,Metadata and all row-group footers readable.
data/processed/rdata/core_archives/AAT_01_reserving_core/01_reserving/cran_raw/data/PPA__PPA_PremiumTrend.parquet,parquet,2876,23,3,QuarterEnding;WrittenPremium;WrittenExposure,0,69,0.0000000000,verified,Metadata and all row-group footers readable.
data/processed/rdata/core_archives/AAT_01_reserving_core/01_reserving/cran_raw/data/PPA__PPA_RateChange.parquet,parquet,3640,7,5,RateGroup;EffectiveDate;RateChange;RateLevelIndex;CumulativeRateLevel,8,35,0.2285714286,verified,Metadata and all row-group footers readable.
data/processed/rdata/core_archives/AAT_01_reserving_core/01_reserving/cran_raw/data/PPA__PPA_ULAE.parquet,parquet,3038,3,4,CalendarYear;PaidLoss_ALAE;PaidULAE;ULAE_Ratio,0,12,0.0000000000,verified,Metadata and all row-group footers readable.
data/processed/rdata/core_archives/AAT_01_reserving_core/01_reserving/cran_raw/data/ppauto__ppauto.parquet,parquet,164246,14600,13,GroupCode;Company;AccidentYear;DevelopmentYear;Lag;CumulativeIncurred;CumulativePaid;IBNR;DirectEP;CededEP;NetEP;Single;Reserve1997,0,189800,0.0000000000,verified,Metadata and all row-group footers readable.
data/processed/rdata/core_archives/AAT_01_reserving_core/01_reserving/cran_raw/data/prodliab__prodliab.parquet,parquet,51265,7000,13,GroupCode;Company;AccidentYear;DevelopmentYear;Lag;CumulativeIncurred;CumulativePaid;IBNR;DirectEP;CededEP;NetEP;Single;Reserve1997,0,91000,0.0000000000,verified,Metadata and all row-group footers readable.
data/processed/rdata/core_archives/AAT_01_reserving_core/01_reserving/cran_raw/data/RegionExperience__RegionExperience.parquet,parquet,3422,40,4,Region;PolicyYear;NumPolicies;NumClaims,0,160,0.0000000000,verified,Metadata and all row-group footers readable.
data/processed/rdata/core_archives/AAT_01_reserving_core/01_reserving/cran_raw/data/StateExperience__StateExperience.parquet,parquet,8219,500,6,Region;State;Postal;PolicyYear;NumPolicies;NumClaims,0,3000,0.0000000000,verified,Metadata and all row-group footers readable.
data/processed/rdata/core_archives/AAT_01_reserving_core/01_reserving/cran_raw/data/wkcomp__wkcomp.parquet,parquet,141172,13200,13,GroupCode;Company;AccidentYear;DevelopmentYear;Lag;CumulativeIncurred;CumulativePaid;IBNR;DirectEP;CededEP;NetEP;Single;Reserve1997,0,171600,0.0000000000,verified,Metadata and all row-group footers readable.
data/processed/rdata/core_archives/AAT_01_reserving_core/01_reserving/kevinykuo_deeptriangle/data/dt_group_codes__dt_group_codes.parquet,parquet,2757,200,2,lob;group_code,0,400,0.0000000000,verified,Metadata and all row-group footers readable.
data/processed/rdata/core_archives/AAT_01_reserving_core/01_reserving/kevinykuo_deeptriangle/data/stochastic_model_results__stochastic_model_results.parquet,parquet,3270,24,4,mape;rmspe;model;lob,0,96,0.0000000000,verified,Metadata and all row-group footers readable.
data/processed/rdata/core_archives/AAT_01_reserving_core/01_reserving/problemofpoints_reservetestr/data/cas_loss_reserve_db__cas_loss_reserve_db.parquet,parquet,4263529,779,6,line;group_id;company;full_long_tri;train_tri_set;test_tri_set,0,4674,0.0000000000,verified,Metadata and all row-group footers readable.
data/processed/rdata/core_archives/AAT_01_reserving_core/01_reserving/problemofpoints_reservetestr/data/meyers_2016_wintereforum_appendix__meyers_2016_wintereforum_appendix.parquet,parquet,17141,200,11,line2;group_id;Premium;Estimate...4;Std Dev...5;Percentile...6;Outcome...7;gammamean;deltamean;max_Rhat...10;line,0,2200,0.0000000000,verified,Metadata and all row-group footers readable.
data/processed/rdata/core_archives/AAT_01_reserving_core/01_reserving/problemofpoints_reservetestr/data/meyers_2019_appendix__meyers_2019_appendix.parquet,parquet,234448,15,2,sheet_name;data,0,30,0.0000000000,verified,Metadata and all row-group footers readable.
data/processed/rdata/core_archives/AAT_03_oprisk_core/03_oprisk/cran_copula/data/gasoil__gasoil.parquet,parquet,12925,762,3,date;oil;gas,0,2286,0.0000000000,verified,Metadata and all row-group footers readable.
data/processed/rdata/core_archives/AAT_03_oprisk_core/03_oprisk/cran_copula/data/rdj__rdj.parquet,parquet,44498,1262,4,Date;INTC;MSFT;GE,0,5048,0.0000000000,verified,Metadata and all row-group footers readable.
data/processed/rdata/core_archives/AAT_03_oprisk_core/03_oprisk/cran_copula/data/SMI.12__lSMI.parquet,parquet,91317,1,20,ABBN.VX;ATLN.VX;ADEN.VX;CSGN.VX;GIVN.VX;HOLN.VX;BAER.VX;NESN.VX;NOVN.VX;CFR.VX;ROG.VX;SGSN.VX;UHR.VX;SREN.VX;SCMN.VX;SYNN.VX;SYST.VX;RIGN.VX;UBSN.VX;ZURN.VX,0,20,0.0000000000,verified,Metadata and all row-group footers readable.
data/processed/rdata/core_archives/AAT_03_oprisk_core/03_oprisk/cran_copula/data/SMI.12__SMI.12.parquet,parquet,16370,2820,3,dim_0;dim_1;value,0,8460,0.0000000000,verified,Metadata and all row-group footers readable.
data/processed/rdata/core_archives/AAT_03_oprisk_core/03_oprisk/cran_evd/data/failure__failure.parquet,parquet,1327,24,1,value,0,24,0.0000000000,verified,Metadata and all row-group footers readable.
data/processed/rdata/core_archives/AAT_03_oprisk_core/03_oprisk/cran_evd/data/fox__fox.parquet,parquet,2120,33,2,berlin;wright,0,66,0.0000000000,verified,Metadata and all row-group footers readable.
data/processed/rdata/core_archives/AAT_03_oprisk_core/03_oprisk/cran_evd/data/lisbon__lisbon.parquet,parquet,1317,30,1,value,0,30,0.0000000000,verified,Metadata and all row-group footers readable.
data/processed/rdata/core_archives/AAT_03_oprisk_core/03_oprisk/cran_evd/data/lossalae__lossalae.parquet,parquet,13323,1500,2,Loss;ALAE,0,3000,0.0000000000,verified,Metadata and all row-group footers readable.
data/processed/rdata/core_archives/AAT_03_oprisk_core/03_oprisk/cran_evd/data/ocmulgee__ocmulgee.parquet,parquet,2151,40,2,hawk;macon,0,80,0.0000000000,verified,Metadata and all row-group footers readable.
data/processed/rdata/core_archives/AAT_03_oprisk_core/03_oprisk/cran_evd/data/oldage__oldage.parquet,parquet,2520,66,2,men;women,0,132,0.0000000000,verified,Metadata and all row-group footers readable.
data/processed/rdata/core_archives/AAT_03_oprisk_core/03_oprisk/cran_evd/data/oxford__oxford.parquet,parquet,1335,80,1,value,0,80,0.0000000000,verified,Metadata and all row-group footers readable.
data/processed/rdata/core_archives/AAT_03_oprisk_core/03_oprisk/cran_evd/data/portpirie__portpirie.parquet,parquet,1486,65,1,value,0,65,0.0000000000,verified,Metadata and all row-group footers readable.
data/processed/rdata/core_archives/AAT_03_oprisk_core/03_oprisk/cran_evd/data/sask__sask.parquet,parquet,1519,48,1,value,0,48,0.0000000000,verified,Metadata and all row-group footers readable.
data/processed/rdata/core_archives/AAT_03_oprisk_core/03_oprisk/cran_evd/data/sealevel2__sealevel2.parquet,parquet,2740,81,3,dover;harwich;case,111,243,0.4567901235,verified,Metadata and all row-group footers readable.
data/processed/rdata/core_archives/AAT_03_oprisk_core/03_oprisk/cran_evd/data/sealevel__sealevel.parquet,parquet,2289,81,2,dover;harwich,39,162,0.2407407407,verified,Metadata and all row-group footers readable.
data/processed/rdata/core_archives/AAT_03_oprisk_core/03_oprisk/cran_evd/data/uccle__uccle.parquet,parquet,3411,35,4,day;hour;tmin;min,0,140,0.0000000000,verified,Metadata and all row-group footers readable.
data/processed/rdata/core_archives/AAT_03_oprisk_core/03_oprisk/cran_evd/data/venice2__venice2.parquet,parquet,8989,125,10,1;2;3;4;5;6;7;8;9;10,13,1250,0.0104000000,verified,Metadata and all row-group footers readable.
data/processed/rdata/core_archives/AAT_03_oprisk_core/03_oprisk/cran_evd/data/venice__venice.parquet,parquet,7399,51,10,1;2;3;4;5;6;7;8;9;10,4,510,0.0078431373,verified,Metadata and all row-group footers readable.
data/processed/rdata/core_archives/AAT_03_oprisk_core/03_oprisk/cran_evir/data/bmw__bmw.parquet,parquet,53342,6146,1,value,0,6146,0.0000000000,verified,Metadata and all row-group footers readable.
data/processed/rdata/core_archives/AAT_03_oprisk_core/03_oprisk/cran_evir/data/danish__danish.parquet,parquet,17270,2167,1,value,0,2167,0.0000000000,verified,Metadata and all row-group footers readable.
data/processed/rdata/core_archives/AAT_03_oprisk_core/03_oprisk/cran_evir/data/nidd.annual__nidd.annual.parquet,parquet,1458,35,1,value,0,35,0.0000000000,verified,Metadata and all row-group footers readable.
data/processed/rdata/core_archives/AAT_03_oprisk_core/03_oprisk/cran_evir/data/nidd.thresh__nidd.thresh.parquet,parquet,2005,154,1,value,0,154,0.0000000000,verified,Metadata and all row-group footers readable.
data/processed/rdata/core_archives/AAT_03_oprisk_core/03_oprisk/cran_evir/data/siemens__siemens.parquet,parquet,54736,6146,1,value,0,6146,0.0000000000,verified,Metadata and all row-group footers readable.
data/processed/rdata/core_archives/AAT_03_oprisk_core/03_oprisk/cran_evir/data/sp.raw__sp.raw.parquet,parquet,41856,8415,1,value,0,8415,0.0000000000,verified,Metadata and all row-group footers readable.
data/processed/rdata/core_archives/AAT_03_oprisk_core/03_oprisk/cran_evir/data/spto87__spto87.parquet,parquet,67970,6985,1,value,0,6985,0.0000000000,verified,Metadata and all row-group footers readable.
data/processed/rdata/core_archives/AAT_03_oprisk_core/03_oprisk/cran_ggsolvencyii/data/sii_levelmax_sf16_993__sii_levelmax_sf16_993.parquet,parquet,1748,8,2,level;levelmax,0,16,0.0000000000,verified,Metadata and all row-group footers readable.
data/processed/rdata/core_archives/AAT_03_oprisk_core/03_oprisk/cran_ggsolvencyii/data/sii_levelmax_sf16_995__sii_levelmax_sf16_995.parquet,parquet,1748,8,2,level;levelmax,0,16,0.0000000000,verified,Metadata and all row-group footers readable.
data/processed/rdata/core_archives/AAT_03_oprisk_core/03_oprisk/cran_ggsolvencyii/data/sii_plotdetails_sf16__sii_plotdetails_sf16.parquet,parquet,4589,20,8,levelordescription;surface;outline1;outline2;outline3;outline4;outline11;outline13,0,160,0.0000000000,verified,Metadata and all row-group footers readable.
data/processed/rdata/core_archives/AAT_03_oprisk_core/03_oprisk/cran_ggsolvencyii/data/sii_structure_sf16_eng__sii_structure_sf16_eng.parquet,parquet,2799,43,3,description;level;childlevel,36,129,0.2790697674,verified,Metadata and all row-group footers readable.
data/processed/rdata/core_archives/AAT_03_oprisk_core/03_oprisk/cran_ggsolvencyii/data/sii_structure_sf16_nld__sii_structure_sf16_nld.parquet,parquet,2743,43,3,description;level;childlevel,36,129,0.2790697674,verified,Metadata and all row-group footers readable.
data/processed/rdata/core_archives/AAT_03_oprisk_core/03_oprisk/cran_ggsolvencyii/data/sii_x_edgecolors_sf16_eng__sii_x_edgecolors_sf16_eng.parquet,parquet,1233,41,1,value,0,41,0.0000000000,verified,Metadata and all row-group footers readable.
data/processed/rdata/core_archives/AAT_03_oprisk_core/03_oprisk/cran_ggsolvencyii/data/sii_x_edgecolors_sf16_nld__sii_x_edgecolors_sf16_nld.parquet,parquet,1233,41,1,value,0,41,0.0000000000,verified,Metadata and all row-group footers readable.
data/processed/rdata/core_archives/AAT_03_oprisk_core/03_oprisk/cran_ggsolvencyii/data/sii_x_fillcolors_sf16_eng__sii_x_fillcolors_sf16_eng.parquet,parquet,1476,41,1,value,0,41,0.0000000000,verified,Metadata and all row-group footers readable.
data/processed/rdata/core_archives/AAT_03_oprisk_core/03_oprisk/cran_ggsolvencyii/data/sii_x_fillcolors_sf16_nld__sii_x_fillcolors_sf16_nld.parquet,parquet,1467,41,1,value,0,41,0.0000000000,verified,Metadata and all row-group footers readable.
data/processed/rdata/core_archives/AAT_03_oprisk_core/03_oprisk/cran_ggsolvencyii/data/sii_z_ex1_data__sii_z_ex1_data.parquet,parquet,6112,230,6,time;ratio;description;value;id;comparewithid,23,1380,0.0166666667,verified,Metadata and all row-group footers readable.
data/processed/rdata/core_archives/AAT_03_oprisk_core/03_oprisk/cran_ggsolvencyii/data/sii_z_ex1_edgecolors__sii_z_ex1_edgecolors.parquet,parquet,1195,23,1,value,0,23,0.0000000000,verified,Metadata and all row-group footers readable.
data/processed/rdata/core_archives/AAT_03_oprisk_core/03_oprisk/cran_ggsolvencyii/data/sii_z_ex1_fillcolors__sii_z_ex1_fillcolors.parquet,parquet,1344,23,1,value,0,23,0.0000000000,verified,Metadata and all row-group footers readable.
data/processed/rdata/core_archives/AAT_03_oprisk_core/03_oprisk/cran_ggsolvencyii/data/sii_z_ex1_levelmax__sii_z_ex1_levelmax.parquet,parquet,1907,5,2,level;levelmax,0,10,0.0000000000,verified,Metadata and all row-group footers readable.
data/processed/rdata/core_archives/AAT_03_oprisk_core/03_oprisk/cran_ggsolvencyii/data/sii_z_ex1_plotdetails2__sii_z_ex1_plotdetails2.parquet,parquet,4542,13,8,levelordescription;surface;outline1;outline2;outline3;outline4;outline11;outline13,54,104,0.5192307692,verified,Metadata and all row-group footers readable.
data/processed/rdata/core_archives/AAT_03_oprisk_core/03_oprisk/cran_ggsolvencyii/data/sii_z_ex1_plotdetails__sii_z_ex1_plotdetails.parquet,parquet,4542,13,8,levelordescription;surface;outline1;outline2;outline3;outline4;outline11;outline13,54,104,0.5192307692,verified,Metadata and all row-group footers readable.
data/processed/rdata/core_archives/AAT_03_oprisk_core/03_oprisk/cran_ggsolvencyii/data/sii_z_ex1_structure__sii_z_ex1_structure.parquet,parquet,2603,25,3,description;level;childlevel,21,75,0.2800000000,verified,Metadata and all row-group footers readable.
data/processed/rdata/core_archives/AAT_03_oprisk_core/03_oprisk/cran_ggsolvencyii/data/sii_z_ex2_data__sii_z_ex2_data.parquet,parquet,3881,23,5,time;ratio;description;value;id,0,115,0.0000000000,verified,Metadata and all row-group footers readable.
data/processed/rdata/core_archives/AAT_03_oprisk_core/03_oprisk/cran_ggsolvencyii/data/sii_z_ex3_data__sii_z_ex3_data.parquet,parquet,5282,129,6,time;ratio;description;value;id;comparewithid,43,774,0.0555555556,verified,Metadata and all row-group footers readable.
data/processed/rdata/core_archives/AAT_03_oprisk_core/03_oprisk/cran_ggsolvencyii/data/sii_z_ex3_plotdetails__sii_z_ex3_plotdetails.parquet,parquet,4653,24,8,levelordescription;surface;outline1;outline2;outline3;outline4;outline11;outline13,78,192,0.4062500000,verified,Metadata and all row-group footers readable.
data/processed/rdata/core_archives/AAT_03_oprisk_core/03_oprisk/cran_ggsolvencyii/data/sii_z_ex4_data__sii_z_ex4_data.parquet,parquet,4540,27,6,time;ratio;description;value;id;comparewithid,9,162,0.0555555556,verified,Metadata and all row-group footers readable.
data/processed/rdata/core_archives/AAT_03_oprisk_core/03_oprisk/cran_ggsolvencyii/data/sii_z_ex4_levelmax__sii_z_ex4_levelmax.parquet,parquet,1896,3,2,level;levelmax,0,6,0.0000000000,verified,Metadata and all row-group footers readable.
data/processed/rdata/core_archives/AAT_03_oprisk_core/03_oprisk/cran_ggsolvencyii/data/sii_z_ex4_structure__sii_z_ex4_structure.parquet,parquet,2370,11,3,description;level;childlevel,9,33,0.2727272727,verified,Metadata and all row-group footers readable.
data/processed/rdata/core_archives/AAT_03_oprisk_core/03_oprisk/cran_ggsolvencyii/data/sii_z_ex6_data2__sii_z_ex6_data2.parquet,parquet,4664,49,6,time;ratio;description;value;id;comparewithid,49,294,0.1666666667,verified,Metadata and all row-group footers readable.
data/processed/rdata/core_archives/AAT_03_oprisk_core/03_oprisk/cran_ggsolvencyii/data/sii_z_ex6_data__sii_z_ex6_data.parquet,parquet,4646,49,6,time;ratio;description;value;id;comparewithid,49,294,0.1666666667,verified,Metadata and all row-group footers readable.
data/processed/rdata/core_archives/AAT_03_oprisk_core/03_oprisk/cran_ggsolvencyii/data/sii_z_ex6_edgecolors__sii_z_ex6_edgecolors.parquet,parquet,1265,48,1,value,0,48,0.0000000000,verified,Metadata and all row-group footers readable.
data/processed/rdata/core_archives/AAT_03_oprisk_core/03_oprisk/cran_ggsolvencyii/data/sii_z_ex6_fillcolors__sii_z_ex6_fillcolors.parquet,parquet,1514,48,1,value,0,48,0.0000000000,verified,Metadata and all row-group footers readable.
data/processed/rdata/core_archives/AAT_03_oprisk_core/03_oprisk/cran_ggsolvencyii/data/sii_z_ex6_levelmax__sii_z_ex6_levelmax.parquet,parquet,1958,12,2,level;levelmax,0,24,0.0000000000,verified,Metadata and all row-group footers readable.
data/processed/rdata/core_archives/AAT_03_oprisk_core/03_oprisk/cran_ggsolvencyii/data/sii_z_ex6_plotdetails__sii_z_ex6_plotdetails.parquet,parquet,4504,12,8,levelordescription;surface;outline1;outline2;outline3;outline4;outline11;outline13,43,96,0.4479166667,verified,Metadata and all row-group footers readable.
data/processed/rdata/core_archives/AAT_03_oprisk_core/03_oprisk/cran_ggsolvencyii/data/sii_z_ex6_structure__sii_z_ex6_structure.parquet,parquet,2921,49,3,description;level;childlevel,38,147,0.2585034014,verified,Metadata and all row-group footers readable.
data/processed/rdata/core_archives/AAT_03_oprisk_core/03_oprisk/cran_ggsolvencyii/data/sii_z_ex7_data__sii_z_ex7_data.parquet,parquet,4855,86,6,tijd;ratio;description;waarde;id;vergelijkmet,43,516,0.0833333333,verified,Metadata and all row-group footers readable.
data/processed/rdata/core_archives/AAT_03_oprisk_core/03_oprisk/cran_ggsolvencyii/data/sii_z_ex7_plotdetails__sii_z_ex7_plotdetails.parquet,parquet,4656,22,8,levelordescription;surface;outline1;outline2;outline3;outline4;outline11;outline13,89,176,0.5056818182,verified,Metadata and all row-group footers readable.
data/processed/rdata/core_archives/AAT_03_oprisk_core/03_oprisk/cran_ReIns/data/norwegianfire__norwegianfire.parquet,parquet,26816,9181,2,size;year,0,18362,0.0000000000,verified,Metadata and all row-group footers readable.
data/processed/rdata/core_archives/AAT_03_oprisk_core/03_oprisk/cran_ReIns/data/secura__secura.parquet,parquet,3817,371,2,year;size,0,742,0.0000000000,verified,Metadata and all row-group footers readable.
data/processed/rdata/core_archives/AAT_03_oprisk_core/03_oprisk/cran_ReIns/data/soa__soa.parquet,parquet,496533,75789,1,size,0,75789,0.0000000000,verified,Metadata and all row-group footers readable.
data/processed/rdata/github/01_reserving/cran_SPLICE/data/test_incurred_dataset_inflated__test_incurred_dataset_inflated.parquet,parquet,1593717,31250,9,claim_no;claim_size;txn_time;txn_delay;txn_type;incurred;OCL;cumpaid;multiplier,9471,281250,0.0336746667,verified,Metadata and all row-group footers readable.
data/processed/rdata/github/01_reserving/cran_SPLICE/data/test_incurred_dataset_noInf__test_incurred_dataset_noInf.parquet,parquet,1594042,31250,9,claim_no;claim_size;txn_time;txn_delay;txn_type;incurred;OCL;cumpaid;multiplier,9471,281250,0.0336746667,verified,Metadata and all row-group footers readable.
data/processed/rdata/github/01_reserving/cran_SynthETIC/data/test_claim_dataset__test_claim_dataset.parquet,parquet,161175,3624,7,claim_no;occurrence_period;occurrence_time;claim_size;notidel;setldel;no_payment,0,25368,0.0000000000,verified,Metadata and all row-group footers readable.
data/processed/rdata/github/01_reserving/cran_SynthETIC/data/test_claim_dataset_cov__test_claim_dataset_cov.parquet,parquet,161167,3624,7,claim_no;occurrence_period;occurrence_time;claim_size;notidel;setldel;no_payment,0,25368,0.0000000000,verified,Metadata and all row-group footers readable.
data/processed/rdata/github/01_reserving/cran_SynthETIC/data/test_claims_object__test_claims_object.parquet,parquet,992654,1,10,frequency_vector;occurrence_list;claim_size_list;notification_list;settlement_list;no_payments_list;payment_size_list;payment_delay_list;payment_time_list;payment_inflated_list,0,10,0.0000000000,verified,Metadata and all row-group footers readable.
data/processed/rdata/github/01_reserving/cran_SynthETIC/data/test_claims_object_cov__test_claims_object_cov.parquet,parquet,924106,1,10,frequency_vector;occurrence_list;claim_size_list;notification_list;settlement_list;no_payments_list;payment_size_list;payment_delay_list;payment_time_list;payment_inflated_list,0,10,0.0000000000,verified,Metadata and all row-group footers readable.
data/processed/rdata/github/01_reserving/cran_SynthETIC/data/test_covariates_dataset__test_covariates_dataset.parquet,parquet,45207,1,7,data;ids;covariates.factors.Legal Representation;covariates.factors.Injury Severity;covariates.factors.Age of Claimant;covariates.relativity_freq;covariates.relativity_sev,0,7,0.0000000000,verified,Metadata and all row-group footers readable.
data/processed/rdata/github/01_reserving/cran_SynthETIC/data/test_covariates_obj__test_covariates_obj.parquet,parquet,5887,1,5,relativity_freq;relativity_sev;factors.Legal Representation;factors.Injury Severity;factors.Age of Claimant,0,5,0.0000000000,verified,Metadata and all row-group footers readable.
data/processed/rdata/github/01_reserving/cran_SynthETIC/data/test_transaction_dataset__test_transaction_dataset.parquet,parquet,993710,18983,12,claim_no;pmt_no;occurrence_period;occurrence_time;claim_size;notidel;setldel;payment_time;payment_period;payment_size;payment_inflated;payment_delay,0,227796,0.0000000000,verified,Metadata and all row-group footers readable.
data/processed/rdata/github/01_reserving/cran_SynthETIC/data/test_transaction_dataset_cov__test_transaction_dataset_cov.parquet,parquet,925709,17382,12,claim_no;pmt_no;occurrence_period;occurrence_time;claim_size;notidel;setldel;payment_time;payment_period;payment_size;payment_inflated;payment_delay,0,208584,0.0000000000,verified,Metadata and all row-group footers readable.
data/processed/rdata/github/01_reserving/problemofpoints_reservetestr/R/sysdata__map_lines.parquet,parquet,1666,4,2,line2;Line,0,8,0.0000000000,verified,Metadata and all row-group footers readable.
data/processed/rdata/github/01_reserving/problemofpoints_reservetestr/R/sysdata__meyers_2016_appendix.parquet,parquet,17141,200,11,line2;group_id;Premium;Estimate...4;Std Dev...5;Percentile...6;Outcome...7;gammamean;deltamean;max_Rhat...10;line,0,2200,0.0000000000,verified,Metadata and all row-group footers readable.
data/processed/rdata/github/01_reserving/problemofpoints_reservetestr/R/sysdata__meyers_2019_appendix_internal.parquet,parquet,234448,15,2,sheet_name;data,0,30,0.0000000000,verified,Metadata and all row-group footers readable.
data/processed/rdata/github/02_motor_pricing/ActuarialDataScience/11 - Model Comparison and Calibration Assessment/grid/c_grid_xgb__paramGrid.parquet,parquet,6835,20,10,iteration;score;learning_rate;max_depth;min_child_weight;colsample_bynode;subsample;reg_lambda;reg_alpha;eval_metric,0,200,0.0000000000,verified,Metadata and all row-group footers readable.
data/processed/rdata/github/02_motor_pricing/ActuarialDataScience/11 - Model Comparison and Calibration Assessment/grid/grid_xgb__paramGrid.parquet,parquet,7528,20,11,iteration;score;learning_rate;max_depth;min_child_weight;colsample_bynode;subsample;reg_lambda;reg_alpha;tree_method;eval_metric,0,220,0.0000000000,verified,Metadata and all row-group footers readable.
data/processed/rdata/github/02_motor_pricing/CASdatasets/data/asiacomrisk__asiacomrisk.parquet,parquet,19005,526,7,Period;FGU;TIV;CountryStatus;Usage;SubUsage;DR,122,3682,0.0331341662,verified,Metadata and all row-group footers readable.
data/processed/rdata/github/02_motor_pricing/CASdatasets/data/ausautoBI8999__ausautoBI8999.parquet,parquet,356947,22036,15,AccDate;ReportDate;FinDate;AccMth;ReportMth;FinMth;OpTime;InjType1;InjType2;InjType3;InjType4;InjType5;InjNb;Legal;AggClaim,63151,330540,0.1910540328,verified,Metadata and all row-group footers readable.
data/processed/rdata/github/02_motor_pricing/CASdatasets/data/auscathist__auscathist.parquet,parquet,13730,206,10,Year;Quarter;FirstDay;LastDay;Event;Type;Location;OriginalCost;NormCost2011;NormCost2014,205,2060,0.0995145631,verified,Metadata and all row-group footers readable.
data/processed/rdata/github/02_motor_pricing/CASdatasets/data/ausMTPL8486__ausMTPL8486.parquet,parquet,11400,176,7,LocalGov;StatDiv;ClaimNb;AccNb;KillInjNb;Pop;PopDens,0,1232,0.0000000000,verified,Metadata and all row-group footers readable.
data/processed/rdata/github/02_motor_pricing/CASdatasets/data/ausNLHYCapAdeq__ausNLHYCapAdeq.parquet,parquet,26498,28,34,Content;Insurers200506;Insurers200512;Insurers200606;Insurers200612;Insurers200706;Insurers200712;Insurers200806;Insurers200812;Insurers200906;Insurers200912;Insurers201006;Reinsurers200506;Reinsurers200512;Reinsurers200606;Reinsurers200612;Reinsurers200706;Reinsurers200712;Reinsurers200806;Reinsurers200812;Reinsurers200906;Reinsurers200912;Reinsurers201006;Total200506;Total200512;Total200606;Total200612;Total200706;Total200712;Total200806;Total200812;Total200906;Total200912;Total201006,99,952,0.1039915966,verified,Metadata and all row-group footers readable.
data/processed/rdata/github/02_motor_pricing/CASdatasets/data/ausNLHYCapAdeqByComp__ausNLHYCapAdeqByComp.parquet,parquet,69675,171,56,Company;Date200506;MCR200506;Capital200506;Surplus200506;SolRatio200506;Date200512;MCR200512;Capital200512;Surplus200512;SolRatio200512;Date200606;MCR200606;Capital200606;Surplus200606;SolRatio200606;Date200612;MCR200612;Capital200612;Surplus200612;SolRatio200612;Date200706;MCR200706;Capital200706;Surplus200706;SolRatio200706;Date200712;MCR200712;Capital200712;Surplus200712;SolRatio200712;Date200806;MCR200806;Capital200806;Surplus200806;SolRatio200806;Date200812;MCR200812;Capital200812;Surplus200812;SolRatio200812;Date200906;MCR200906;Capital200906;Surplus200906;SolRatio200906;Date200912;MCR200912;Capital200912;Surplus200912;SolRatio200912;Date201006;MCR201006;Capital201006;Surplus201006;SolRatio201006,2474,9576,0.2583542189,verified,Metadata and all row-group footers readable.
data/processed/rdata/github/02_motor_pricing/CASdatasets/data/ausNLHYClaimByState__ausNLHYClaimByState.parquet,parquet,58192,15,89,Class;NSWACT200506;NSWACT200512;NSWACT200606;NSWACT200612;NSWACT200706;NSWACT200712;NSWACT200806;NSWACT200812;NSWACT200906;NSWACT200912;NSWACT201006;VIC200506;VIC200512;VIC200606;VIC200612;VIC200706;VIC200712;VIC200806;VIC200812;VIC200906;VIC200912;VIC201006;QLD200506;QLD200512;QLD200606;QLD200612;QLD200706;QLD200712;QLD200806;QLD200812;QLD200906;QLD200912;QLD201006;SA200506;SA200512;SA200606;SA200612;SA200706;SA200712;SA200806;SA200812;SA200906;SA200912;SA201006;WA200506;WA200512;WA200606;WA200612;WA200706;WA200712;WA200806;WA200812;WA200906;WA200912;WA201006;TAS200506;TAS200512;TAS200606;TAS200612;TAS200706;TAS200712;TAS200806;TAS200812;TAS200906;TAS200912;TAS201006;NT200506;NT200512;NT200606;NT200612;NT200706;NT200712;NT200806;NT200812;NT200906;NT200912;NT201006;Total200506;Total200512;Total200606;Total200612;Total200706;Total200712;Total200806;Total200812;Total200906;Total200912;Total201006,83,1335,0.0621722846,verified,Metadata and all row-group footers readable.
data/processed/rdata/github/02_motor_pricing/CASdatasets/data/ausNLHYFinPerf__ausNLHYFinPerf.parquet,parquet,25986,22,34,Content;Insurers200506;Insurers200512;Insurers200606;Insurers200612;Insurers200706;Insurers200712;Insurers200806;Insurers200812;Insurers200906;Insurers200912;Insurers201006;Reinsurers200506;Reinsurers200512;Reinsurers200606;Reinsurers200612;Reinsurers200706;Reinsurers200712;Reinsurers200806;Reinsurers200812;Reinsurers200906;Reinsurers200912;Reinsurers201006;Total200506;Total200512;Total200606;Total200612;Total200706;Total200712;Total200806;Total200812;Total200906;Total200912;Total201006,0,748,0.0000000000,verified,Metadata and all row-group footers readable.
data/processed/rdata/github/02_motor_pricing/CASdatasets/data/ausNLHYFinPerfByComp__ausNLHYFinPerfByComp.parquet,parquet,185392,173,144,Company;Date200506;GWP200506;RE200506;NWP200506;GIC200506;NRR200506;RR200506;NIC200506;UWE200506;UWR200506;II200506;OI200506;NPAT200506;Date200512;GWP200512;RE200512;NWP200512;GIC200512;NRR200512;RR200512;NIC200512;UWE200512;UWR200512;II200512;OI200512;NPAT200512;Date200606;GWP200606;RE200606;NWP200606;GIC200606;NRR200606;RR200606;NIC200606;UWE200606;UWR200606;II200606;OI200606;NPAT200606;Date200612;GWP200612;RE200612;NWP200612;GIC200612;NRR200612;RR200612;NIC200612;UWE200612;UWR200612;II200612;OI200612;NPAT200612;Date200706;GWP200706;RE200706;NWP200706;GIC200706;NRR200706;RR200706;NIC200706;UWE200706;UWR200706;II200706;OI200706;NPAT200706;Date200712;GWP200712;RE200712;NWP200712;GIC200712;NRR200712;RR200712;NIC200712;UWE200712;UWR200712;II200712;OI200712;NPAT200712;Date200806;GWP200806;RE200806;NWP200806;GIC200806;NRR200806;RR200806;NIC200806;UWE200806;UWR200806;II200806;OI200806;NPAT200806;Date200812;GWP200812;RE200812;NWP200812;GIC200812;NRR200812;RR200812;NIC200812;UWE200812;UWR200812;II200812;OI200812;NPAT200812;Date200906;GWP200906;RE200906;NWP200906;GIC200906;NRR200906;RR200906;NIC200906;UWE200906;UWR200906;II200906;OI200906;NPAT200906;Date200912;GWP200912;RE200912;NWP200912;GIC200912;NRR200912;RR200912;NIC200912;UWE200912;UWR200912;II200912;OI200912;NPAT200912;Date201006;GWP201006;RE201006;NWP201006;GIC201006;NRR201006;RR201006;NIC201006;UWE201006;UWR201006;II201006;OI201006;NPAT201006,6445,24912,0.2587106615,verified,Metadata and all row-group footers readable.
data/processed/rdata/github/02_motor_pricing/CASdatasets/data/ausNLHYFinPerfPublic__ausNLHYFinPerfPublic.parquet,parquet,5457,13,7,Content;Total200506;Total200606;Total200706;Total200806;Total200906;Total201006,0,91,0.0000000000,verified,Metadata and all row-group footers readable.
data/processed/rdata/github/02_motor_pricing/CASdatasets/data/ausNLHYFinPos__ausNLHYFinPos.parquet,parquet,35591,26,45,Content;Insurers200506;Insurers200512;Insurers200606;Insurers200612;Insurers200706;Insurers200712;Insurers200806;Insurers200812;Insurers200906;Insurers200912;Insurers201006;Reinsurers200506;Reinsurers200512;Reinsurers200606;Reinsurers200612;Reinsurers200706;Reinsurers200712;Reinsurers200806;Reinsurers200812;Reinsurers200906;Reinsurers200912;Reinsurers201006;Total200506;Total200512;Total200606;Total200612;Total200706;Total200712;Total200806;Total200812;Total200906;Total200912;Total201006;InsideAustraliaOnly200506;InsideAustraliaOnly200512;InsideAustraliaOnly200606;InsideAustraliaOnly200612;InsideAustraliaOnly200706;InsideAustraliaOnly200712;InsideAustraliaOnly200806;InsideAustraliaOnly200812;InsideAustraliaOnly200906;InsideAustraliaOnly200912;InsideAustraliaOnly201006,121,1170,0.1034188034,verified,Metadata and all row-group footers readable.
data/processed/rdata/github/02_motor_pricing/CASdatasets/data/ausNLHYFinPosByComp__ausNLHYFinPosByComp.parquet,parquet,106699,176,78,Company;Date200506;Invest200506;TotalAsset200506;ClaimReserv200506;PremLiab200506;TotalLiab200506;Equity200506;Date200512;Invest200512;TotalAsset200512;ClaimReserv200512;PremLiab200512;TotalLiab200512;Equity200512;Date200606;Invest200606;TotalAsset200606;ClaimReserv200606;PremLiab200606;TotalLiab200606;Equity200606;Date200612;Invest200612;TotalAsset200612;ClaimReserv200612;PremLiab200612;TotalLiab200612;Equity200612;Date200706;Invest200706;TotalAsset200706;ClaimReserv200706;PremLiab200706;TotalLiab200706;Equity200706;Date200712;Invest200712;TotalAsset200712;ClaimReserv200712;PremLiab200712;TotalLiab200712;Equity200712;Date200806;Invest200806;TotalAsset200806;ClaimReserv200806;PremLiab200806;TotalLiab200806;Equity200806;Date200812;Invest200812;TotalAsset200812;ClaimReserv200812;PremLiab200812;TotalLiab200812;Equity200812;Date200906;Invest200906;TotalAsset200906;ClaimReserv200906;PremLiab200906;TotalLiab200906;Equity200906;Date200912;Invest200912;TotalAsset200912;ClaimReserv200912;PremLiab200912;TotalLiab200912;Equity200912;Date201006;Invest201006;TotalAsset201006;ClaimReserv201006;PremLiab201006;TotalLiab201006;Equity201006,3657,13728,0.2663898601,verified,Metadata and all row-group footers readable.
data/processed/rdata/github/02_motor_pricing/CASdatasets/data/ausNLHYFinPosPublic__ausNLHYFinPosPublic.parquet,parquet,10067,13,13,Content;Total200506;Total200606;Total200706;Total200806;Total200906;Total201006;InsideAustraliaOnly200506;InsideAustraliaOnly200606;InsideAustraliaOnly200706;InsideAustraliaOnly200806;InsideAustraliaOnly200906;InsideAustraliaOnly201006,10,169,0.0591715976,verified,Metadata and all row-group footers readable.
data/processed/rdata/github/02_motor_pricing/CASdatasets/data/ausNLHYLiability__ausNLHYLiability.parquet,parquet,31041,18,45,Content;GPL200506;GPL200512;GPL200606;GPL200612;GPL200706;GPL200712;GPL200806;GPL200812;GPL200906;GPL200912;GPL201006;RR200506;RR200512;RR200606;RR200612;RR200706;RR200712;RR200806;RR200812;RR200906;RR200912;RR201006;NRR200506;NRR200512;NRR200606;NRR200612;NRR200706;NRR200712;NRR200806;NRR200812;NRR200906;NRR200912;NRR201006;NPL200506;NPL200512;NPL200606;NPL200612;NPL200706;NPL200712;NPL200806;NPL200812;NPL200906;NPL200912;NPL201006,44,810,0.0543209877,verified,Metadata and all row-group footers readable.
data/processed/rdata/github/02_motor_pricing/CASdatasets/data/ausNLHYLloydAsset__ausNLHYLloydAsset.parquet,parquet,11016,6,16,Content;TrustFund200512;AssetFund1.200512;AssetFund2.200512;TrustFund200612;AssetFund1.200612;AssetFund2.200612;TrustFund200712;AssetFund1.200712;AssetFund2.200712;TrustFund200812;AssetFund1.200812;AssetFund2.200812;TrustFund200912;AssetFund1.200912;AssetFund2.200912,6,96,0.0625000000,verified,Metadata and all row-group footers readable.
data/processed/rdata/github/02_motor_pricing/CASdatasets/data/ausNLHYLloydGPI__ausNLHYLloydGPI.parquet,parquet,12740,30,16,Content;Direct200512;Inward200512;Total200512;Direct200612;Inward200612;Total200612;Direct200712;Inward200712;Total200712;Direct200812;Inward200812;Total200812;Direct200912;Inward200912;Total200912,51,480,0.1062500000,verified,Metadata and all row-group footers readable.
data/processed/rdata/github/02_motor_pricing/CASdatasets/data/ausNLHYLloydUWAcc__ausNLHYLloydUWAcc.parquet,parquet,12436,16,16,Content;AccYear2YrAgo200512;AccYear1YrAgo200512;AccYear0YrAgo200512;AccYear2YrAgo200612;AccYear1YrAgo200612;AccYear0YrAgo200612;AccYear2YrAgo200712;AccYear1YrAgo200712;AccYear0YrAgo200712;AccYear2YrAgo200812;AccYear1YrAgo200812;AccYear0YrAgo200812;AccYear2YrAgo200912;AccYear1YrAgo200912;AccYear0YrAgo200912,60,256,0.2343750000,verified,Metadata and all row-group footers readable.
data/processed/rdata/github/02_motor_pricing/CASdatasets/data/ausNLHYLloydUWRes__ausNLHYLloydUWRes.parquet,parquet,12106,10,16,Content;AccYear2YrAgo200512;AccYear1YrAgo200512;AccYear0YrAgo200512;AccYear2YrAgo200612;AccYear1YrAgo200612;AccYear0YrAgo200612;AccYear2YrAgo200712;AccYear1YrAgo200712;AccYear0YrAgo200712;AccYear2YrAgo200812;AccYear1YrAgo200812;AccYear0YrAgo200812;AccYear2YrAgo200912;AccYear1YrAgo200912;AccYear0YrAgo200912,0,160,0.0000000000,verified,Metadata and all row-group footers readable.
data/processed/rdata/github/02_motor_pricing/CASdatasets/data/ausNLHYOffProf__ausNLHYOffProf.parquet,parquet,49745,21,67,Content;AusInsurers200506;AusInsurers200512;AusInsurers200606;AusInsurers200612;AusInsurers200706;AusInsurers200712;AusInsurers200806;AusInsurers200812;AusInsurers200906;AusInsurers200912;AusInsurers201006;OffInsurers200506;OffInsurers200512;OffInsurers200606;OffInsurers200612;OffInsurers200706;OffInsurers200712;OffInsurers200806;OffInsurers200812;OffInsurers200906;OffInsurers200912;OffInsurers201006;AusReinsurers200506;AusReinsurers200512;AusReinsurers200606;AusReinsurers200612;AusReinsurers200706;AusReinsurers200712;AusReinsurers200806;AusReinsurers200812;AusReinsurers200906;AusReinsurers200912;AusReinsurers201006;OffReinsurers200506;OffReinsurers200512;OffReinsurers200606;OffReinsurers200612;OffReinsurers200706;OffReinsurers200712;OffReinsurers200806;OffReinsurers200812;OffReinsurers200906;OffReinsurers200912;OffReinsurers201006;AusTotal200506;AusTotal200512;AusTotal200606;AusTotal200612;AusTotal200706;AusTotal200712;AusTotal200806;AusTotal200812;AusTotal200906;AusTotal200912;AusTotal201006;OffTotal200506;OffTotal200512;OffTotal200606;OffTotal200612;OffTotal200706;OffTotal200712;OffTotal200806;OffTotal200812;OffTotal200906;OffTotal200912;OffTotal201006,308,1407,0.2189054726,verified,Metadata and all row-group footers readable.
data/processed/rdata/github/02_motor_pricing/CASdatasets/data/ausNLHYOpIncExp__ausNLHYOpIncExp.parquet,parquet,25986,22,34,Content;Insurers200506;Insurers200512;Insurers200606;Insurers200612;Insurers200706;Insurers200712;Insurers200806;Insurers200812;Insurers200906;Insurers200912;Insurers201006;Reinsurers200506;Reinsurers200512;Reinsurers200606;Reinsurers200612;Reinsurers200706;Reinsurers200712;Reinsurers200806;Reinsurers200812;Reinsurers200906;Reinsurers200912;Reinsurers201006;Total200506;Total200512;Total200606;Total200612;Total200706;Total200712;Total200806;Total200812;Total200906;Total200912;Total201006,0,748,0.0000000000,verified,Metadata and all row-group footers readable.
data/processed/rdata/github/02_motor_pricing/CASdatasets/data/ausNLHYOpIncExpPublic__ausNLHYOpIncExpPublic.parquet,parquet,5520,15,7,Content;Total200506;Total200606;Total200706;Total200806;Total200906;Total201006,0,105,0.0000000000,verified,Metadata and all row-group footers readable.
data/processed/rdata/github/02_motor_pricing/CASdatasets/data/ausNLHYPremByState__ausNLHYPremByState.parquet,parquet,58800,15,89,Class;NSWACT200506;NSWACT200512;NSWACT200606;NSWACT200612;NSWACT200706;NSWACT200712;NSWACT200806;NSWACT200812;NSWACT200906;NSWACT200912;NSWACT201006;VIC200506;VIC200512;VIC200606;VIC200612;VIC200706;VIC200712;VIC200806;VIC200812;VIC200906;VIC200912;VIC201006;QLD200506;QLD200512;QLD200606;QLD200612;QLD200706;QLD200712;QLD200806;QLD200812;QLD200906;QLD200912;QLD201006;SA200506;SA200512;SA200606;SA200612;SA200706;SA200712;SA200806;SA200812;SA200906;SA200912;SA201006;WA200506;WA200512;WA200606;WA200612;WA200706;WA200712;WA200806;WA200812;WA200906;WA200912;WA201006;TAS200506;TAS200512;TAS200606;TAS200612;TAS200706;TAS200712;TAS200806;TAS200812;TAS200906;TAS200912;TAS201006;NT200506;NT200512;NT200606;NT200612;NT200706;NT200712;NT200806;NT200812;NT200906;NT200912;NT201006;Total200506;Total200512;Total200606;Total200612;Total200706;Total200712;Total200806;Total200812;Total200906;Total200912;Total201006,20,1335,0.0149812734,verified,Metadata and all row-group footers readable.
data/processed/rdata/github/02_motor_pricing/CASdatasets/data/ausNLHYPremClaim__ausNLHYPremClaim.parquet,parquet,38580,18,56,Class;GWP200506;GWP200512;GWP200606;GWP200612;GWP200706;GWP200712;GWP200806;GWP200812;GWP200906;GWP200912;GWP201006;RE200506;RE200512;RE200606;RE200612;RE200706;RE200712;RE200806;RE200812;RE200906;RE200912;RE201006;NWP200506;NWP200512;NWP200606;NWP200612;NWP200706;NWP200712;NWP200806;NWP200812;NWP200906;NWP200912;NWP201006;GIC200506;GIC200512;GIC200606;GIC200612;GIC200706;GIC200712;GIC200806;GIC200812;GIC200906;GIC200912;GIC201006;RR200506;RR200512;RR200606;RR200612;RR200706;RR200712;RR200806;RR200812;RR200906;RR200912;RR201006,55,1008,0.0545634921,verified,Metadata and all row-group footers readable.
data/processed/rdata/github/02_motor_pricing/CASdatasets/data/ausNLHYPremClaimPublic__ausNLHYPremClaimPublic.parquet,parquet,115973,15,181,Class;GWP200506;GWP200606;GWP200706;GWP200806;GWP200906;GWP201006;GWP200506.1;GWP200606.1;GWP200706.1;GWP200806.1;GWP200906.1;GWP201006.1;GWP200506.2;GWP200606.2;GWP200706.2;GWP200806.2;GWP200906.2;GWP201006.2;GWP200506.3;GWP200606.3;GWP200706.3;GWP200806.3;GWP200906.3;GWP201006.3;GWP200506.4;GWP200606.4;GWP200706.4;GWP200806.4;GWP200906.4;GWP201006.4;GWP200506.5;GWP200606.5;GWP200706.5;GWP200806.5;GWP200906.5;GWP201006.5;PR200506;PR200606;PR200706;PR200806;PR200906;PR201006;PR200506.1;PR200606.1;PR200706.1;PR200806.1;PR200906.1;PR201006.1;PR200506.2;PR200606.2;PR200706.2;PR200806.2;PR200906.2;PR201006.2;PR200506.3;PR200606.3;PR200706.3;PR200806.3;PR200906.3;PR201006.3;PR200506.4;PR200606.4;PR200706.4;PR200806.4;PR200906.4;PR201006.4;PR200506.5;PR200606.5;PR200706.5;PR200806.5;PR200906.5;PR201006.5;RE200506;RE200606;RE200706;RE200806;RE200906;RE201006;RE200506.1;RE200606.1;RE200706.1;RE200806.1;RE200906.1;RE201006.1;RE200506.2;RE200606.2;RE200706.2;RE200806.2;RE200906.2;RE201006.2;RE200506.3;RE200606.3;RE200706.3;RE200806.3;RE200906.3;RE201006.3;RE200506.4;RE200606.4;RE200706.4;RE200806.4;RE200906.4;RE201006.4;RE200506.5;RE200606.5;RE200706.5;RE200806.5;RE200906.5;RE201006.5;GIC200506;GIC200606;GIC200706;GIC200806;GIC200906;GIC201006;GIC200506.1;GIC200606.1;GIC200706.1;GIC200806.1;GIC200906.1;GIC201006.1;GIC200506.2;GIC200606.2;GIC200706.2;GIC200806.2;GIC200906.2;GIC201006.2;GIC200506.3;GIC200606.3;GIC200706.3;GIC200806.3;GIC200906.3;GIC201006.3;GIC200506.4;GIC200606.4;GIC200706.4;GIC200806.4;GIC200906.4;GIC201006.4;GIC200506.5;GIC200606.5;GIC200706.5;GIC200806.5;GIC200906.5;GIC201006.5;ROR200506;ROR200606;ROR200706;ROR200806;ROR200906;ROR201006;ROR200506.1;ROR200606.1;ROR200706.1;ROR200806.1;ROR200906.1;ROR201006.1;ROR200506.2;ROR200606.2;ROR200706.2;ROR200806.2;ROR200906.2;ROR201006.2;ROR200506.3;ROR200606.3;ROR200706.3;ROR200806.3;ROR200906.3;ROR201006.3;ROR200506.4;ROR200606.4;ROR200706.4;ROR200806.4;ROR200906.4;ROR201006.4;ROR200506.5;ROR200606.5;ROR200706.5;ROR200806.5;ROR200906.5;ROR201006.5,30,2715,0.0110497238,verified,Metadata and all row-group footers readable.
data/processed/rdata/github/02_motor_pricing/CASdatasets/data/ausNLHYPrivInsur__ausNLHYPrivInsur.parquet,parquet,37554,171,31,Company;FullName200506;Date200506;Classification200506;Branch200506;Restriction200506;FullName200606;Date200606;Classification200606;Branch200606;Restriction200606;FullName200706;Date200706;Classification200706;Branch200706;Restriction200706;FullName200806;Date200806;Classification200806;Branch200806;Restriction200806;FullName200906;Date200906;Classification200906;Branch200906;Restriction200906;FullName201006;Date201006;Classification201006;Branch201006;Restriction201006,1165,5301,0.2197698547,verified,Metadata and all row-group footers readable.
data/processed/rdata/github/02_motor_pricing/CASdatasets/data/ausNLHYPubInsur__ausNLHYPubInsur.parquet,parquet,6705,14,6,Company200506;Company200606;Company200706;Company200806;Company200906;Company201006,0,84,0.0000000000,verified,Metadata and all row-group footers readable.
data/processed/rdata/github/02_motor_pricing/CASdatasets/data/ausNLHYRecAASB__ausNLHYRecAASB.parquet,parquet,28095,35,34,Content;NBInsurers200506;NBInsurers200512;NBInsurers200606;NBInsurers200612;NBInsurers200706;NBInsurers200712;NBInsurers200806;NBInsurers200812;NBInsurers200906;NBInsurers200912;NBInsurers201006;NBReinsurers200506;NBReinsurers200512;NBReinsurers200606;NBReinsurers200612;NBReinsurers200706;NBReinsurers200712;NBReinsurers200806;NBReinsurers200812;NBReinsurers200906;NBReinsurers200912;NBReinsurers201006;NBTotal200506;NBTotal200512;NBTotal200606;NBTotal200612;NBTotal200706;NBTotal200712;NBTotal200806;NBTotal200812;NBTotal200906;NBTotal200912;NBTotal201006,198,1190,0.1663865546,verified,Metadata and all row-group footers readable.
data/processed/rdata/github/02_motor_pricing/CASdatasets/data/ausNLHYReserve__ausNLHYReserve.parquet,parquet,31119,18,45,Class;GOR200506;GOR200512;GOR200606;GOR200612;GOR200706;GOR200712;GOR200806;GOR200812;GOR200906;GOR200912;GOR201006;RR200506;RR200512;RR200606;RR200612;RR200706;RR200712;RR200806;RR200812;RR200906;RR200912;RR201006;NRR200506;NRR200512;NRR200606;NRR200612;NRR200706;NRR200712;NRR200806;NRR200812;NRR200906;NRR200912;NRR201006;NOR200506;NOR200512;NOR200606;NOR200612;NOR200706;NOR200712;NOR200806;NOR200812;NOR200906;NOR200912;NOR201006,44,810,0.0543209877,verified,Metadata and all row-group footers readable.
data/processed/rdata/github/02_motor_pricing/CASdatasets/data/ausNSWdeath02__ausNSWdeath02.parquet,parquet,17569,1,2,allcause;diabete,0,2,0.0000000000,verified,Metadata and all row-group footers readable.
data/processed/rdata/github/02_motor_pricing/CASdatasets/data/ausNSWdriver04__ausNSWdriver04.parquet,parquet,6931,1,2,injury;alcohol,0,2,0.0000000000,verified,Metadata and all row-group footers readable.
data/processed/rdata/github/02_motor_pricing/CASdatasets/data/ausprivauto0405__ausprivauto0405.parquet,parquet,322980,67856,9,Exposure;VehValue;VehAge;VehBody;Gender;DrivAge;ClaimOcc;ClaimNb;ClaimAmount,0,610704,0.0000000000,verified,Metadata and all row-group footers readable.
data/processed/rdata/github/02_motor_pricing/CASdatasets/data/ausprivautolong__ausprivautolong.parquet,parquet,470161,120000,6,IDpol;DrivAge;VehValue;Period;ClaimNb;Claim,0,720000,0.0000000000,verified,Metadata and all row-group footers readable.
data/processed/rdata/github/02_motor_pricing/CASdatasets/data/austri1autoBI7895__austri1autoBI7895.parquet,parquet,42612,1,5,paid;incur;nb;expo;infl,0,5,0.0000000000,verified,Metadata and all row-group footers readable.
data/processed/rdata/github/02_motor_pricing/CASdatasets/data/austri2auto__austri2auto.parquet,parquet,2550,100,3,origin;dev;value,45,300,0.1500000000,verified,Metadata and all row-group footers readable.
data/processed/rdata/github/02_motor_pricing/CASdatasets/data/beaonre__beaonre.parquet,parquet,20666,1823,3,BuildType;ClaimCost;SumInsured,0,5469,0.0000000000,verified,Metadata and all row-group footers readable.
data/processed/rdata/github/02_motor_pricing/CASdatasets/data/beMTPL16__beMTPL16.parquet,parquet,1723872,70791,19,insurance_contract;policy_year;exposure;insured_birth_year;vehicle_age;policy_holder_age;driver_license_age;vehicle_brand;vehicle_model;mileage;vehicle_power;catalog_value;claim_value;number_of_liability_claims;number_of_bodily_injury_liability_claims;claim_time;claim_responsibility_rate;driving_training_label;signal,0,1345029,0.0000000000,verified,Metadata and all row-group footers readable.
data/processed/rdata/github/02_motor_pricing/CASdatasets/data/beMTPL97__beMTPL97.parquet,parquet,2119656,163212,18,id;expo;claim;nclaims;amount;average;coverage;ageph;sex;bm;power;agec;fuel;use;fleet;postcode;long;lat,144936,2937816,0.0493346077,verified,Metadata and all row-group footers readable.
data/processed/rdata/github/02_motor_pricing/CASdatasets/data/besecura__besecura.parquet,parquet,4324,371,2,Year;Loss,0,742,0.0000000000,verified,Metadata and all row-group footers readable.
data/processed/rdata/github/02_motor_pricing/CASdatasets/data/braggclaim__braggclaim.parquet,parquet,8568,205,6,RegionNb;RegionName;Guarantee;ClaimNb;AggClaim;StateAb,0,1230,0.0000000000,verified,Metadata and all row-group footers readable.
data/processed/rdata/github/02_motor_pricing/CASdatasets/data/braggprem__braggprem.parquet,parquet,10866,205,7,RegionNb;RegionName;Guarantee;ExpoAvg;PremAvg;SumInsAvg;StateAb,0,1435,0.0000000000,verified,Metadata and all row-group footers readable.
data/processed/rdata/github/02_motor_pricing/CASdatasets/data/brautocoll__brautocoll.parquet,parquet,25732,1314,7,Date;Day;Hour;Lat;Long;Type;Severity,0,9198,0.0000000000,verified,Metadata and all row-group footers readable.
data/processed/rdata/github/02_motor_pricing/CASdatasets/data/brgeomunicins__brgeomunicins.parquet,parquet,94920,1833,18,CityCode;State;City;PopExpo;PopPrem;PopClaimRob;PopClaimColl;PopClaimFire;PopClaimOther;LuxExpo;LuxPrem;LuxClaimRob;LuxClaimColl;LuxClaimFire;LuxClaimOther;HDIcity00;CityDens10;StateAb,4795,32994,0.1453294538,verified,Metadata and all row-group footers readable.
data/processed/rdata/github/02_motor_pricing/CASdatasets/data/brvehins1a__brvehins1a.parquet,parquet,8771150,393071,23,Gender;DrivAge;VehYear;VehModel;VehGroup;Area;State;StateAb;ExposTotal;ExposFireRob;PremTotal;PremFireRob;SumInsAvg;ClaimNbRob;ClaimNbPartColl;ClaimNbTotColl;ClaimNbFire;ClaimNbOther;ClaimAmountRob;ClaimAmountPartColl;ClaimAmountTotColl;ClaimAmountFire;ClaimAmountOther,122699,9040633,0.0135719479,verified,Metadata and all row-group footers readable.
data/processed/rdata/github/02_motor_pricing/CASdatasets/data/brvehins1b__brvehins1b.parquet,parquet,8750574,393071,23,Gender;DrivAge;VehYear;VehModel;VehGroup;Area;State;StateAb;ExposTotal;ExposFireRob;PremTotal;PremFireRob;SumInsAvg;ClaimNbRob;ClaimNbPartColl;ClaimNbTotColl;ClaimNbFire;ClaimNbOther;ClaimAmountRob;ClaimAmountPartColl;ClaimAmountTotColl;ClaimAmountFire;ClaimAmountOther,122957,9040633,0.0136004857,verified,Metadata and all row-group footers readable.
data/processed/rdata/github/02_motor_pricing/CASdatasets/data/brvehins1c__brvehins1c.parquet,parquet,8741611,393071,23,Gender;DrivAge;VehYear;VehModel;VehGroup;Area;State;StateAb;ExposTotal;ExposFireRob;PremTotal;PremFireRob;SumInsAvg;ClaimNbRob;ClaimNbPartColl;ClaimNbTotColl;ClaimNbFire;ClaimNbOther;ClaimAmountRob;ClaimAmountPartColl;ClaimAmountTotColl;ClaimAmountFire;ClaimAmountOther,123033,9040633,0.0136088922,verified,Metadata and all row-group footers readable.
data/processed/rdata/github/02_motor_pricing/CASdatasets/data/brvehins1d__brvehins1d.parquet,parquet,8740660,393071,23,Gender;DrivAge;VehYear;VehModel;VehGroup;Area;State;StateAb;ExposTotal;ExposFireRob;PremTotal;PremFireRob;SumInsAvg;ClaimNbRob;ClaimNbPartColl;ClaimNbTotColl;ClaimNbFire;ClaimNbOther;ClaimAmountRob;ClaimAmountPartColl;ClaimAmountTotColl;ClaimAmountFire;ClaimAmountOther,122556,9040633,0.0135561304,verified,Metadata and all row-group footers readable.
data/processed/rdata/github/02_motor_pricing/CASdatasets/data/brvehins1e__brvehins1e.parquet,parquet,8741006,393071,23,Gender;DrivAge;VehYear;VehModel;VehGroup;Area;State;StateAb;ExposTotal;ExposFireRob;PremTotal;PremFireRob;SumInsAvg;ClaimNbRob;ClaimNbPartColl;ClaimNbTotColl;ClaimNbFire;ClaimNbOther;ClaimAmountRob;ClaimAmountPartColl;ClaimAmountTotColl;ClaimAmountFire;ClaimAmountOther,122965,9040633,0.0136013706,verified,Metadata and all row-group footers readable.
data/processed/rdata/github/02_motor_pricing/CASdatasets/data/canlifins2__canlifins2.parquet,parquet,286558,14889,2,DeathAgeM;DeathAgeF,0,29778,0.0000000000,verified,Metadata and all row-group footers readable.
data/processed/rdata/github/02_motor_pricing/CASdatasets/data/canlifins__canlifins.parquet,parquet,302695,14889,10,EntryAgeM;DeathTimeM;AnnuityExpiredM;IsDeadM;ExitAgeM;EntryAgeF;DeathTimeF;AnnuityExpiredF;IsDeadF;ExitAgeF,14889,148890,0.1000000000,verified,Metadata and all row-group footers readable.
data/processed/rdata/github/02_motor_pricing/CASdatasets/data/catelematic13__catelematic13.parquet,parquet,17068168,100000,52,Duration;Insured.age;Insured.sex;Car.age;Marital;Car.use;Credit.score;Region;Annual.miles.drive;Years.noclaims;Territory;Annual.pct.driven;Total.miles.driven;Pct.drive.mon;Pct.drive.tue;Pct.drive.wed;Pct.drive.thr;Pct.drive.fri;Pct.drive.sat;Pct.drive.sun;Pct.drive.2hrs;Pct.drive.3hrs;Pct.drive.4hrs;Pct.drive.wkday;Pct.drive.wkend;Pct.drive.rush.am;Pct.drive.rush.pm;Avgdays.week;Accel.06miles;Accel.08miles;Accel.09miles;Accel.11miles;Accel.12miles;Accel.14miles;Brake.06miles;Brake.08miles;Brake.09miles;Brake.11miles;Brake.12miles;Brake.14miles;Left.turn.intensity08;Left.turn.intensity09;Left.turn.intensity10;Left.turn.intensity11;Left.turn.intensity12;Right.turn.intensity08;Right.turn.intensity09;Right.turn.intensity10;Right.turn.intensity11;Right.turn.intensity12;NB_Claim;AMT_Claim,0,5200000,0.0000000000,verified,Metadata and all row-group footers readable.
data/processed/rdata/github/02_motor_pricing/CASdatasets/data/credit__credit.parquet,parquet,25731,1000,21,checking_status;duration;credit_history;purpose;credit_amount;savings;employment;installment_rate;personal_status;other_parties;residence_since;property_magnitude;age;other_payment_plans;housing;existing_credits;job;num_dependents;telephone;foreign_worker;class,0,21000,0.0000000000,verified,Metadata and all row-group footers readable.
data/processed/rdata/github/02_motor_pricing/CASdatasets/data/danishmulti__danishmulti.parquet,parquet,58893,2167,5,Date;Building;Contents;Profits;Total,0,10835,0.0000000000,verified,Metadata and all row-group footers readable.
data/processed/rdata/github/02_motor_pricing/CASdatasets/data/danishuni__danishuni.parquet,parquet,27497,2167,2,Date;Loss,0,4334,0.0000000000,verified,Metadata and all row-group footers readable.
data/processed/rdata/github/02_motor_pricing/CASdatasets/data/Davis__Davis.parquet,parquet,4826,200,5,sex;weight;height;reportedWeight;reportedHeight,34,1000,0.0340000000,verified,Metadata and all row-group footers readable.
data/processed/rdata/github/02_motor_pricing/CASdatasets/data/ECBYieldCurve__ECBYieldCurve.parquet,parquet,107912,20960,3,dim_0;dim_1;value,0,62880,0.0000000000,verified,Metadata and all row-group footers readable.
data/processed/rdata/github/02_motor_pricing/CASdatasets/data/eqlist__eqlist.parquet,parquet,1024083,14014,23,time;latitude;longitude;depth;mag;magType;nst;gap;dmin;rms;net;id;updated;place;type;horizontalError;depthError;magError;magNst;status;locationSource;magSource;day,79318,322322,0.2460831094,verified,Metadata and all row-group footers readable.
data/processed/rdata/github/02_motor_pricing/CASdatasets/data/eudirectlapse__eudirectlapse.parquet,parquet,592129,23060,19,lapse;polholder_age;polholder_BMCevol;polholder_diffdriver;polholder_gender;polholder_job;policy_age;policy_caruse;policy_nbcontract;prem_final;prem_freqperyear;prem_last;prem_market;prem_pure;vehicl_age;vehicl_agepurchase;vehicl_garage;vehicl_powerkw;vehicl_region,0,438140,0.0000000000,verified,Metadata and all row-group footers readable.
data/processed/rdata/github/02_motor_pricing/CASdatasets/data/euhealthinsurance__euhealthinsurance.parquet,parquet,2468202,176032,22,id_anon;relation;gender;policy_years;age_at_inception;num_analysis;num_dentistry;num_diagnostics;num_endoscopy;num_hospitalizations;num_mammography;num_operations;num_visits;amt_analysis;amt_dentistry;amt_diagnostics;amt_endoscopy;amt_hospitalizations;amt_mammography;amt_operations;amt_visits;group,0,3872704,0.0000000000,verified,Metadata and all row-group footers readable.
data/processed/rdata/github/02_motor_pricing/CASdatasets/data/euMTPL__euMTPL.parquet,parquet,23787136,2373197,19,policy_id;group;fuel_type;year;vehicle_category;vehicle_use;province;horsepower;gender;age;exposure;cost_nc;num_nc;cost_cg;num_cg;cost_fcg;num_fcg;cost_cd;num_cd,0,45090743,0.0000000000,verified,Metadata and all row-group footers readable.
data/processed/rdata/github/02_motor_pricing/CASdatasets/data/eusavingULnoPS__eusavingULnoPS.parquet,parquet,769498,21921,30,policy.ID;issue.date;termination.date;lapse.reason;premium.frequency;gender;underwriting.age;face.amount;risk.premium;saving.premium;CPI.relvar1mth;CPI.relvar1qtr;CPI.relvar1yr;CPI.relvar2yr;EUidx.relvar1mth;EUidx.relvar1qtr;EUidx.relvar1yr;EUidx.relvar2yr;rate1Y.relvar1mth;rate1Y.relvar1qtr;rate2Y.relvar1mth;rate2Y.relvar1qtr;rate10Y.relvar1mth;rate10Y.relvar1qtr;unemploy.relvar1mth;unemploy.relvar1qtr;industry.relvar1mth;industry.relvar1qtr;RTV.relvar1mth;RTV.relvar1qtr,0,657630,0.0000000000,verified,Metadata and all row-group footers readable.
data/processed/rdata/github/02_motor_pricing/CASdatasets/data/eusavingULnoPSperMth__eusavingULnoPSperMth.parquet,parquet,5343098,615897,30,policy.ID;issue.date;termination.date;lapse.reason;premium.frequency;gender;underwriting.age;face.amount;risk.premium;saving.premium;CPI.relvar1mth;CPI.relvar1qtr;CPI.relvar1yr;CPI.relvar2yr;EUidx.relvar1mth;EUidx.relvar1qtr;EUidx.relvar1yr;EUidx.relvar2yr;rate1Y.relvar1mth;rate1Y.relvar1qtr;rate2Y.relvar1mth;rate2Y.relvar1qtr;rate10Y.relvar1mth;rate10Y.relvar1qtr;unemploy.relvar1mth;unemploy.relvar1qtr;industry.relvar1mth;industry.relvar1qtr;RTV.relvar1mth;RTV.relvar1qtr,0,18476910,0.0000000000,verified,Metadata and all row-group footers readable.
data/processed/rdata/github/02_motor_pricing/CASdatasets/data/eusavingULnoPSperQtr__eusavingULnoPSperQtr.parquet,parquet,2512729,271988,30,policy.ID;issue.date;termination.date;lapse.reason;premium.frequency;gender;underwriting.age;face.amount;risk.premium;saving.premium;CPI.relvar1mth;CPI.relvar1qtr;CPI.relvar1yr;CPI.relvar2yr;EUidx.relvar1mth;EUidx.relvar1qtr;EUidx.relvar1yr;EUidx.relvar2yr;rate1Y.relvar1mth;rate1Y.relvar1qtr;rate2Y.relvar1mth;rate2Y.relvar1qtr;rate10Y.relvar1mth;rate10Y.relvar1qtr;unemploy.relvar1mth;unemploy.relvar1qtr;industry.relvar1mth;industry.relvar1qtr;RTV.relvar1mth;RTV.relvar1qtr,0,8159640,0.0000000000,verified,Metadata and all row-group footers readable.
data/processed/rdata/github/02_motor_pricing/CASdatasets/data/eusavingULnoPSperYr__eusavingULnoPSperYr.parquet,parquet,650331,43743,30,policy.ID;issue.date;termination.date;lapse.reason;premium.frequency;gender;underwriting.age;face.amount;risk.premium;saving.premium;CPI.relvar1mth;CPI.relvar1qtr;CPI.relvar1yr;CPI.relvar2yr;EUidx.relvar1mth;EUidx.relvar1qtr;EUidx.relvar1yr;EUidx.relvar2yr;rate1Y.relvar1mth;rate1Y.relvar1qtr;rate2Y.relvar1mth;rate2Y.relvar1qtr;rate10Y.relvar1mth;rate10Y.relvar1qtr;unemploy.relvar1mth;unemploy.relvar1qtr;industry.relvar1mth;industry.relvar1qtr;RTV.relvar1mth;RTV.relvar1qtr,0,1312290,0.0000000000,verified,Metadata and all row-group footers readable.
data/processed/rdata/github/02_motor_pricing/CASdatasets/data/FedYieldCurve__FedYieldCurve.parquet,parquet,13301,2976,3,dim_0;dim_1;value,0,8928,0.0000000000,verified,Metadata and all row-group footers readable.
data/processed/rdata/github/02_motor_pricing/CASdatasets/data/forexUSUK__forexUSUK.parquet,parquet,106334,10583,2,Date;Value,0,21166,0.0000000000,verified,Metadata and all row-group footers readable.
data/processed/rdata/github/02_motor_pricing/CASdatasets/data/freaggnumber__freaggnumber.parquet,parquet,134743,12513,5,DriverAge;LicenceAge;VehAge;Exposure;ClaimNumber,0,62565,0.0000000000,verified,Metadata and all row-group footers readable.
data/processed/rdata/github/02_motor_pricing/CASdatasets/data/freAS0002__freAS0002.parquet,parquet,3984,9,6,LowerAgeF;UpperAgeF;ShiftF;LowerAgeH;UpperAgeH;ShiftH,12,54,0.2222222222,verified,Metadata and all row-group footers readable.
data/processed/rdata/github/02_motor_pricing/CASdatasets/data/frebiloss__frebiloss.parquet,parquet,107997,2387,8,Year;OccurDate;PolicyID;ClaimID;ClaimCost;TotalCost;ClaimCost2007;TotalCost2007,0,19096,0.0000000000,verified,Metadata and all row-group footers readable.
data/processed/rdata/github/02_motor_pricing/CASdatasets/data/freclaimset2motor__freclaimset2motor.parquet,parquet,21380590,1,2,claimset;aggdata,0,2,0.0000000000,verified,Metadata and all row-group footers readable.
data/processed/rdata/github/02_motor_pricing/CASdatasets/data/freclaimset3dam9207__freclaimset3dam9207.parquet,parquet,13413155,109992,37,NbEmployee;NbSite;Surface;RiskCateg;inc_Y15;inc_Y14;inc_Y13;inc_Y12;inc_Y11;inc_Y10;inc_Y9;inc_Y8;inc_Y7;inc_Y6;inc_Y5;inc_Y4;inc_Y3;inc_Y2;inc_Y1;inc_Y0;paid_Y15;paid_Y14;paid_Y13;paid_Y12;paid_Y11;paid_Y10;paid_Y9;paid_Y8;paid_Y7;paid_Y6;paid_Y5;paid_Y4;paid_Y3;paid_Y2;paid_Y1;paid_Y0;OccurDate,0,4069704,0.0000000000,verified,Metadata and all row-group footers readable.
data/processed/rdata/github/02_motor_pricing/CASdatasets/data/freclaimset3fire9207__freclaimset3fire9207.parquet,parquet,7801376,58056,37,NbEmployee;NbSite;Surface;RiskCateg;inc_Y15;inc_Y14;inc_Y13;inc_Y12;inc_Y11;inc_Y10;inc_Y9;inc_Y8;inc_Y7;inc_Y6;inc_Y5;inc_Y4;inc_Y3;inc_Y2;inc_Y1;inc_Y0;paid_Y15;paid_Y14;paid_Y13;paid_Y12;paid_Y11;paid_Y10;paid_Y9;paid_Y8;paid_Y7;paid_Y6;paid_Y5;paid_Y4;paid_Y3;paid_Y2;paid_Y1;paid_Y0;OccurDate,0,2148072,0.0000000000,verified,Metadata and all row-group footers readable.
data/processed/rdata/github/02_motor_pricing/CASdatasets/data/freclaimset3multi9207__freclaimset3multi9207.parquet,parquet,119101,1823,37,Occur;Damage_Area;Damage_Claim;Damage_Employee;Damage_Goods;Damage_Revenue;Damage_Sites;Fire_Area;Fire_Claim;Fire_Employee;Fire_Goods;Fire_Revenue;Fire_Sites;HSS_Area;HSS_Claim;HSS_Employee;HSS_Goods;HSS_Revenue;HSS_Sites;Other_Area;Other_Claim;Other_Employee;Other_Goods;Other_Revenue;Other_Sites;Thief_Area;Thief_Claim;Thief_Employee;Thief_Goods;Thief_Revenue;Thief_Sites;TPL_Area;TPL_Claim;TPL_Employee;TPL_Goods;TPL_Revenue;TPL_Sites,0,67451,0.0000000000,verified,Metadata and all row-group footers readable.
data/processed/rdata/github/02_motor_pricing/CASdatasets/data/freclaimset__freclaimset.parquet,parquet,24223,2306,6,PaymentDate;Payment;FbFprov;Risk;Subrisk;Type,0,13836,0.0000000000,verified,Metadata and all row-group footers readable.
data/processed/rdata/github/02_motor_pricing/CASdatasets/data/frecomfire__frecomfire.parquet,parquet,181652,9613,4,Year;OccurDate;ClaimCost;ClaimCost2007,0,38452,0.0000000000,verified,Metadata and all row-group footers readable.
data/processed/rdata/github/02_motor_pricing/CASdatasets/data/frefictivetable2__frefictivetable2.parquet,parquet,437882,100000,5,DateIn;DateOut;Status;DateOfBirth;Gender,0,500000,0.0000000000,verified,Metadata and all row-group footers readable.
data/processed/rdata/github/02_motor_pricing/CASdatasets/data/frefictivetable3__frefictivetable3.parquet,parquet,434976,100000,5,DateIn;DateOut;Status;DateOfBirth;Gender,0,500000,0.0000000000,verified,Metadata and all row-group footers readable.
data/processed/rdata/github/02_motor_pricing/CASdatasets/data/frefictivetable__frefictivetable.parquet,parquet,990748,87090,6,Id;Gender;DateOfBirth;DateIn;DateOut;Status,0,522540,0.0000000000,verified,Metadata and all row-group footers readable.
data/processed/rdata/github/02_motor_pricing/CASdatasets/data/freHMD__freHMD.parquet,parquet,36356,1,11,type;label;lambda;year;age;pop.female;pop.male;pop.total;rate.female;rate.male;rate.total,0,11,0.0000000000,verified,Metadata and all row-group footers readable.
data/processed/rdata/github/02_motor_pricing/CASdatasets/data/freIRSA__freIRSA.parquet,parquet,2426,16,3,year;amount;cap,0,48,0.0000000000,verified,Metadata and all row-group footers readable.
data/processed/rdata/github/02_motor_pricing/CASdatasets/data/fremarine__fremarine.parquet,parquet,42614,1274,19,OccurDate;ReporDate;ShipCateg;ShipBrand;ShipPower;ShipEngNb;ShipEngYear;ShipBuildYear;ShipHull;ShipLength;ShipTonnage;InsuredValue;ClaimPaid;ClaimCharge;ClaimRecourse;ClaimCateg;ClaimStatus;Deductible;Departement,2757,24206,0.1138973808,verified,Metadata and all row-group footers readable.
data/processed/rdata/github/02_motor_pricing/CASdatasets/data/fremotor1freq0304a__fremotor1freq0304a.parquet,parquet,287436,64234,8,IDpol;Year;Damage;Fire;Other;Theft;TPL;Windscreen,0,513872,0.0000000000,verified,Metadata and all row-group footers readable.
data/processed/rdata/github/02_motor_pricing/CASdatasets/data/fremotor1freq0304b__fremotor1freq0304b.parquet,parquet,286420,64234,8,IDpol;Year;Damage;Fire;Other;Theft;TPL;Windscreen,0,513872,0.0000000000,verified,Metadata and all row-group footers readable.
data/processed/rdata/github/02_motor_pricing/CASdatasets/data/fremotor1freq0304c__fremotor1freq0304c.parquet,parquet,286316,64234,8,IDpol;Year;Damage;Fire;Other;Theft;TPL;Windscreen,0,513872,0.0000000000,verified,Metadata and all row-group footers readable.
data/processed/rdata/github/02_motor_pricing/CASdatasets/data/fremotor1prem0304a__fremotor1prem0304a.parquet,parquet,1163990,51949,30,IDpol;Year;DrivAge;DrivGender;MaritalStatus;BonusMalus;LicenceNb;PayFreq;JobCode;VehAge;VehClass;VehPower;VehGas;VehUsage;Garage;Area;Region;Channel;Marketing;PremWindscreen;PremDamAll;PremFire;PremAcc1;PremAcc2;PremLegal;PremTPLM;PremTPLV;PremServ;PremTheft;PremTot,69896,1558470,0.0448491148,verified,Metadata and all row-group footers readable.
data/processed/rdata/github/02_motor_pricing/CASdatasets/data/fremotor1prem0304b__fremotor1prem0304b.parquet,parquet,1161730,51949,30,IDpol;Year;DrivAge;DrivGender;MaritalStatus;BonusMalus;LicenceNb;PayFreq;JobCode;VehAge;VehClass;VehPower;VehGas;VehUsage;Garage;Area;Region;Channel;Marketing;PremWindscreen;PremDamAll;PremFire;PremAcc1;PremAcc2;PremLegal;PremTPLM;PremTPLV;PremServ;PremTheft;PremTot,69896,1558470,0.0448491148,verified,Metadata and all row-group footers readable.
data/processed/rdata/github/02_motor_pricing/CASdatasets/data/fremotor1prem0304c__fremotor1prem0304c.parquet,parquet,1161559,51949,30,IDpol;Year;DrivAge;DrivGender;MaritalStatus;BonusMalus;LicenceNb;PayFreq;JobCode;VehAge;VehClass;VehPower;VehGas;VehUsage;Garage;Area;Region;Channel;Marketing;PremWindscreen;PremDamAll;PremFire;PremAcc1;PremAcc2;PremLegal;PremTPLM;PremTPLV;PremServ;PremTheft;PremTot,69896,1558470,0.0448491148,verified,Metadata and all row-group footers readable.
data/processed/rdata/github/02_motor_pricing/CASdatasets/data/fremotor1sev0304a__fremotor1sev0304a.parquet,parquet,217636,9246,5,IDpol;OccurDate;Payment;IDclaim;Guarantee,0,46230,0.0000000000,verified,Metadata and all row-group footers readable.
data/processed/rdata/github/02_motor_pricing/CASdatasets/data/fremotor1sev0304b__fremotor1sev0304b.parquet,parquet,217628,9230,5,IDpol;OccurDate;Payment;IDclaim;Guarantee,0,46150,0.0000000000,verified,Metadata and all row-group footers readable.
data/processed/rdata/github/02_motor_pricing/CASdatasets/data/fremotor1sev0304c__fremotor1sev0304c.parquet,parquet,216989,9213,5,IDpol;OccurDate;Payment;IDclaim;Guarantee,0,46065,0.0000000000,verified,Metadata and all row-group footers readable.
data/processed/rdata/github/02_motor_pricing/CASdatasets/data/fremotor2freq9907b__fremotor2freq9907b.parquet,parquet,1775643,366354,7,IDpol;Year;NbClaim;Expo;Usage;VehType;VehPower,0,2564478,0.0000000000,verified,Metadata and all row-group footers readable.
data/processed/rdata/github/02_motor_pricing/CASdatasets/data/fremotor2freq9907u__fremotor2freq9907u.parquet,parquet,1259553,72749,23,IDpol;Usage;VehType;VehPower;NbYear;NbClaim1999;NbClaim2000;NbClaim2001;NbClaim2002;NbClaim2003;NbClaim2004;NbClaim2005;NbClaim2006;NbClaim2007;Expo1999;Expo2000;Expo2001;Expo2002;Expo2003;Expo2004;Expo2005;Expo2006;Expo2007,288387,1673227,0.1723537810,verified,Metadata and all row-group footers readable.
data/processed/rdata/github/02_motor_pricing/CASdatasets/data/fremotor2sev9907__fremotor2sev9907.parquet,parquet,348094,56014,3,Year;ClaimAmount;ClaimNb,0,168042,0.0000000000,verified,Metadata and all row-group footers readable.
data/processed/rdata/github/02_motor_pricing/CASdatasets/data/fremotor3freq9907b__fremotor3freq9907b.parquet,parquet,1777895,365971,7,IDpol;Year;NbClaim;Expo;Usage;VehType;VehPower,0,2561797,0.0000000000,verified,Metadata and all row-group footers readable.
data/processed/rdata/github/02_motor_pricing/CASdatasets/data/fremotor3freq9907u__fremotor3freq9907u.parquet,parquet,1257473,72749,23,IDpol;Usage;VehType;VehPower;NbYear;NbClaim1999;NbClaim2000;NbClaim2001;NbClaim2002;NbClaim2003;NbClaim2004;NbClaim2005;NbClaim2006;NbClaim2007;Expo1999;Expo2000;Expo2001;Expo2002;Expo2003;Expo2004;Expo2005;Expo2006;Expo2007,288770,1673227,0.1725826801,verified,Metadata and all row-group footers readable.
data/processed/rdata/github/02_motor_pricing/CASdatasets/data/fremotor3sev9907__fremotor3sev9907.parquet,parquet,348184,56014,3,Year;ClaimAmount;ClaimNb,0,168042,0.0000000000,verified,Metadata and all row-group footers readable.
data/processed/rdata/github/02_motor_pricing/CASdatasets/data/fremotor4freq9907b__fremotor4freq9907b.parquet,parquet,1777896,366660,7,IDpol;Year;NbClaim;Expo;Usage;VehType;VehPower,0,2566620,0.0000000000,verified,Metadata and all row-group footers readable.
data/processed/rdata/github/02_motor_pricing/CASdatasets/data/fremotor4freq9907u__fremotor4freq9907u.parquet,parquet,1259553,72749,23,IDpol;Usage;VehType;VehPower;NbYear;NbClaim1999;NbClaim2000;NbClaim2001;NbClaim2002;NbClaim2003;NbClaim2004;NbClaim2005;NbClaim2006;NbClaim2007;Expo1999;Expo2000;Expo2001;Expo2002;Expo2003;Expo2004;Expo2005;Expo2006;Expo2007,288081,1673227,0.1721709009,verified,Metadata and all row-group footers readable.
data/processed/rdata/github/02_motor_pricing/CASdatasets/data/fremotor4sev9907__fremotor4sev9907.parquet,parquet,348184,56014,3,Year;ClaimAmount;ClaimNb,0,168042,0.0000000000,verified,Metadata and all row-group footers readable.
data/processed/rdata/github/02_motor_pricing/CASdatasets/data/freMPL10__freMPL10.parquet,parquet,238414,22100,21,Exposure;LicAge;RecordBeg;RecordEnd;VehAge;Gender;MariStat;SocioCateg;VehUsage;DrivAge;HasKmLimit;ClaimNbResp;ClaimNbNonResp;ClaimNbParking;ClaimNbFireTheft;ClaimNbWindscreen;OutUseNb;ClaimAmount;RiskArea;BonusMalus;ClaimInd,10822,464100,0.0233182504,verified,Metadata and all row-group footers readable.
data/processed/rdata/github/02_motor_pricing/CASdatasets/data/freMPL1__freMPL1.parquet,parquet,279311,20600,22,Exposure;LicAge;RecordBeg;RecordEnd;VehAge;Gender;MariStat;SocioCateg;VehUsage;DrivAge;HasKmLimit;BonusMalus;VehBody;VehPrice;VehEngine;VehEnergy;VehMaxSpeed;VehClass;ClaimAmount;RiskVar;Garage;ClaimInd,9798,453200,0.0216195940,verified,Metadata and all row-group footers readable.
data/processed/rdata/github/02_motor_pricing/CASdatasets/data/freMPL1sub__freMPL1sub.parquet,parquet,104495,12437,18,LicAge;VehAge;sensitive;MariStat;SocioCateg;VehUsage;DrivAge;HasKmLimit;BonusMalus;VehBody;VehPrice;VehEngine;VehEnergy;VehMaxSpeed;VehClass;y;RiskVar;Garage,0,223866,0.0000000000,verified,Metadata and all row-group footers readable.
data/processed/rdata/github/02_motor_pricing/CASdatasets/data/freMPL2__freMPL2.parquet,parquet,460640,38300,22,Exposure;LicAge;RecordBeg;RecordEnd;VehAge;Gender;MariStat;SocioCateg;VehUsage;DrivAge;HasKmLimit;BonusMalus;VehBody;VehPrice;VehEngine;VehEnergy;VehMaxSpeed;VehClass;RiskVar;ClaimAmount;Garage;ClaimInd,17973,842600,0.0213304059,verified,Metadata and all row-group footers readable.
data/processed/rdata/github/02_motor_pricing/CASdatasets/data/freMPL3__freMPL3.parquet,parquet,264670,20600,23,Exposure;LicAge;RecordBeg;RecordEnd;VehAge;Gender;MariStat;SocioCateg;VehUsage;DrivAge;HasKmLimit;DeducType;BonusMalus;VehBody;VehPrice;VehEngine;VehEnergy;VehMaxSpeed;VehClass;RiskVar;ClaimAmount;Garage;ClaimInd,9798,473800,0.0206796117,verified,Metadata and all row-group footers readable.
data/processed/rdata/github/02_motor_pricing/CASdatasets/data/freMPL4__freMPL4.parquet,parquet,324068,26300,23,Exposure;LicAge;RecordBeg;RecordEnd;VehAge;Gender;MariStat;SocioCateg;VehUsage;DrivAge;HasKmLimit;DeducType;BonusMalus;VehBody;VehPrice;VehEngine;VehEnergy;VehMaxSpeed;VehClass;RiskVar;ClaimAmount;Garage;ClaimInd,12384,604900,0.0204728054,verified,Metadata and all row-group footers readable.
data/processed/rdata/github/02_motor_pricing/CASdatasets/data/freMPL5__freMPL5.parquet,parquet,185733,16000,20,Exposure;LicAge;RecordBeg;RecordEnd;Gender;MariStat;SocioCateg;VehUsage;DrivAge;HasKmLimit;ClaimAmount;ClaimNbResp;ClaimNbNonResp;ClaimNbParking;ClaimNbFireTheft;ClaimNbWindscreen;OutUseNb;RiskArea;BonusMalus;ClaimInd,7839,320000,0.0244968750,verified,Metadata and all row-group footers readable.
data/processed/rdata/github/02_motor_pricing/CASdatasets/data/freMPL6__freMPL6.parquet,parquet,356001,32400,20,Exposure;LicAge;RecordBeg;RecordEnd;Gender;MariStat;SocioCateg;VehUsage;DrivAge;HasKmLimit;ClaimAmount;ClaimNbResp;ClaimNbNonResp;ClaimNbParking;ClaimNbFireTheft;ClaimNbWindscreen;OutUseNb;RiskArea;BonusMalus;ClaimInd,15305,648000,0.0236188272,verified,Metadata and all row-group footers readable.
data/processed/rdata/github/02_motor_pricing/CASdatasets/data/freMPL7__freMPL7.parquet,parquet,299733,26600,20,Exposure;LicAge;RecordBeg;RecordEnd;Gender;MariStat;SocioCateg;VehUsage;DrivAge;HasKmLimit;ClaimAmount;ClaimNbResp;ClaimNbNonResp;ClaimNbParking;ClaimNbFireTheft;ClaimNbWindscreen;OutUseNb;RiskArea;BonusMalus;ClaimInd,12922,532000,0.0242894737,verified,Metadata and all row-group footers readable.
data/processed/rdata/github/02_motor_pricing/CASdatasets/data/freMPL8__freMPL8.parquet,parquet,269138,24000,20,Exposure;LicAge;RecordBeg;RecordEnd;Gender;MariStat;SocioCateg;VehUsage;DrivAge;HasKmLimit;ClaimAmount;ClaimNbResp;ClaimNbNonResp;ClaimNbParking;ClaimNbFireTheft;ClaimNbWindscreen;OutUseNb;RiskArea;BonusMalus;ClaimInd,11853,480000,0.0246937500,verified,Metadata and all row-group footers readable.
data/processed/rdata/github/02_motor_pricing/CASdatasets/data/freMPL9__freMPL9.parquet,parquet,180057,16200,20,Exposure;LicAge;RecordBeg;RecordEnd;Gender;MariStat;SocioCateg;VehUsage;DrivAge;HasKmLimit;ClaimAmount;ClaimNbResp;ClaimNbNonResp;ClaimNbParking;ClaimNbFireTheft;ClaimNbWindscreen;OutUseNb;RiskArea;BonusMalus;ClaimInd,7812,324000,0.0241111111,verified,Metadata and all row-group footers readable.
data/processed/rdata/github/02_motor_pricing/CASdatasets/data/freMTPL2freq__freMTPL2freq.parquet,parquet,9159996,677991,12,IDpol;ClaimNb;Exposure;VehPower;VehAge;DrivAge;BonusMalus;VehBrand;VehGas;Area;Density;Region,0,8135892,0.0000000000,verified,Metadata and all row-group footers readable.
data/processed/rdata/github/02_motor_pricing/CASdatasets/data/freMTPL2sev__freMTPL2sev.parquet,parquet,281122,26444,2,IDpol;ClaimAmount,0,52888,0.0000000000,verified,Metadata and all row-group footers readable.
data/processed/rdata/github/02_motor_pricing/CASdatasets/data/freMTPLfreq__freMTPLfreq.parquet,parquet,5065539,413169,10,PolicyID;ClaimNb;Exposure;Power;CarAge;DriverAge;Brand;Gas;Region;Density,0,4131690,0.0000000000,verified,Metadata and all row-group footers readable.
data/processed/rdata/github/02_motor_pricing/CASdatasets/data/freMTPLsev__freMTPLsev.parquet,parquet,130354,16181,2,PolicyID;ClaimAmount,0,32362,0.0000000000,verified,Metadata and all row-group footers readable.
data/processed/rdata/github/02_motor_pricing/CASdatasets/data/freP2Ddis10__freP2Ddis10.parquet,parquet,26823,40,37,EntryAge;NbYrSpent0;NbYrSpent1;NbYrSpent2;NbYrSpent3;NbYrSpent4;NbYrSpent5;NbYrSpent6;NbYrSpent7;NbYrSpent8;NbYrSpent9;NbYrSpent10;NbYrSpent11;NbYrSpent12;NbYrSpent13;NbYrSpent14;NbYrSpent15;NbYrSpent16;NbYrSpent17;NbYrSpent18;NbYrSpent19;NbYrSpent20;NbYrSpent21;NbYrSpent22;NbYrSpent23;NbYrSpent24;NbYrSpent25;NbYrSpent26;NbYrSpent27;NbYrSpent28;NbYrSpent29;NbYrSpent30;NbYrSpent31;NbYrSpent32;NbYrSpent33;NbYrSpent34;NbYrSpent35,595,1480,0.4020270270,verified,Metadata and all row-group footers readable.
data/processed/rdata/github/02_motor_pricing/CASdatasets/data/freP2Ddisprob10__freP2Ddisprob10.parquet,parquet,27993,40,35,NbYrSpent1;NbYrSpent2;NbYrSpent3;NbYrSpent4;NbYrSpent5;NbYrSpent6;NbYrSpent7;NbYrSpent8;NbYrSpent9;NbYrSpent10;NbYrSpent11;NbYrSpent12;NbYrSpent13;NbYrSpent14;NbYrSpent15;NbYrSpent16;NbYrSpent17;NbYrSpent18;NbYrSpent19;NbYrSpent20;NbYrSpent21;NbYrSpent22;NbYrSpent23;NbYrSpent24;NbYrSpent25;NbYrSpent26;NbYrSpent27;NbYrSpent28;NbYrSpent29;NbYrSpent30;NbYrSpent31;NbYrSpent32;NbYrSpent33;NbYrSpent34;NbYrSpent35,595,1400,0.4250000000,verified,Metadata and all row-group footers readable.
data/processed/rdata/github/02_motor_pricing/CASdatasets/data/freP2Pdis10__freP2Pdis10.parquet,parquet,29779,42,44,EntryAge;NbYrSpent0;NbYrSpent1;NbYrSpent2;NbYrSpent3;NbYrSpent4;NbYrSpent5;NbYrSpent6;NbYrSpent7;NbYrSpent8;NbYrSpent9;NbYrSpent10;NbYrSpent11;NbYrSpent12;NbYrSpent13;NbYrSpent14;NbYrSpent15;NbYrSpent16;NbYrSpent17;NbYrSpent18;NbYrSpent19;NbYrSpent20;NbYrSpent21;NbYrSpent22;NbYrSpent23;NbYrSpent24;NbYrSpent25;NbYrSpent26;NbYrSpent27;NbYrSpent28;NbYrSpent29;NbYrSpent30;NbYrSpent31;NbYrSpent32;NbYrSpent33;NbYrSpent34;NbYrSpent35;NbYrSpent36;NbYrSpent37;NbYrSpent38;NbYrSpent39;NbYrSpent40;NbYrSpent41;NbYrSpent42,0,1848,0.0000000000,verified,Metadata and all row-group footers readable.
data/processed/rdata/github/02_motor_pricing/CASdatasets/data/freP2Pdis13__freP2Pdis13.parquet,parquet,30605,45,47,EntryAge;NbYrSpent0;NbYrSpent1;NbYrSpent2;NbYrSpent3;NbYrSpent4;NbYrSpent5;NbYrSpent6;NbYrSpent7;NbYrSpent8;NbYrSpent9;NbYrSpent10;NbYrSpent11;NbYrSpent12;NbYrSpent13;NbYrSpent14;NbYrSpent15;NbYrSpent16;NbYrSpent17;NbYrSpent18;NbYrSpent19;NbYrSpent20;NbYrSpent21;NbYrSpent22;NbYrSpent23;NbYrSpent24;NbYrSpent25;NbYrSpent26;NbYrSpent27;NbYrSpent28;NbYrSpent29;NbYrSpent30;NbYrSpent31;NbYrSpent32;NbYrSpent33;NbYrSpent34;NbYrSpent35;NbYrSpent36;NbYrSpent37;NbYrSpent38;NbYrSpent39;NbYrSpent40;NbYrSpent41;NbYrSpent42;NbYrSpent43;NbYrSpent44;NbYrSpent45,0,2115,0.0000000000,verified,Metadata and all row-group footers readable.
data/processed/rdata/github/02_motor_pricing/CASdatasets/data/freP2Pdisprob10__freP2Pdisprob10.parquet,parquet,8231,1764,3,dim_0;dim_1;value,0,5292,0.0000000000,verified,Metadata and all row-group footers readable.
data/processed/rdata/github/02_motor_pricing/CASdatasets/data/freP2Pdisprob13__freP2Pdisprob13.parquet,parquet,10959,2025,3,dim_0;dim_1;value,0,6075,0.0000000000,verified,Metadata and all row-group footers readable.
data/processed/rdata/github/02_motor_pricing/CASdatasets/data/frePF6064__frePF6064.parquet,parquet,2879,108,2,x;lx,0,216,0.0000000000,verified,Metadata and all row-group footers readable.
data/processed/rdata/github/02_motor_pricing/CASdatasets/data/frePM6064__frePM6064.parquet,parquet,2882,108,2,x;lx,0,216,0.0000000000,verified,Metadata and all row-group footers readable.
data/processed/rdata/github/02_motor_pricing/CASdatasets/data/freprojqxINSEE__freprojqxINSEE.parquet,parquet,124490,66,109,Age;F2007;F2008;F2009;F2010;F2011;F2012;F2013;F2014;F2015;F2016;F2017;F2018;F2019;F2020;F2021;F2022;F2023;F2024;F2025;F2026;F2027;F2028;F2029;F2030;F2031;F2032;F2033;F2034;F2035;F2036;F2037;F2038;F2039;F2040;F2041;F2042;F2043;F2044;F2045;F2046;F2047;F2048;F2049;F2050;F2051;F2052;F2053;F2054;F2055;F2056;F2057;F2058;F2059;F2060;M2007;M2008;M2009;M2010;M2011;M2012;M2013;M2014;M2015;M2016;M2017;M2018;M2019;M2020;M2021;M2022;M2023;M2024;M2025;M2026;M2027;M2028;M2029;M2030;M2031;M2032;M2033;M2034;M2035;M2036;M2037;M2038;M2039;M2040;M2041;M2042;M2043;M2044;M2045;M2046;M2047;M2048;M2049;M2050;M2051;M2052;M2053;M2054;M2055;M2056;M2057;M2058;M2059;M2060,0,7194,0.0000000000,verified,Metadata and all row-group footers readable.
data/processed/rdata/github/02_motor_pricing/CASdatasets/data/freptfpermdis__freptfpermdis.parquet,parquet,8812621,1048575,6,PolicyID;BirthDate;Gender;EntryDate;ExitDate;ExitStatus,90244,6291450,0.0143439112,verified,Metadata and all row-group footers readable.
data/processed/rdata/github/02_motor_pricing/CASdatasets/data/freptftempdis__freptftempdis.parquet,parquet,3865255,560725,9,Gender;JobType;UWType;JobStopType;BirthDate;OccurDate;EntryDate;ExitDate;JobComebackType,180190,5046525,0.0357057579,verified,Metadata and all row-group footers readable.
data/processed/rdata/github/02_motor_pricing/CASdatasets/data/freRegion7526__freRegion7526.parquet,parquet,33583,14,52,1975;1976;1977;1978;1979;1980;1981;1982;1983;1984;1985;1986;1987;1988;1989;1990;1991;1992;1993;1994;1995;1996;1997;1998;1999;2000;2001;2002;2003;2004;2005;2006;2007;2008;2009;2010;2011;2012;2013;2014;2015;2016;2017;2018;2019;2020;2021;2022;2023;2024;2025;2026,0,728,0.0000000000,verified,Metadata and all row-group footers readable.
data/processed/rdata/github/02_motor_pricing/CASdatasets/data/freRegionOld7526__freRegionOld7526.parquet,parquet,36681,23,52,1975;1976;1977;1978;1979;1980;1981;1982;1983;1984;1985;1986;1987;1988;1989;1990;1991;1992;1993;1994;1995;1996;1997;1998;1999;2000;2001;2002;2003;2004;2005;2006;2007;2008;2009;2010;2011;2012;2013;2014;2015;2016;2017;2018;2019;2020;2021;2022;2023;2024;2025;2026,0,1196,0.0000000000,verified,Metadata and all row-group footers readable.
data/processed/rdata/github/02_motor_pricing/CASdatasets/data/freT2Ddis10__freT2Ddis10.parquet,parquet,30587,41,37,EntryAge;NbMthSpent0;NbMthSpent1;NbMthSpent2;NbMthSpent3;NbMthSpent4;NbMthSpent5;NbMthSpent6;NbMthSpent7;NbMthSpent8;NbMthSpent9;NbMthSpent10;NbMthSpent11;NbMthSpent12;NbMthSpent13;NbMthSpent14;NbMthSpent15;NbMthSpent16;NbMthSpent17;NbMthSpent18;NbMthSpent19;NbMthSpent20;NbMthSpent21;NbMthSpent22;NbMthSpent23;NbMthSpent24;NbMthSpent25;NbMthSpent26;NbMthSpent27;NbMthSpent28;NbMthSpent29;NbMthSpent30;NbMthSpent31;NbMthSpent32;NbMthSpent33;NbMthSpent34;NbMthSpent35,0,1517,0.0000000000,verified,Metadata and all row-group footers readable.
data/processed/rdata/github/02_motor_pricing/CASdatasets/data/freT2Ddisprob10__freT2Ddisprob10.parquet,parquet,33651,41,35,NbMthSpent1;NbMthSpent2;NbMthSpent3;NbMthSpent4;NbMthSpent5;NbMthSpent6;NbMthSpent7;NbMthSpent8;NbMthSpent9;NbMthSpent10;NbMthSpent11;NbMthSpent12;NbMthSpent13;NbMthSpent14;NbMthSpent15;NbMthSpent16;NbMthSpent17;NbMthSpent18;NbMthSpent19;NbMthSpent20;NbMthSpent21;NbMthSpent22;NbMthSpent23;NbMthSpent24;NbMthSpent25;NbMthSpent26;NbMthSpent27;NbMthSpent28;NbMthSpent29;NbMthSpent30;NbMthSpent31;NbMthSpent32;NbMthSpent33;NbMthSpent34;NbMthSpent35,0,1435,0.0000000000,verified,Metadata and all row-group footers readable.
data/processed/rdata/github/02_motor_pricing/CASdatasets/data/freT2Pdis10__freT2Pdis10.parquet,parquet,25024,42,37,EntryAge;NbMthSpent0;NbMthSpent1;NbMthSpent2;NbMthSpent3;NbMthSpent4;NbMthSpent5;NbMthSpent6;NbMthSpent7;NbMthSpent8;NbMthSpent9;NbMthSpent10;NbMthSpent11;NbMthSpent12;NbMthSpent13;NbMthSpent14;NbMthSpent15;NbMthSpent16;NbMthSpent17;NbMthSpent18;NbMthSpent19;NbMthSpent20;NbMthSpent21;NbMthSpent22;NbMthSpent23;NbMthSpent24;NbMthSpent25;NbMthSpent26;NbMthSpent27;NbMthSpent28;NbMthSpent29;NbMthSpent30;NbMthSpent31;NbMthSpent32;NbMthSpent33;NbMthSpent34;NbMthSpent35,0,1554,0.0000000000,verified,Metadata and all row-group footers readable.
data/processed/rdata/github/02_motor_pricing/CASdatasets/data/freT2Pdis13__freT2Pdis13.parquet,parquet,32172,42,37,EntryAge;NbMthSpent0;NbMthSpent1;NbMthSpent2;NbMthSpent3;NbMthSpent4;NbMthSpent5;NbMthSpent6;NbMthSpent7;NbMthSpent8;NbMthSpent9;NbMthSpent10;NbMthSpent11;NbMthSpent12;NbMthSpent13;NbMthSpent14;NbMthSpent15;NbMthSpent16;NbMthSpent17;NbMthSpent18;NbMthSpent19;NbMthSpent20;NbMthSpent21;NbMthSpent22;NbMthSpent23;NbMthSpent24;NbMthSpent25;NbMthSpent26;NbMthSpent27;NbMthSpent28;NbMthSpent29;NbMthSpent30;NbMthSpent31;NbMthSpent32;NbMthSpent33;NbMthSpent34;NbMthSpent35,0,1554,0.0000000000,verified,Metadata and all row-group footers readable.
data/processed/rdata/github/02_motor_pricing/CASdatasets/data/freT2Pdisprob10__freT2Pdisprob10.parquet,parquet,33267,42,36,NbMthSpent0;NbMthSpent1;NbMthSpent2;NbMthSpent3;NbMthSpent4;NbMthSpent5;NbMthSpent6;NbMthSpent7;NbMthSpent8;NbMthSpent9;NbMthSpent10;NbMthSpent11;NbMthSpent12;NbMthSpent13;NbMthSpent14;NbMthSpent15;NbMthSpent16;NbMthSpent17;NbMthSpent18;NbMthSpent19;NbMthSpent20;NbMthSpent21;NbMthSpent22;NbMthSpent23;NbMthSpent24;NbMthSpent25;NbMthSpent26;NbMthSpent27;NbMthSpent28;NbMthSpent29;NbMthSpent30;NbMthSpent31;NbMthSpent32;NbMthSpent33;NbMthSpent34;NbMthSpent35,0,1512,0.0000000000,verified,Metadata and all row-group footers readable.
data/processed/rdata/github/02_motor_pricing/CASdatasets/data/freT2Pdisprob13__freT2Pdisprob13.parquet,parquet,35293,42,36,NbMthSpent0;NbMthSpent1;NbMthSpent2;NbMthSpent3;NbMthSpent4;NbMthSpent5;NbMthSpent6;NbMthSpent7;NbMthSpent8;NbMthSpent9;NbMthSpent10;NbMthSpent11;NbMthSpent12;NbMthSpent13;NbMthSpent14;NbMthSpent15;NbMthSpent16;NbMthSpent17;NbMthSpent18;NbMthSpent19;NbMthSpent20;NbMthSpent21;NbMthSpent22;NbMthSpent23;NbMthSpent24;NbMthSpent25;NbMthSpent26;NbMthSpent27;NbMthSpent28;NbMthSpent29;NbMthSpent30;NbMthSpent31;NbMthSpent32;NbMthSpent33;NbMthSpent34;NbMthSpent35,0,1512,0.0000000000,verified,Metadata and all row-group footers readable.
data/processed/rdata/github/02_motor_pricing/CASdatasets/data/freT2Tdis10__freT2Tdis10.parquet,parquet,32087,47,38,EntryAge;NbMthSpent0;NbMthSpent1;NbMthSpent2;NbMthSpent3;NbMthSpent4;NbMthSpent5;NbMthSpent6;NbMthSpent7;NbMthSpent8;NbMthSpent9;NbMthSpent10;NbMthSpent11;NbMthSpent12;NbMthSpent13;NbMthSpent14;NbMthSpent15;NbMthSpent16;NbMthSpent17;NbMthSpent18;NbMthSpent19;NbMthSpent20;NbMthSpent21;NbMthSpent22;NbMthSpent23;NbMthSpent24;NbMthSpent25;NbMthSpent26;NbMthSpent27;NbMthSpent28;NbMthSpent29;NbMthSpent30;NbMthSpent31;NbMthSpent32;NbMthSpent33;NbMthSpent34;NbMthSpent35;NbMthSpent36,0,1786,0.0000000000,verified,Metadata and all row-group footers readable.
data/processed/rdata/github/02_motor_pricing/CASdatasets/data/freT2Tdis13__freT2Tdis13.parquet,parquet,32225,45,38,EntryAge;NbMthSpent0;NbMthSpent1;NbMthSpent2;NbMthSpent3;NbMthSpent4;NbMthSpent5;NbMthSpent6;NbMthSpent7;NbMthSpent8;NbMthSpent9;NbMthSpent10;NbMthSpent11;NbMthSpent12;NbMthSpent13;NbMthSpent14;NbMthSpent15;NbMthSpent16;NbMthSpent17;NbMthSpent18;NbMthSpent19;NbMthSpent20;NbMthSpent21;NbMthSpent22;NbMthSpent23;NbMthSpent24;NbMthSpent25;NbMthSpent26;NbMthSpent27;NbMthSpent28;NbMthSpent29;NbMthSpent30;NbMthSpent31;NbMthSpent32;NbMthSpent33;NbMthSpent34;NbMthSpent35;NbMthSpent36,0,1710,0.0000000000,verified,Metadata and all row-group footers readable.
data/processed/rdata/github/02_motor_pricing/CASdatasets/data/freT2Tdisprob10__freT2Tdisprob10.parquet,parquet,16309,1692,3,dim_0;dim_1;value,0,5076,0.0000000000,verified,Metadata and all row-group footers readable.
data/processed/rdata/github/02_motor_pricing/CASdatasets/data/freT2Tdisprob13__freT2Tdisprob13.parquet,parquet,16531,1620,3,dim_0;dim_1;value,0,4860,0.0000000000,verified,Metadata and all row-group footers readable.
data/processed/rdata/github/02_motor_pricing/CASdatasets/data/freTD7377__freTD7377.parquet,parquet,2855,107,2,x;lx,0,214,0.0000000000,verified,Metadata and all row-group footers readable.
data/processed/rdata/github/02_motor_pricing/CASdatasets/data/freTD8890__freTD8890.parquet,parquet,2865,108,2,x;lx,0,216,0.0000000000,verified,Metadata and all row-group footers readable.
data/processed/rdata/github/02_motor_pricing/CASdatasets/data/fretelematic__fretelematic.parquet,parquet,39181,1177,16,Policy_ID;Total_Distance;Drive_Score;Time_Day;Style_Score;Corner_Score;Acceleration_Score;Braking_Score;Total_Night_Time;Total_Time;Acceleration;Brake;Corner;Insured_Gender;Insured_Age;Claim,0,18832,0.0000000000,verified,Metadata and all row-group footers readable.
data/processed/rdata/github/02_motor_pricing/CASdatasets/data/freTF0002__freTF0002.parquet,parquet,2921,114,2,x;lx,0,228,0.0000000000,verified,Metadata and all row-group footers readable.
data/processed/rdata/github/02_motor_pricing/CASdatasets/data/freTGF05__freTGF05.parquet,parquet,110188,121,107,x;lx1900;lx1901;lx1902;lx1903;lx1904;lx1905;lx1906;lx1907;lx1908;lx1909;lx1910;lx1911;lx1912;lx1913;lx1914;lx1915;lx1916;lx1917;lx1918;lx1919;lx1920;lx1921;lx1922;lx1923;lx1924;lx1925;lx1926;lx1927;lx1928;lx1929;lx1930;lx1931;lx1932;lx1933;lx1934;lx1935;lx1936;lx1937;lx1938;lx1939;lx1940;lx1941;lx1942;lx1943;lx1944;lx1945;lx1946;lx1947;lx1948;lx1949;lx1950;lx1951;lx1952;lx1953;lx1954;lx1955;lx1956;lx1957;lx1958;lx1959;lx1960;lx1961;lx1962;lx1963;lx1964;lx1965;lx1966;lx1967;lx1968;lx1969;lx1970;lx1971;lx1972;lx1973;lx1974;lx1975;lx1976;lx1977;lx1978;lx1979;lx1980;lx1981;lx1982;lx1983;lx1984;lx1985;lx1986;lx1987;lx1988;lx1989;lx1990;lx1991;lx1992;lx1993;lx1994;lx1995;lx1996;lx1997;lx1998;lx1999;lx2000;lx2001;lx2002;lx2003;lx2004;lx2005,0,12947,0.0000000000,verified,Metadata and all row-group footers readable.
data/processed/rdata/github/02_motor_pricing/CASdatasets/data/freTGH05__freTGH05.parquet,parquet,109211,121,107,x;lx1900;lx1901;lx1902;lx1903;lx1904;lx1905;lx1906;lx1907;lx1908;lx1909;lx1910;lx1911;lx1912;lx1913;lx1914;lx1915;lx1916;lx1917;lx1918;lx1919;lx1920;lx1921;lx1922;lx1923;lx1924;lx1925;lx1926;lx1927;lx1928;lx1929;lx1930;lx1931;lx1932;lx1933;lx1934;lx1935;lx1936;lx1937;lx1938;lx1939;lx1940;lx1941;lx1942;lx1943;lx1944;lx1945;lx1946;lx1947;lx1948;lx1949;lx1950;lx1951;lx1952;lx1953;lx1954;lx1955;lx1956;lx1957;lx1958;lx1959;lx1960;lx1961;lx1962;lx1963;lx1964;lx1965;lx1966;lx1967;lx1968;lx1969;lx1970;lx1971;lx1972;lx1973;lx1974;lx1975;lx1976;lx1977;lx1978;lx1979;lx1980;lx1981;lx1982;lx1983;lx1984;lx1985;lx1986;lx1987;lx1988;lx1989;lx1990;lx1991;lx1992;lx1993;lx1994;lx1995;lx1996;lx1997;lx1998;lx1999;lx2000;lx2001;lx2002;lx2003;lx2004;lx2005,0,12947,0.0000000000,verified,Metadata and all row-group footers readable.
data/processed/rdata/github/02_motor_pricing/CASdatasets/data/freTH0002__freTH0002.parquet,parquet,2891,112,2,x;lx,0,224,0.0000000000,verified,Metadata and all row-group footers readable.
data/processed/rdata/github/02_motor_pricing/CASdatasets/data/freTPG93full__freTPG93full.parquet,parquet,93079,121,95,x;lx1900;lx1901;lx1902;lx1903;lx1904;lx1905;lx1906;lx1907;lx1908;lx1909;lx1910;lx1911;lx1912;lx1913;lx1914;lx1915;lx1916;lx1917;lx1918;lx1919;lx1920;lx1921;lx1922;lx1923;lx1924;lx1925;lx1926;lx1927;lx1928;lx1929;lx1930;lx1931;lx1932;lx1933;lx1934;lx1935;lx1936;lx1937;lx1938;lx1939;lx1940;lx1941;lx1942;lx1943;lx1944;lx1945;lx1946;lx1947;lx1948;lx1949;lx1950;lx1951;lx1952;lx1953;lx1954;lx1955;lx1956;lx1957;lx1958;lx1959;lx1960;lx1961;lx1962;lx1963;lx1964;lx1965;lx1966;lx1967;lx1968;lx1969;lx1970;lx1971;lx1972;lx1973;lx1974;lx1975;lx1976;lx1977;lx1978;lx1979;lx1980;lx1981;lx1982;lx1983;lx1984;lx1985;lx1986;lx1987;lx1988;lx1989;lx1990;lx1991;lx1992;lx1993,0,11495,0.0000000000,verified,Metadata and all row-group footers readable.
data/processed/rdata/github/02_motor_pricing/CASdatasets/data/fretplclaimnumber__fretplclaimnumber.parquet,parquet,3665558,678013,3,policy.id;claim.number;driver.age,0,2034039,0.0000000000,verified,Metadata and all row-group footers readable.
data/processed/rdata/github/02_motor_pricing/CASdatasets/data/freTPRV93__freTPRV93.parquet,parquet,2935,115,2,x;lx,0,230,0.0000000000,verified,Metadata and all row-group footers readable.
data/processed/rdata/github/02_motor_pricing/CASdatasets/data/fretri1auto9605__fretri1auto9605.parquet,parquet,42731,1,6,damage.paid;damage.incur;body.paid;body.incur;total.paid;total.incur,0,6,0.0000000000,verified,Metadata and all row-group footers readable.
data/processed/rdata/github/02_motor_pricing/CASdatasets/data/fretri1dis1418__fretri1dis1418.parquet,parquet,29095,60,40,1;2;3;4;5;6;7;8;9;10;11;12;13;14;15;16;17;18;19;20;21;22;23;24;25;26;27;28;29;30;31;32;33;34;35;36;37;38;39;40,780,2400,0.3250000000,verified,Metadata and all row-group footers readable.
data/processed/rdata/github/02_motor_pricing/CASdatasets/data/fretri1TPL9207__fretri1TPL9207.parquet,parquet,3797,400,3,dim_0;dim_1;value,190,1200,0.1583333333,verified,Metadata and all row-group footers readable.
data/processed/rdata/github/02_motor_pricing/CASdatasets/data/fretri2auto9605__fretri2auto9605.parquet,parquet,41076,1,6,damage.paid;damage.incur;body.paid;body.incur;total.paid;total.incur,0,6,0.0000000000,verified,Metadata and all row-group footers readable.
data/processed/rdata/github/02_motor_pricing/CASdatasets/data/fretri3auto9605__fretri3auto9605.parquet,parquet,40828,1,6,damage.paid;damage.incur;body.paid;body.incur;total.paid;total.incur,0,6,0.0000000000,verified,Metadata and all row-group footers readable.
data/processed/rdata/github/02_motor_pricing/CASdatasets/data/fretri4auto9403__fretri4auto9403.parquet,parquet,40962,1,6,damage.paid;damage.incur;body.paid;body.incur;total.paid;total.incur,0,6,0.0000000000,verified,Metadata and all row-group footers readable.
data/processed/rdata/github/02_motor_pricing/CASdatasets/data/freTV7377__freTV7377.parquet,parquet,2849,107,2,x;lx,0,214,0.0000000000,verified,Metadata and all row-group footers readable.
data/processed/rdata/github/02_motor_pricing/CASdatasets/data/freTV8890__freTV8890.parquet,parquet,2886,112,2,x;lx,0,224,0.0000000000,verified,Metadata and all row-group footers readable.
data/processed/rdata/github/02_motor_pricing/CASdatasets/data/hurricanehist__hurricanehist.parquet,parquet,24108,2010,8,Year;Region;Windmax;NAO;SOI;SST;SSTmda;sun,0,16080,0.0000000000,verified,Metadata and all row-group footers readable.
data/processed/rdata/github/02_motor_pricing/CASdatasets/data/ICB1__ICB1.parquet,parquet,190320,5822,86,MOSTYPE;MAANTHUI;MGEMOMV;MGEMLEEF;MOSHOOFD;MGODRK;MGODPR;MGODOV;MGODGE;MRELGE;MRELSA;MRELOV;MFALLEEN;MFGEKIND;MFWEKIND;MOPLHOOG;MOPLMIDD;MOPLLAAG;MBERHOOG;MBERZELF;MBERBOER;MBERMIDD;MBERARBG;MBERARBO;MSKA;MSKB1;MSKB2;MSKC;MSKD;MHHUUR;MHKOOP;MAUT1;MAUT2;MAUT0;MZFONDS;MZPART;MINKM30;MINK3045;MINK4575;MINK7512;MINK123M;MINKGEM;MKOOPKLA;PWAPART;PWABEDR;PWALAND;PPERSAUT;PBESAUT;PMOTSCO;PVRAAUT;PAANHANG;PTRACTOR;PWERKT;PBROM;PLEVEN;PPERSONG;PGEZONG;PWAOREG;PBRAND;PZEILPL;PPLEZIER;PFIETS;PINBOED;PBYSTAND;AWAPART;AWABEDR;AWALAND;APERSAUT;ABESAUT;AMOTSCO;AVRAAUT;AAANHANG;ATRACTOR;AWERKT;ABROM;ALEVEN;APERSONG;AGEZONG;AWAOREG;ABRAND;AZEILPL;APLEZIER;AFIETS;AINBOED;ABYSTAND;CARAVAN,0,500692,0.0000000000,verified,Metadata and all row-group footers readable.
data/processed/rdata/github/02_motor_pricing/CASdatasets/data/ICB2__ICB2.parquet,parquet,145751,4000,85,MOSTYPE;MAANTHUI;MGEMOMV;MGEMLEEF;MOSHOOFD;MGODRK;MGODPR;MGODOV;MGODGE;MRELGE;MRELSA;MRELOV;MFALLEEN;MFGEKIND;MFWEKIND;MOPLHOOG;MOPLMIDD;MOPLLAAG;MBERHOOG;MBERZELF;MBERBOER;MBERMIDD;MBERARBG;MBERARBO;MSKA;MSKB1;MSKB2;MSKC;MSKD;MHHUUR;MHKOOP;MAUT1;MAUT2;MAUT0;MZFONDS;MZPART;MINKM30;MINK3045;MINK4575;MINK7512;MINK123M;MINKGEM;MKOOPKLA;PWAPART;PWABEDR;PWALAND;PPERSAUT;PBESAUT;PMOTSCO;PVRAAUT;PAANHANG;PTRACTOR;PWERKT;PBROM;PLEVEN;PPERSONG;PGEZONG;PWAOREG;PBRAND;PZEILPL;PPLEZIER;PFIETS;PINBOED;PBYSTAND;AWAPART;AWABEDR;AWALAND;APERSAUT;ABESAUT;AMOTSCO;AVRAAUT;AAANHANG;ATRACTOR;AWERKT;ABROM;ALEVEN;APERSONG;AGEZONG;AWAOREG;ABRAND;AZEILPL;APLEZIER;AFIETS;AINBOED;ABYSTAND,0,340000,0.0000000000,verified,Metadata and all row-group footers readable.
data/processed/rdata/github/02_motor_pricing/CASdatasets/data/itamtplcost__itamtplcost.parquet,parquet,8214,457,2,Date;UltimateCost,0,914,0.0000000000,verified,Metadata and all row-group footers readable.
data/processed/rdata/github/02_motor_pricing/CASdatasets/data/linearmodelfactor__linearmodelfactor.parquet,parquet,2984,40,3,X;Y;Z,0,120,0.0000000000,verified,Metadata and all row-group footers readable.
data/processed/rdata/github/02_motor_pricing/CASdatasets/data/lossalae__lossalae.parquet,parquet,13323,1500,2,Loss;ALAE,0,3000,0.0000000000,verified,Metadata and all row-group footers readable.
data/processed/rdata/github/02_motor_pricing/CASdatasets/data/lossalaefull__lossalaefull.parquet,parquet,15635,1500,4,Loss;ALAE;Limit;Censored,148,6000,0.0246666667,verified,Metadata and all row-group footers readable.
data/processed/rdata/github/02_motor_pricing/CASdatasets/data/norauto__norauto.parquet,parquet,481996,183999,7,Male;Young;DistLimit;GeoRegion;Expo;ClaimAmount;NbClaim,0,1287993,0.0000000000,verified,Metadata and all row-group footers readable.
data/processed/rdata/github/02_motor_pricing/CASdatasets/data/Norberg__Norberg.parquet,parquet,2376,200,3,dim_0;dim_1;value,0,600,0.0000000000,verified,Metadata and all row-group footers readable.
data/processed/rdata/github/02_motor_pricing/CASdatasets/data/norfire__norfire.parquet,parquet,100852,9181,3,Year;Loss;Loss2012,0,27543,0.0000000000,verified,Metadata and all row-group footers readable.
data/processed/rdata/github/02_motor_pricing/CASdatasets/data/nortritpl8800__nortritpl8800.parquet,parquet,43691,1,5,countbyrepdel;paidbyrepdel;incurbyrepdel;paidbydel;incurbydel,0,5,0.0000000000,verified,Metadata and all row-group footers readable.
data/processed/rdata/github/02_motor_pricing/CASdatasets/data/nzcathist__nzcathist.parquet,parquet,14089,145,10,Year;Quarter;Date;FirstDay;Event;Type;Location;OriginalCost;NormCost2011;NormCost2014,62,1450,0.0427586207,verified,Metadata and all row-group footers readable.
data/processed/rdata/github/02_motor_pricing/CASdatasets/data/pg15pricing__pg15pricing.parquet,parquet,560137,36311,15,PolNum;CalYear;Gender;Type;Category;Occupation;Age;Group1;Bonus;Poldur;Value;Adind;SubGroup2;Group2;Density,0,544665,0.0000000000,verified,Metadata and all row-group footers readable.
data/processed/rdata/github/02_motor_pricing/CASdatasets/data/pg15training__pg15training.parquet,parquet,1822706,100021,20,PolNum;CalYear;Gender;Type;Category;Occupation;Age;Group1;Bonus;Poldur;Value;Adind;SubGroup2;Group2;Density;Exppdays;Numtppd;Numtpbi;Indtppd;Indtpbi,0,2000420,0.0000000000,verified,Metadata and all row-group footers readable.
data/processed/rdata/github/02_motor_pricing/CASdatasets/data/pg16test__pg16test.parquet,parquet,488628,32772,21,Year;BeginDate;EndDate;PolicyAgeCateg;CompanyCreation;FleetMgt;Area;FleetSizeCateg;PayFreq;Exposure;VehiclAge;Deduc;VehiclNb;SumInsured;PolicyCateg;VehiclCateg;PolicyID;BusinessType;ChannelDist;VehiclPower;LicNb,0,688212,0.0000000000,verified,Metadata and all row-group footers readable.
data/processed/rdata/github/02_motor_pricing/CASdatasets/data/pg16trainclaim__pg16trainclaim.parquet,parquet,113634,4568,9,BeginDate;Year;EndDate;DirectComp;CompRate;SettlYear;ClaimCharge;PolicyID;LicNb,0,41112,0.0000000000,verified,Metadata and all row-group footers readable.
data/processed/rdata/github/02_motor_pricing/CASdatasets/data/pg16trainpol__pg16trainpol.parquet,parquet,1186821,87228,22,Year;BeginDate;EndDate;PolicyAgeCateg;CompanyCreation;FleetMgt;Area;FleetSizeCateg;PayFreq;Exposure;VehiclAge;Deduc;VehiclNb;SumInsured;PolicyCateg;VehiclCateg;PolicyID;BusinessType;ChannelDist;VehiclPower;ClaimNb;LicNb,0,1919016,0.0000000000,verified,Metadata and all row-group footers readable.
data/processed/rdata/github/02_motor_pricing/CASdatasets/data/pg17testyear1__pg17testyear1.parquet,parquet,3429596,100000,31,id_client;id_vehicle;id_policy;id_year;pol_bonus;pol_coverage;pol_duration;pol_sit_duration;pol_pay_freq;pol_payd;pol_usage;pol_insee_code;drv_drv2;drv_age1;drv_age2;drv_sex1;drv_sex2;drv_age_lic1;drv_age_lic2;vh_age;vh_cyl;vh_din;vh_fuel;vh_make;vh_model;vh_sale_begin;vh_sale_end;vh_speed;vh_type;vh_value;vh_weight,0,3100000,0.0000000000,verified,Metadata and all row-group footers readable.
data/processed/rdata/github/02_motor_pricing/CASdatasets/data/pg17testyear2__pg17testyear2.parquet,parquet,3427530,100000,31,id_client;id_vehicle;id_policy;id_year;pol_bonus;pol_coverage;pol_duration;pol_sit_duration;pol_pay_freq;pol_payd;pol_usage;pol_insee_code;drv_drv2;drv_age1;drv_age2;drv_sex1;drv_sex2;drv_age_lic1;drv_age_lic2;vh_age;vh_cyl;vh_din;vh_fuel;vh_make;vh_model;vh_sale_begin;vh_sale_end;vh_speed;vh_type;vh_value;vh_weight,0,3100000,0.0000000000,verified,Metadata and all row-group footers readable.
data/processed/rdata/github/02_motor_pricing/CASdatasets/data/pg17testyear3__pg17testyear3.parquet,parquet,3424636,100000,31,id_client;id_vehicle;id_policy;id_year;pol_bonus;pol_coverage;pol_duration;pol_sit_duration;pol_pay_freq;pol_payd;pol_usage;pol_insee_code;drv_drv2;drv_age1;drv_age2;drv_sex1;drv_sex2;drv_age_lic1;drv_age_lic2;vh_age;vh_cyl;vh_din;vh_fuel;vh_make;vh_model;vh_sale_begin;vh_sale_end;vh_speed;vh_type;vh_value;vh_weight,0,3100000,0.0000000000,verified,Metadata and all row-group footers readable.
data/processed/rdata/github/02_motor_pricing/CASdatasets/data/pg17testyear4__pg17testyear4.parquet,parquet,3420741,100000,31,id_client;id_vehicle;id_policy;id_year;pol_bonus;pol_coverage;pol_duration;pol_sit_duration;pol_pay_freq;pol_payd;pol_usage;pol_insee_code;drv_drv2;drv_age1;drv_age2;drv_sex1;drv_sex2;drv_age_lic1;drv_age_lic2;vh_age;vh_cyl;vh_din;vh_fuel;vh_make;vh_model;vh_sale_begin;vh_sale_end;vh_speed;vh_type;vh_value;vh_weight,0,3100000,0.0000000000,verified,Metadata and all row-group footers readable.
data/processed/rdata/github/02_motor_pricing/CASdatasets/data/pg17trainclaim__pg17trainclaim.parquet,parquet,172044,14243,6,id_client;id_vehicle;id_year;id_claim;claim_nb;claim_amount,0,85458,0.0000000000,verified,Metadata and all row-group footers readable.
data/processed/rdata/github/02_motor_pricing/CASdatasets/data/pg17trainpol__pg17trainpol.parquet,parquet,3432402,100000,31,id_client;id_vehicle;id_policy;id_year;pol_bonus;pol_coverage;pol_duration;pol_sit_duration;pol_pay_freq;pol_payd;pol_usage;pol_insee_code;drv_drv2;drv_age1;drv_age2;drv_sex1;drv_sex2;drv_age_lic1;drv_age_lic2;vh_age;vh_cyl;vh_din;vh_fuel;vh_make;vh_model;vh_sale_begin;vh_sale_end;vh_speed;vh_type;vh_value;vh_weight,1,3100000,0.0000003226,verified,Metadata and all row-group footers readable.
data/processed/rdata/github/02_motor_pricing/CASdatasets/data/PnCdemand__PnCdemand.parquet,parquet,30637,154,22,Name;Country;Time;GNPCAP;NewMEAS;RiskAversion;Protect;PopDens;Urban;LegalSyst;CPI;Auto;Transport;Freight;FireProp;PecLoss;GenLiab;AccSick;OtherNL;MRATE;NumAcc;Population,271,3388,0.0799881936,verified,Metadata and all row-group footers readable.
data/processed/rdata/github/02_motor_pricing/CASdatasets/data/sgautoBI9301__sgautoBI9301.parquet,parquet,2617,81,3,origin;dev;value,36,243,0.1481481481,verified,Metadata and all row-group footers readable.
data/processed/rdata/github/02_motor_pricing/CASdatasets/data/sgautonb__sgautonb.parquet,parquet,42069,7483,15,SexInsured;Female;VehicleType;PC;Clm_Count;Exp_weights;LNWEIGHT;NCD;AgeCat;AutoAge0;AutoAge1;AutoAge2;AutoAge;VAgeCat;VAgecat1,0,112245,0.0000000000,verified,Metadata and all row-group footers readable.
data/processed/rdata/github/02_motor_pricing/CASdatasets/data/sgautoprop9701__sgautoprop9701.parquet,parquet,2315,25,3,origin;dev;value,10,75,0.1333333333,verified,Metadata and all row-group footers readable.
data/processed/rdata/github/02_motor_pricing/CASdatasets/data/SOAGMI__SOAGMI.parquet,parquet,496533,75789,1,Loss,0,75789,0.0000000000,verified,Metadata and all row-group footers readable.
data/processed/rdata/github/02_motor_pricing/CASdatasets/data/spacedata__spacedata.parquet,parquet,45898,1698,16,Event;EventDate;MissionType;InitOrbit;OrbitRange;Position;ContractLife;Sector;IsCommercial;Mass;RetireDate;TotalFailDate;PartialFailDate;AnyFailDate;OperLifeTime;Censored,6222,27168,0.2290194346,verified,Metadata and all row-group footers readable.
data/processed/rdata/github/02_motor_pricing/CASdatasets/data/swautoins__swautoins.parquet,parquet,31628,2182,7,Kilometres;Zone;Bonus;Make;Insured;Claims;Payment,0,15274,0.0000000000,verified,Metadata and all row-group footers readable.
data/processed/rdata/github/02_motor_pricing/CASdatasets/data/swbusscase__swbusscase.parquet,parquet,21677,1542,7,IDpol;Area;BusAgeClass;ObsNb;ClaimNb;AggClaim;Exposure,926,10794,0.0857884010,verified,Metadata and all row-group footers readable.
data/processed/rdata/github/02_motor_pricing/CASdatasets/data/swmotorcycle__swmotorcycle.parquet,parquet,205118,64548,9,OwnerAge;Gender;Area;RiskClass;VehAge;BonusClass;Exposure;ClaimNb;ClaimAmount,0,580932,0.0000000000,verified,Metadata and all row-group footers readable.
data/processed/rdata/github/02_motor_pricing/CASdatasets/data/swtri1auto__swtri1auto.parquet,parquet,13968,1,2,inc;paid,0,2,0.0000000000,verified,Metadata and all row-group footers readable.
data/processed/rdata/github/02_motor_pricing/CASdatasets/data/ukaggclaim__ukaggclaim.parquet,parquet,4675,128,5,OwnerAge;Model;CarAge;NClaims;AvCost,5,640,0.0078125000,verified,Metadata and all row-group footers readable.
data/processed/rdata/github/02_motor_pricing/CASdatasets/data/ukautocoll__ukautocoll.parquet,parquet,3571,32,4,Age;Vehicle_Use;Severity;Claim_Count,0,128,0.0000000000,verified,Metadata and all row-group footers readable.
data/processed/rdata/github/02_motor_pricing/CASdatasets/data/usautoBI__usautoBI.parquet,parquet,22265,1340,8,CASENUM;ATTORNEY;CLMSEX;MARITAL;CLMINSUR;SEATBELT;CLMAGE;LOSS,306,10720,0.0285447761,verified,Metadata and all row-group footers readable.
data/processed/rdata/github/02_motor_pricing/CASdatasets/data/usautotri9504__usautotri9504.parquet,parquet,2595,100,3,origin;dev;value,45,300,0.1500000000,verified,Metadata and all row-group footers readable.
data/processed/rdata/github/02_motor_pricing/CASdatasets/data/usexpense__usexpense.parquet,parquet,47122,384,15,CompanyName;Group;Mutual;Stock;RBC;Expenses;StaffWage;AgentWage;LongLoss;ShortLoss;GWPpersonal;GWPcommercial;Assets;Cash;LiqRatio,19,5760,0.0032986111,verified,Metadata and all row-group footers readable.
data/processed/rdata/github/02_motor_pricing/CASdatasets/data/ushu17annualloss__ushu17annualloss.parquet,parquet,4746,118,3,Year;PL18 Sum for Year;CL18 Sum for Year,0,354,0.0000000000,verified,Metadata and all row-group footers readable.
data/processed/rdata/github/02_motor_pricing/CASdatasets/data/ushu17inflation__ushu17inflation.parquet,parquet,15567,119,9,Year;Implicit Price Deflator;Multiplier;Wealth;Real wealth (2018 base);Real Wealth Per Capita;Real Wealth Per Capita Multiplier;Real Wealth Per Housing Unit;Real Wealth Per Housing Unit Multiplier,0,1071,0.0000000000,verified,Metadata and all row-group footers readable.
data/processed/rdata/github/02_motor_pricing/CASdatasets/data/ushu17population__ushu17population.parquet,parquet,22027,207,11,Storm ID;Year;Storm Name;Original Population;2018 Population;Population Multiplier;Original Housing Units;2018 Housing Units;Housing Units Multiplier;Population;Housing Units,262,2277,0.1150636803,verified,Metadata and all row-group footers readable.
data/processed/rdata/github/02_motor_pricing/CASdatasets/data/ushu17stormloss__ushu17stormloss.parquet,parquet,13015,197,8,Year;Storm ID;Storm Name;Catgeory;State;Base Economic Damage;Normalized PL 2018;Normalized CL 2018,119,1576,0.0755076142,verified,Metadata and all row-group footers readable.
data/processed/rdata/github/02_motor_pricing/CASdatasets/data/ushu18ICAT__ushu18ICAT.parquet,parquet,25059,247,13,ATCF_ID;name;basedamage;ATD;ND;lf_ISO_TIME;lf_wind;lf_pressure;lf_state;WPC;population;lf_lat;lf_lon,4,3211,0.0012457178,verified,Metadata and all row-group footers readable.
data/processed/rdata/github/02_motor_pricing/CASdatasets/data/ushu18NCEI__ushu18NCEI.parquet,parquet,11104,35,13,ATCF_ID;name;basedamage;ATD;CPI;lf_ISO_TIME;lf_wind;lf_pressure;lf_state;WPC;population;lf_lat;lf_lon,3,455,0.0065934066,verified,Metadata and all row-group footers readable.
data/processed/rdata/github/02_motor_pricing/CASdatasets/data/ushu18W__ushu18W.parquet,parquet,23743,197,14,ATCF_ID;name;basedamage;ATD;ND;lf_ISO_TIME;lf_wind;lf_pressure;lf_state;WPC;population;lf_lat;lf_lon;Storm ID,172,2758,0.0623640319,verified,Metadata and all row-group footers readable.
data/processed/rdata/github/02_motor_pricing/CASdatasets/data/ushustormloss4980__ushustormloss4980.parquet,parquet,1537,35,1,NormLoss80,0,35,0.0000000000,verified,Metadata and all row-group footers readable.
data/processed/rdata/github/02_motor_pricing/CASdatasets/data/uslapseagent__uslapseagent.parquet,parquet,257467,29317,15,issue.date;duration;acc.death.rider;gender;premium.frequency;risk.state;underwriting.age;living.place;annual.premium;DJIA;termination.cause;surrender;death;other;allcause,0,439755,0.0000000000,verified,Metadata and all row-group footers readable.
data/processed/rdata/github/02_motor_pricing/CASdatasets/data/usmassBI2__usmassBI2.parquet,parquet,8404,174,5,TOWNCODE;YEAR;AC;PCI;PPSM,0,870,0.0000000000,verified,Metadata and all row-group footers readable.
data/processed/rdata/github/02_motor_pricing/CASdatasets/data/usmassBI__usmassBI.parquet,parquet,7270,348,4,claims;provider;providerA;logclaims,0,1392,0.0000000000,verified,Metadata and all row-group footers readable.
data/processed/rdata/github/02_motor_pricing/CASdatasets/data/usmedclaim__usmedclaim.parquet,parquet,10216,36,15,members;month;DY1;DY2;DY3;DY4;DY5;DY6;DY7;DY8;DY9;DY10;DY11;DY12;DY13,78,540,0.1444444444,verified,Metadata and all row-group footers readable.
data/processed/rdata/github/02_motor_pricing/CASdatasets/data/usMSHA1316__usMSHA1316.parquet,parquet,1199607,53746,20,YEAR;US_STATE;COMMODITY;PRIMARY;SEAM_HEIGHT;TYPE_OF_MINE;MINE_STATUS;AVG_EMP_TOTAL;EMP_HRS_TOTAL;PCT_HRS_UNDERGROUND;PCT_HRS_SURFACE;PCT_HRS_STRIP;PCT_HRS_AUGER;PCT_HRS_CULM_BANK;PCT_HRS_DREDGE;PCT_HRS_OTHER_SURFACE;PCT_HRS_SHOP_YARD;PCT_HRS_MILL_PREP;PCT_HRS_OFFICE;NUM_INJURIES,31,1074920,0.0000288394,verified,Metadata and all row-group footers readable.
data/processed/rdata/github/02_motor_pricing/CASdatasets/data/usMVTA__usMVTA.parquet,parquet,31732187,1583520,49,ST_CASE;VEH_NO;PER_NO;AGE;GENDER;YEAR;SOURCE;PER_TYP;INJ_SEV;DRINKING;DRUGS;NUMOCCS;MAKE;MODEL;MOD_YEAR;HIT_RUN;BODY_TYP;DEFORMED;SPEC_USE;TRAV_SP;DR_ZIP;SPEEDREL;DR_SF1;HARM_EV;HOUR;WEATHER;STRATUM;REGION;PSU;PJ;WEIGHT;NUM_VEH;MAX_SEV;MAKEMODEL;COUNTYNAME;STATENAME;SEG;MARITAL;POP2018;RACE;PREV;DR_DRINK;CDL_STAT;PREV_ACC;PREV_SUS;PREV_DWI;PREV_SPD;COUNTY;ZCTA,16683362,77592480,0.2150126146,verified,Metadata and all row-group footers readable.
data/processed/rdata/github/02_motor_pricing/CASdatasets/data/usprivautoclaim__usprivautoclaim.parquet,parquet,56891,6773,5,STATE;CLASS;GENDER;AGE;PAID,0,33865,0.0000000000,verified,Metadata and all row-group footers readable.
data/processed/rdata/github/02_motor_pricing/CASdatasets/data/usquakeLR__usquakeLR.parquet,parquet,1963,24,2,Year;LossRatio,0,48,0.0000000000,verified,Metadata and all row-group footers readable.
data/processed/rdata/github/02_motor_pricing/CASdatasets/data/usreauto8700__usreauto8700.parquet,parquet,3200,196,3,orig;dev;value,91,588,0.1547619048,verified,Metadata and all row-group footers readable.
data/processed/rdata/github/02_motor_pricing/CASdatasets/data/usreGL8190__usreGL8190.parquet,parquet,2567,100,3,origin;dev;value,45,300,0.1500000000,verified,Metadata and all row-group footers readable.
data/processed/rdata/github/02_motor_pricing/CASdatasets/data/usreGL8700__usreGL8700.parquet,parquet,3008,196,3,origin;dev;value,91,588,0.1547619048,verified,Metadata and all row-group footers readable.
data/processed/rdata/github/02_motor_pricing/CASdatasets/data/ustermlife__ustermlife.parquet,parquet,18739,500,18,Gender;Age;MarStat;Education;Ethnicity;SmarStat;Sgender;Sage;Seducation;NumHH;Income;TotIncome;Charity;Face;FaceCVLifePol;CashCVLifePol;BorrowCVLifePol;NetValue,0,9000,0.0000000000,verified,Metadata and all row-group footers readable.
data/processed/rdata/github/02_motor_pricing/CASdatasets/data/ustri1fire__ustri1fire.parquet,parquet,6892,1,2,inc;paid,0,2,0.0000000000,verified,Metadata and all row-group footers readable.
data/processed/rdata/github/02_motor_pricing/CASdatasets/data/ustri2GL__ustri2GL.parquet,parquet,19763,1,3,comauto;home;work,0,3,0.0000000000,verified,Metadata and all row-group footers readable.
data/processed/rdata/github/02_motor_pricing/CASdatasets/data/uswarrantaggnum__uswarrantaggnum.parquet,parquet,1872,6,2,PolicyNumber;ClaimNumber,0,12,0.0000000000,verified,Metadata and all row-group footers readable.
data/processed/rdata/github/02_motor_pricing/CASdatasets/data/usworkcomp__usworkcomp.parquet,parquet,14317,847,4,CL;YR;PR;LOSS,0,3388,0.0000000000,verified,Metadata and all row-group footers readable.
data/processed/rdata/github/02_motor_pricing/CASdatasets/data/usworkcomptri8807__usworkcomptri8807.parquet,parquet,4159,420,3,origin;dev;value,190,1260,0.1507936508,verified,Metadata and all row-group footers readable.
data/processed/rdata/github/02_motor_pricing/CASdatasets/geodata/brgeomunic_sf__brgeomunic_sf.parquet,parquet,9855535,5566,5,COD_MUN;geometry;StateCode;COD_MUN_last3;COD_MUN_last4,0,27830,0.0000000000,verified,Metadata and all row-group footers readable.
data/processed/rdata/github/02_motor_pricing/CASdatasets/geodata/fredpt17__fredpt17.parquet,parquet,489568,96,2,DEPT;geometry,0,192,0.0000000000,verified,Metadata and all row-group footers readable.
data/processed/rdata/github/02_motor_pricing/CASdatasets/geodata/fremuni17__fremuni17.parquet,parquet,9593875,36571,5,PK_UID;INSEE_COM;NOM_COM;DEPT;geometry,0,182855,0.0000000000,verified,Metadata and all row-group footers readable.
data/processed/rdata/github/03_oprisk/cran_copula/inst/rData/retstable_CPU2__alpha.parquet,parquet,1264,11,1,value,0,11,0.0000000000,verified,Metadata and all row-group footers readable.
data/processed/rdata/github/03_oprisk/cran_copula/inst/rData/retstable_CPU2__CPU.c.parquet,parquet,6907,1232,5,alpha;V0;h;meth;value,0,6160,0.0000000000,verified,Metadata and all row-group footers readable.
data/processed/rdata/github/03_oprisk/cran_copula/inst/rData/retstable_CPU2__h.parquet,parquet,1231,7,1,value,0,7,0.0000000000,verified,Metadata and all row-group footers readable.
data/processed/rdata/github/03_oprisk/cran_copula/inst/rData/retstable_CPU2__KS.pval.parquet,parquet,6140,616,4,alpha;V0;h;value,0,2464,0.0000000000,verified,Metadata and all row-group footers readable.
data/processed/rdata/github/03_oprisk/cran_copula/inst/rData/retstable_CPU2__meth.parquet,parquet,1131,2,1,value,0,2,0.0000000000,verified,Metadata and all row-group footers readable.
data/processed/rdata/github/03_oprisk/cran_copula/inst/rData/retstable_CPU2__nsim.parquet,parquet,1200,1,1,value,0,1,0.0000000000,verified,Metadata and all row-group footers readable.
data/processed/rdata/github/03_oprisk/cran_copula/inst/rData/retstable_CPU2__tt.pval.parquet,parquet,14920,1232,5,alpha;V0;h;meth;value,0,6160,0.0000000000,verified,Metadata and all row-group footers readable.
data/processed/rdata/github/03_oprisk/cran_copula/inst/rData/retstable_CPU2__V0.parquet,parquet,1239,8,1,value,0,8,0.0000000000,verified,Metadata and all row-group footers readable.
data/processed/rdata/github/03_oprisk/cran_copula/inst/rData/retstable_Nstat__alphas.parquet,parquet,1251,9,1,value,0,9,0.0000000000,verified,Metadata and all row-group footers readable.
data/processed/rdata/github/03_oprisk/cran_copula/inst/rData/retstable_Nstat__nSim.parquet,parquet,1200,1,1,value,0,1,0.0000000000,verified,Metadata and all row-group footers readable.
data/processed/rdata/github/03_oprisk/cran_copula/inst/rData/retstable_Nstat__Nstat.parquet,parquet,365977,267264,4,dim_0;dim_1;dim_2;value,0,1069056,0.0000000000,verified,Metadata and all row-group footers readable.
data/processed/rdata/github/03_oprisk/cran_copula/inst/rData/retstable_Nstat__V0s.parquet,parquet,1358,29,1,value,0,29,0.0000000000,verified,Metadata and all row-group footers readable.
data/processed/rdata/github/03_oprisk/cran_copula/inst/rData/retstable_st2__alpha.parquet,parquet,1264,11,1,value,0,11,0.0000000000,verified,Metadata and all row-group footers readable.
data/processed/rdata/github/03_oprisk/cran_copula/inst/rData/retstable_st2__h.parquet,parquet,1231,7,1,value,0,7,0.0000000000,verified,Metadata and all row-group footers readable.
data/processed/rdata/github/03_oprisk/cran_copula/inst/rData/retstable_st2__meth.parquet,parquet,1131,2,1,value,0,2,0.0000000000,verified,Metadata and all row-group footers readable.
data/processed/rdata/github/03_oprisk/cran_copula/inst/rData/retstable_st2__nsim.parquet,parquet,1200,1,1,value,0,1,0.0000000000,verified,Metadata and all row-group footers readable.
data/processed/rdata/github/03_oprisk/cran_copula/inst/rData/retstable_st2__V0.parquet,parquet,1239,8,1,value,0,8,0.0000000000,verified,Metadata and all row-group footers readable.
data/processed/rdata/github/03_oprisk/cran_rugarch/data/dji30ret__dji30ret.parquet,parquet,1469397,5521,30,AA;AXP;BA;BAC;C;CAT;CVX;DD;DIS;GE;GM;HD;HPQ;IBM;INTC;JNJ;JPM;AIG;KO;MCD;MMM;MRK;MSFT;PFE;PG;T;UTX;VZ;WMT;XOM,0,165630,0.0000000000,verified,Metadata and all row-group footers readable.
data/processed/rdata/github/03_oprisk/cran_rugarch/data/dmbp__dmbp.parquet,parquet,20424,1974,2,V1;V2,0,3948,0.0000000000,verified,Metadata and all row-group footers readable.
data/processed/rdata/github/03_oprisk/cran_rugarch/data/sp500ret__sp500ret.parquet,parquet,54360,5523,1,SP500RET,0,5523,0.0000000000,verified,Metadata and all row-group footers readable.
data/processed/rdata/github/03_oprisk/cran_rugarch/data/spyreal__spyreal.parquet,parquet,45062,3324,3,dim_0;dim_1;value,0,9972,0.0000000000,verified,Metadata and all row-group footers readable.
data/processed/r_native_fallback/brgeomunic_sp__brgeomunic_sp.R.txt,R-dput-text,33023446,,,,,,,verified_non_tabular,Intrinsically non-tabular package object preserved with base-R dput.
data/processed/r_native_fallback/retstable_st2__alpha.R.txt,R-dput-text,60,,,,,,,verified_non_tabular,Intrinsically non-tabular package object preserved with base-R dput.
data/processed/r_native_fallback/retstable_st2__h.R.txt,R-dput-text,32,,,,,,,verified_non_tabular,Intrinsically non-tabular package object preserved with base-R dput.
data/processed/r_native_fallback/retstable_st2__meth.R.txt,R-dput-text,15,,,,,,,verified_non_tabular,Intrinsically non-tabular package object preserved with base-R dput.
data/processed/r_native_fallback/retstable_st2__nsim.R.txt,R-dput-text,7,,,,,,,verified_non_tabular,Intrinsically non-tabular package object preserved with base-R dput.
data/processed/r_native_fallback/retstable_st2__St.c.R.txt,R-dput-text,108871,,,,,,,verified_non_tabular,Intrinsically non-tabular package object preserved with base-R dput.
data/processed/r_native_fallback/retstable_st2__V0.R.txt,R-dput-text,32,,,,,,,verified_non_tabular,Intrinsically non-tabular package object preserved with base-R dput.
data/processed/r_native_fallback/sysdata__.claytonRhoNeg.R.txt,R-dput-text,50303,,,,,,,verified_non_tabular,Intrinsically non-tabular package object preserved with base-R dput.
data/processed/r_native_fallback/sysdata__.claytonRhoPos.R.txt,R-dput-text,47658,,,,,,,verified_non_tabular,Intrinsically non-tabular package object preserved with base-R dput.
data/processed/r_native_fallback/sysdata__.galambosRho.R.txt,R-dput-text,46934,,,,,,,verified_non_tabular,Intrinsically non-tabular package object preserved with base-R dput.
data/processed/r_native_fallback/sysdata__.galambosTau.R.txt,R-dput-text,46393,,,,,,,verified_non_tabular,Intrinsically non-tabular package object preserved with base-R dput.
data/processed/r_native_fallback/sysdata__.gumbelRho.R.txt,R-dput-text,46500,,,,,,,verified_non_tabular,Intrinsically non-tabular package object preserved with base-R dput.
data/processed/r_native_fallback/sysdata__.huslerReissRho.R.txt,R-dput-text,47372,,,,,,,verified_non_tabular,Intrinsically non-tabular package object preserved with base-R dput.
data/processed/r_native_fallback/sysdata__.huslerReissTau.R.txt,R-dput-text,47846,,,,,,,verified_non_tabular,Intrinsically non-tabular package object preserved with base-R dput.
data/processed/r_native_fallback/sysdata__.lob_12.R.txt,R-dput-text,15,,,,,,,verified_non_tabular,Intrinsically non-tabular package object preserved with base-R dput.
data/processed/r_native_fallback/sysdata__.lob_34.R.txt,R-dput-text,15,,,,,,,verified_non_tabular,Intrinsically non-tabular package object preserved with base-R dput.
data/processed/r_native_fallback/sysdata__.parameters.R.txt,R-dput-text,15,,,,,,,verified_non_tabular,Intrinsically non-tabular package object preserved with base-R dput.
data/processed/r_native_fallback/sysdata__.plackettTau.R.txt,R-dput-text,74198,,,,,,,verified_non_tabular,Intrinsically non-tabular package object preserved with base-R dput.
data/processed/r_native_fallback/sysdata__.tevRho.R.txt,R-dput-text,46720,,,,,,,verified_non_tabular,Intrinsically non-tabular package object preserved with base-R dput.
data/processed/r_native_fallback/sysdata__.tevTau.R.txt,R-dput-text,46704,,,,,,,verified_non_tabular,Intrinsically non-tabular package object preserved with base-R dput.
data/processed/r_native_fallback/sysdata__.translators.R.txt,R-dput-text,15,,,,,,,verified_non_tabular,Intrinsically non-tabular package object preserved with base-R dput.
