source_path,sha256,canonical_source,object_name,python_type,status,rows,columns,parquet_path,csv_gz_path,note
data/raw/core_archives/AAT_01_reserving_core/01_reserving/cran_actuar/data/dental.rda,7e3a5cf7a3f9700b0eb80d0040409117f5fe698a282bd39c0de141b13376a2d2,data/raw/core_archives/AAT_01_reserving_core/01_reserving/cran_actuar/data/dental.rda,dental,ndarray,converted,10,1,data/processed/rdata/core_archives/AAT_01_reserving_core/01_reserving/cran_actuar/data/dental__dental.parquet,data/processed/rdata/core_archives/AAT_01_reserving_core/01_reserving/cran_actuar/data/dental__dental.csv.gz,reader=rdata
data/raw/core_archives/AAT_01_reserving_core/01_reserving/cran_actuar/data/gdental.rda,5967a5a66e6c29867146b5aad954ca8e32431c1163fa534a49a5ed9a8cee1a6f,data/raw/core_archives/AAT_01_reserving_core/01_reserving/cran_actuar/data/gdental.rda,gdental,DataFrame,converted,10,2,data/processed/rdata/core_archives/AAT_01_reserving_core/01_reserving/cran_actuar/data/gdental__gdental.parquet,data/processed/rdata/core_archives/AAT_01_reserving_core/01_reserving/cran_actuar/data/gdental__gdental.csv.gz,reader=pyreadr fallback after NotImplementedError
data/raw/core_archives/AAT_01_reserving_core/01_reserving/cran_actuar/data/hachemeister.rda,e438665b77f6739853b6a9aab5b7f887de2c29979d4d5a7fc82e448554cdef5c,data/raw/core_archives/AAT_01_reserving_core/01_reserving/cran_actuar/data/hachemeister.rda,hachemeister,DataArray,converted,125,3,data/processed/rdata/core_archives/AAT_01_reserving_core/01_reserving/cran_actuar/data/hachemeister__hachemeister.parquet,data/processed/rdata/core_archives/AAT_01_reserving_core/01_reserving/cran_actuar/data/hachemeister__hachemeister.csv.gz,reader=rdata
data/raw/core_archives/AAT_01_reserving_core/01_reserving/cran_ChainLadder/data/ABC.RData,1fba5818695b15b6066c2d0181beeee290018d524f636d0519b9397b5cf1cfa1,data/raw/core_archives/AAT_01_reserving_core/01_reserving/cran_ChainLadder/data/ABC.RData,ABC,DataArray,converted,121,3,data/processed/rdata/core_archives/AAT_01_reserving_core/01_reserving/cran_ChainLadder/data/ABC__ABC.parquet,data/processed/rdata/core_archives/AAT_01_reserving_core/01_reserving/cran_ChainLadder/data/ABC__ABC.csv.gz,reader=rdata
data/raw/core_archives/AAT_01_reserving_core/01_reserving/cran_ChainLadder/data/auto.RData,6e4e6a801ee3c740cb89de3be6004efca824dc769e1ecf9c6703e6ae0a3c52bb,data/raw/core_archives/AAT_01_reserving_core/01_reserving/cran_ChainLadder/data/auto.RData,auto,dict,converted,1,3,data/processed/rdata/core_archives/AAT_01_reserving_core/01_reserving/cran_ChainLadder/data/auto__auto.parquet,data/processed/rdata/core_archives/AAT_01_reserving_core/01_reserving/cran_ChainLadder/data/auto__auto.csv.gz,reader=rdata
data/raw/core_archives/AAT_01_reserving_core/01_reserving/cran_ChainLadder/data/AutoBI.RData,eb56654b59c412412947025e3101170fccf0eea24948ff49db465d813bb6e0b2,data/raw/core_archives/AAT_01_reserving_core/01_reserving/cran_ChainLadder/data/AutoBI.RData,AutoBI,dict,converted,1,3,data/processed/rdata/core_archives/AAT_01_reserving_core/01_reserving/cran_ChainLadder/data/AutoBI__AutoBI.parquet,data/processed/rdata/core_archives/AAT_01_reserving_core/01_reserving/cran_ChainLadder/data/AutoBI__AutoBI.csv.gz,reader=rdata
data/raw/core_archives/AAT_01_reserving_core/01_reserving/cran_ChainLadder/data/GenIns.RData,c102bfd8e12b8ee4861d55fe93521bb99936b19ebebcdaac8b1d17d7c410252f,data/raw/core_archives/AAT_01_reserving_core/01_reserving/cran_ChainLadder/data/GenIns.RData,GenIns,DataArray,converted,100,3,data/processed/rdata/core_archives/AAT_01_reserving_core/01_reserving/cran_ChainLadder/data/GenIns__GenIns.parquet,data/processed/rdata/core_archives/AAT_01_reserving_core/01_reserving/cran_ChainLadder/data/GenIns__GenIns.csv.gz,reader=rdata
data/raw/core_archives/AAT_01_reserving_core/01_reserving/cran_ChainLadder/data/GenInsLong.RData,1b7b2760d97e4845855ba2ee4b9cb685681adfba3fc73505660ae1d4149783bc,data/raw/core_archives/AAT_01_reserving_core/01_reserving/cran_ChainLadder/data/GenInsLong.RData,GenInsLong,DataFrame,converted,55,3,data/processed/rdata/core_archives/AAT_01_reserving_core/01_reserving/cran_ChainLadder/data/GenInsLong__GenInsLong.parquet,data/processed/rdata/core_archives/AAT_01_reserving_core/01_reserving/cran_ChainLadder/data/GenInsLong__GenInsLong.csv.gz,reader=rdata
data/raw/core_archives/AAT_01_reserving_core/01_reserving/cran_ChainLadder/data/liab.RData,2f9f36b2c5551d5b469dd825ee87ef75ea15ee34799854ec123c88358559af39,data/raw/core_archives/AAT_01_reserving_core/01_reserving/cran_ChainLadder/data/liab.RData,liab,dict,converted,1,2,data/processed/rdata/core_archives/AAT_01_reserving_core/01_reserving/cran_ChainLadder/data/liab__liab.parquet,data/processed/rdata/core_archives/AAT_01_reserving_core/01_reserving/cran_ChainLadder/data/liab__liab.csv.gz,reader=rdata
data/raw/core_archives/AAT_01_reserving_core/01_reserving/cran_ChainLadder/data/M3IR5.RData,0a8d418d69af00314e80e9e59b107e5441567fbb73609ee616b3cef36f765c32,data/raw/core_archives/AAT_01_reserving_core/01_reserving/cran_ChainLadder/data/M3IR5.RData,M3IR5,DataArray,converted,196,3,data/processed/rdata/core_archives/AAT_01_reserving_core/01_reserving/cran_ChainLadder/data/M3IR5__M3IR5.parquet,data/processed/rdata/core_archives/AAT_01_reserving_core/01_reserving/cran_ChainLadder/data/M3IR5__M3IR5.csv.gz,reader=rdata
data/raw/core_archives/AAT_01_reserving_core/01_reserving/cran_ChainLadder/data/MCLincurred.RData,413c139841179705c7d146272b47a3699c1f8c3f508c901f20dadc02d88125b3,data/raw/core_archives/AAT_01_reserving_core/01_reserving/cran_ChainLadder/data/MCLincurred.RData,MCLincurred,DataArray,converted,49,3,data/processed/rdata/core_archives/AAT_01_reserving_core/01_reserving/cran_ChainLadder/data/MCLincurred__MCLincurred.parquet,data/processed/rdata/core_archives/AAT_01_reserving_core/01_reserving/cran_ChainLadder/data/MCLincurred__MCLincurred.csv.gz,reader=rdata
data/raw/core_archives/AAT_01_reserving_core/01_reserving/cran_ChainLadder/data/MCLpaid.RData,251dd61fa48c64f31ba99fe37b006d725b133bc009b9a6f07005be6c71cec1a0,data/raw/core_archives/AAT_01_reserving_core/01_reserving/cran_ChainLadder/data/MCLpaid.RData,MCLpaid,DataArray,converted,49,3,data/processed/rdata/core_archives/AAT_01_reserving_core/01_reserving/cran_ChainLadder/data/MCLpaid__MCLpaid.parquet,data/processed/rdata/core_archives/AAT_01_reserving_core/01_reserving/cran_ChainLadder/data/MCLpaid__MCLpaid.csv.gz,reader=rdata
data/raw/core_archives/AAT_01_reserving_core/01_reserving/cran_ChainLadder/data/MedMal.RData,1ef77191556468231bab19d8a0574a069a155374d903e4f199d511c69104efdf,data/raw/core_archives/AAT_01_reserving_core/01_reserving/cran_ChainLadder/data/MedMal.RData,MedMal,dict,converted,1,4,data/processed/rdata/core_archives/AAT_01_reserving_core/01_reserving/cran_ChainLadder/data/MedMal__MedMal.parquet,data/processed/rdata/core_archives/AAT_01_reserving_core/01_reserving/cran_ChainLadder/data/MedMal__MedMal.csv.gz,reader=rdata
data/raw/core_archives/AAT_01_reserving_core/01_reserving/cran_ChainLadder/data/Mortgage.RData,9374ff84d79e6f4e12e908baa44b8b6281acdae26ae9a2eea28b514968d04083,data/raw/core_archives/AAT_01_reserving_core/01_reserving/cran_ChainLadder/data/Mortgage.RData,Mortgage,DataArray,converted,81,3,data/processed/rdata/core_archives/AAT_01_reserving_core/01_reserving/cran_ChainLadder/data/Mortgage__Mortgage.parquet,data/processed/rdata/core_archives/AAT_01_reserving_core/01_reserving/cran_ChainLadder/data/Mortgage__Mortgage.csv.gz,reader=rdata
data/raw/core_archives/AAT_01_reserving_core/01_reserving/cran_ChainLadder/data/MW2008.RData,3dff24eaab0dfe614c11f2fc66a1d8dffbbd0f35b6b05a0bef9b40eda8f70fc9,data/raw/core_archives/AAT_01_reserving_core/01_reserving/cran_ChainLadder/data/MW2008.RData,MW2008,DataArray,converted,81,3,data/processed/rdata/core_archives/AAT_01_reserving_core/01_reserving/cran_ChainLadder/data/MW2008__MW2008.parquet,data/processed/rdata/core_archives/AAT_01_reserving_core/01_reserving/cran_ChainLadder/data/MW2008__MW2008.csv.gz,reader=rdata
data/raw/core_archives/AAT_01_reserving_core/01_reserving/cran_ChainLadder/data/MW2014.RData,315d43fad5a5fb2b83224f08783da7ff7c96f9af214a9b7209ac6db36d9a83e1,data/raw/core_archives/AAT_01_reserving_core/01_reserving/cran_ChainLadder/data/MW2014.RData,MW2014,DataArray,converted,289,3,data/processed/rdata/core_archives/AAT_01_reserving_core/01_reserving/cran_ChainLadder/data/MW2014__MW2014.parquet,data/processed/rdata/core_archives/AAT_01_reserving_core/01_reserving/cran_ChainLadder/data/MW2014__MW2014.csv.gz,reader=rdata
data/raw/core_archives/AAT_01_reserving_core/01_reserving/cran_ChainLadder/data/qincurred.RData,e25eabbc0dd116a72ce8b320abbe3e50135ac4d9d148a1c7c7d439a1374ac1f3,data/raw/core_archives/AAT_01_reserving_core/01_reserving/cran_ChainLadder/data/qincurred.RData,qincurred,DataArray,converted,540,3,data/processed/rdata/core_archives/AAT_01_reserving_core/01_reserving/cran_ChainLadder/data/qincurred__qincurred.parquet,data/processed/rdata/core_archives/AAT_01_reserving_core/01_reserving/cran_ChainLadder/data/qincurred__qincurred.csv.gz,reader=rdata
data/raw/core_archives/AAT_01_reserving_core/01_reserving/cran_ChainLadder/data/qpaid.RData,073b0030e246320a7310db778a32fb1fcce7b5bf13666d9487ca305dc913dcc7,data/raw/core_archives/AAT_01_reserving_core/01_reserving/cran_ChainLadder/data/qpaid.RData,qpaid,DataArray,converted,540,3,data/processed/rdata/core_archives/AAT_01_reserving_core/01_reserving/cran_ChainLadder/data/qpaid__qpaid.parquet,data/processed/rdata/core_archives/AAT_01_reserving_core/01_reserving/cran_ChainLadder/data/qpaid__qpaid.csv.gz,reader=rdata
data/raw/core_archives/AAT_01_reserving_core/01_reserving/cran_ChainLadder/data/RAA.RData,7a65bb313e74a489a56272e59063406e082d067f83df51e3142ee2f88a0f7ffd,data/raw/core_archives/AAT_01_reserving_core/01_reserving/cran_ChainLadder/data/RAA.RData,RAA,DataArray,converted,100,3,data/processed/rdata/core_archives/AAT_01_reserving_core/01_reserving/cran_ChainLadder/data/RAA__RAA.parquet,data/processed/rdata/core_archives/AAT_01_reserving_core/01_reserving/cran_ChainLadder/data/RAA__RAA.csv.gz,reader=rdata
data/raw/core_archives/AAT_01_reserving_core/01_reserving/cran_ChainLadder/data/UKMotor.RData,b00c1fb98a352819f2e5aa9de6c7af4f53cfee46f5db591c88dbca5783374a0f,data/raw/core_archives/AAT_01_reserving_core/01_reserving/cran_ChainLadder/data/UKMotor.RData,UKMotor,DataArray,converted,49,3,data/processed/rdata/core_archives/AAT_01_reserving_core/01_reserving/cran_ChainLadder/data/UKMotor__UKMotor.parquet,data/processed/rdata/core_archives/AAT_01_reserving_core/01_reserving/cran_ChainLadder/data/UKMotor__UKMotor.csv.gz,reader=rdata
data/raw/core_archives/AAT_01_reserving_core/01_reserving/cran_ChainLadder/data/USAAincurred.RData,64b179a7321a1d6250cca65a58927d1e3ec4d6d10778af9c3b85f9ec7cf436f9,data/raw/core_archives/AAT_01_reserving_core/01_reserving/cran_ChainLadder/data/USAAincurred.RData,USAAincurred,DataArray,converted,100,3,data/processed/rdata/core_archives/AAT_01_reserving_core/01_reserving/cran_ChainLadder/data/USAAincurred__USAAincurred.parquet,data/processed/rdata/core_archives/AAT_01_reserving_core/01_reserving/cran_ChainLadder/data/USAAincurred__USAAincurred.csv.gz,reader=rdata
data/raw/core_archives/AAT_01_reserving_core/01_reserving/cran_ChainLadder/data/USAApaid.RData,482937a738ba6f955fa78765e87246640ec7abf9df4389486d1de07a3b0aeea5,data/raw/core_archives/AAT_01_reserving_core/01_reserving/cran_ChainLadder/data/USAApaid.RData,USAApaid,DataArray,converted,100,3,data/processed/rdata/core_archives/AAT_01_reserving_core/01_reserving/cran_ChainLadder/data/USAApaid__USAApaid.parquet,data/processed/rdata/core_archives/AAT_01_reserving_core/01_reserving/cran_ChainLadder/data/USAApaid__USAApaid.csv.gz,reader=rdata
data/raw/core_archives/AAT_01_reserving_core/01_reserving/cran_insuranceData/data/AutoBi.rda,92646d779a0de27e403450cbe47a171cdb3b7396899c1f0a4a4e4dca9b10a907,data/raw/core_archives/AAT_01_reserving_core/01_reserving/cran_insuranceData/data/AutoBi.rda,AutoBi,DataFrame,converted,1340,8,data/processed/rdata/core_archives/AAT_01_reserving_core/01_reserving/cran_insuranceData/data/AutoBi__AutoBi.parquet,data/processed/rdata/core_archives/AAT_01_reserving_core/01_reserving/cran_insuranceData/data/AutoBi__AutoBi.csv.gz,reader=rdata
data/raw/core_archives/AAT_01_reserving_core/01_reserving/cran_insuranceData/data/AutoClaims.rda,1190d98dce724e1c6c9035bbe369645cf30e1010d7fbe47e39507b45dc6c2294,data/raw/core_archives/AAT_01_reserving_core/01_reserving/cran_insuranceData/data/AutoClaims.rda,AutoClaims,DataFrame,converted,6773,5,data/processed/rdata/core_archives/AAT_01_reserving_core/01_reserving/cran_insuranceData/data/AutoClaims__AutoClaims.parquet,data/processed/rdata/core_archives/AAT_01_reserving_core/01_reserving/cran_insuranceData/data/AutoClaims__AutoClaims.csv.gz,reader=rdata
data/raw/core_archives/AAT_01_reserving_core/01_reserving/cran_insuranceData/data/AutoCollision.rda,23678d6bf4b0b14219d8fcacfab85385315b59371347ddb61e81889c0fad69a0,data/raw/core_archives/AAT_01_reserving_core/01_reserving/cran_insuranceData/data/AutoCollision.rda,AutoCollision,DataFrame,converted,32,4,data/processed/rdata/core_archives/AAT_01_reserving_core/01_reserving/cran_insuranceData/data/AutoCollision__AutoCollision.parquet,data/processed/rdata/core_archives/AAT_01_reserving_core/01_reserving/cran_insuranceData/data/AutoCollision__AutoCollision.csv.gz,reader=rdata
data/raw/core_archives/AAT_01_reserving_core/01_reserving/cran_insuranceData/data/ClaimsLong.rda,8389b936093404870094cfd2f02d0753ee35ba76f44e61a787dcf494950fb0b9,data/raw/core_archives/AAT_01_reserving_core/01_reserving/cran_insuranceData/data/ClaimsLong.rda,ClaimsLong,DataFrame,converted,120000,6,data/processed/rdata/core_archives/AAT_01_reserving_core/01_reserving/cran_insuranceData/data/ClaimsLong__ClaimsLong.parquet,data/processed/rdata/core_archives/AAT_01_reserving_core/01_reserving/cran_insuranceData/data/ClaimsLong__ClaimsLong.csv.gz,reader=rdata
data/raw/core_archives/AAT_01_reserving_core/01_reserving/cran_insuranceData/data/dataCar.rda,830124e270ffd4a77acd70a323a977f675ead52ac492733876810d30220a0869,data/raw/core_archives/AAT_01_reserving_core/01_reserving/cran_insuranceData/data/dataCar.rda,dataCar,DataFrame,converted,67856,11,data/processed/rdata/core_archives/AAT_01_reserving_core/01_reserving/cran_insuranceData/data/dataCar__dataCar.parquet,data/processed/rdata/core_archives/AAT_01_reserving_core/01_reserving/cran_insuranceData/data/dataCar__dataCar.csv.gz,reader=rdata
data/raw/core_archives/AAT_01_reserving_core/01_reserving/cran_insuranceData/data/dataOhlsson.rda,1d68f102a9db151f96774add0dd9c99e4a44bf2923267239d7861d533e9daa12,data/raw/core_archives/AAT_01_reserving_core/01_reserving/cran_insuranceData/data/dataOhlsson.rda,dataOhlsson,DataFrame,converted,64548,9,data/processed/rdata/core_archives/AAT_01_reserving_core/01_reserving/cran_insuranceData/data/dataOhlsson__dataOhlsson.parquet,data/processed/rdata/core_archives/AAT_01_reserving_core/01_reserving/cran_insuranceData/data/dataOhlsson__dataOhlsson.csv.gz,reader=rdata
data/raw/core_archives/AAT_01_reserving_core/01_reserving/cran_insuranceData/data/IndustryAuto.rda,deaff4e671866a5f2da1fd571cbd1b7c2da759b66e6543fde0a0686a267cb736,data/raw/core_archives/AAT_01_reserving_core/01_reserving/cran_insuranceData/data/IndustryAuto.rda,IndustryAuto,DataFrame,converted,55,3,data/processed/rdata/core_archives/AAT_01_reserving_core/01_reserving/cran_insuranceData/data/IndustryAuto__IndustryAuto.parquet,data/processed/rdata/core_archives/AAT_01_reserving_core/01_reserving/cran_insuranceData/data/IndustryAuto__IndustryAuto.csv.gz,reader=rdata
data/raw/core_archives/AAT_01_reserving_core/01_reserving/cran_insuranceData/data/SingaporeAuto.rda,1bbab2b55b637f4a9668846e9b5f54f1ab73c3f3918f0cf2003cbd11203fc693,data/raw/core_archives/AAT_01_reserving_core/01_reserving/cran_insuranceData/data/SingaporeAuto.rda,SingaporeAuto,DataFrame,converted,7483,15,data/processed/rdata/core_archives/AAT_01_reserving_core/01_reserving/cran_insuranceData/data/SingaporeAuto__SingaporeAuto.parquet,data/processed/rdata/core_archives/AAT_01_reserving_core/01_reserving/cran_insuranceData/data/SingaporeAuto__SingaporeAuto.csv.gz,reader=rdata
data/raw/core_archives/AAT_01_reserving_core/01_reserving/cran_insuranceData/data/Thirdparty.rda,3abb39e18120f48d9972e48b569dba4694a97edec4bb011290fc4ec7abb671c0,data/raw/core_archives/AAT_01_reserving_core/01_reserving/cran_insuranceData/data/Thirdparty.rda,Thirdparty,DataFrame,converted,176,1,data/processed/rdata/core_archives/AAT_01_reserving_core/01_reserving/cran_insuranceData/data/Thirdparty__Thirdparty.parquet,data/processed/rdata/core_archives/AAT_01_reserving_core/01_reserving/cran_insuranceData/data/Thirdparty__Thirdparty.csv.gz,reader=rdata
data/raw/core_archives/AAT_01_reserving_core/01_reserving/cran_insuranceData/data/WorkersComp.rda,ad617a8c0a357f6042dd680e41f979b46ab2c6f4d03b2990bad90422f8ae76b1,data/raw/core_archives/AAT_01_reserving_core/01_reserving/cran_insuranceData/data/WorkersComp.rda,WorkersComp,DataFrame,converted,847,4,data/processed/rdata/core_archives/AAT_01_reserving_core/01_reserving/cran_insuranceData/data/WorkersComp__WorkersComp.parquet,data/processed/rdata/core_archives/AAT_01_reserving_core/01_reserving/cran_insuranceData/data/WorkersComp__WorkersComp.csv.gz,reader=rdata
data/raw/core_archives/AAT_01_reserving_core/01_reserving/cran_raw/data/comauto.rda,5a380b59f2c4c3e1e798e9335e808d1149025ad6abd7051f2735a1bc1fc19cc9,data/raw/core_archives/AAT_01_reserving_core/01_reserving/cran_raw/data/comauto.rda,comauto,DataFrame,converted,15800,13,data/processed/rdata/core_archives/AAT_01_reserving_core/01_reserving/cran_raw/data/comauto__comauto.parquet,data/processed/rdata/core_archives/AAT_01_reserving_core/01_reserving/cran_raw/data/comauto__comauto.csv.gz,reader=rdata
data/raw/core_archives/AAT_01_reserving_core/01_reserving/cran_raw/data/COTOR2.rda,bba1601cc1604b75293c849019c128857982661fa054374566f32eca19d1d80c,data/raw/core_archives/AAT_01_reserving_core/01_reserving/cran_raw/data/COTOR2.rda,COTOR2,ndarray,converted,250,1,data/processed/rdata/core_archives/AAT_01_reserving_core/01_reserving/cran_raw/data/COTOR2__COTOR2.parquet,data/processed/rdata/core_archives/AAT_01_reserving_core/01_reserving/cran_raw/data/COTOR2__COTOR2.csv.gz,reader=rdata
data/raw/core_archives/AAT_01_reserving_core/01_reserving/cran_raw/data/COTOR3.rda,3e327e95c83fbe94350838a2f1f8f5c86744d42092de76d1a43ab600ce81e211,data/raw/core_archives/AAT_01_reserving_core/01_reserving/cran_raw/data/COTOR3.rda,COTOR3,DataFrame,converted,490,2,data/processed/rdata/core_archives/AAT_01_reserving_core/01_reserving/cran_raw/data/COTOR3__COTOR3.parquet,data/processed/rdata/core_archives/AAT_01_reserving_core/01_reserving/cran_raw/data/COTOR3__COTOR3.csv.gz,reader=rdata
data/raw/core_archives/AAT_01_reserving_core/01_reserving/cran_raw/data/COTOR4.rda,bc8906199a97f6cf21b6f1188a5c064c0ad595beec7f28a0e958527faf9beac5,data/raw/core_archives/AAT_01_reserving_core/01_reserving/cran_raw/data/COTOR4.rda,COTOR4,DataFrame,converted,2500,2,data/processed/rdata/core_archives/AAT_01_reserving_core/01_reserving/cran_raw/data/COTOR4__COTOR4.parquet,data/processed/rdata/core_archives/AAT_01_reserving_core/01_reserving/cran_raw/data/COTOR4__COTOR4.csv.gz,reader=rdata
data/raw/core_archives/AAT_01_reserving_core/01_reserving/cran_raw/data/COTOR5.rda,3b904a1af77922efed477d418fa0a7f1281373ee16f588f17ae911aaaf2a9d95,data/raw/core_archives/AAT_01_reserving_core/01_reserving/cran_raw/data/COTOR5.rda,COTOR5,DataFrame,converted,4849,4,data/processed/rdata/core_archives/AAT_01_reserving_core/01_reserving/cran_raw/data/COTOR5__COTOR5.parquet,data/processed/rdata/core_archives/AAT_01_reserving_core/01_reserving/cran_raw/data/COTOR5__COTOR5.csv.gz,reader=rdata
data/raw/core_archives/AAT_01_reserving_core/01_reserving/cran_raw/data/Hurricane.rda,d2fbb49dc990d5120205f16425a29aa499575ea473254c4932754715df0b6ebe,data/raw/core_archives/AAT_01_reserving_core/01_reserving/cran_raw/data/Hurricane.rda,Hurricane,DataFrame,converted,43122,8,data/processed/rdata/core_archives/AAT_01_reserving_core/01_reserving/cran_raw/data/Hurricane__Hurricane.parquet,data/processed/rdata/core_archives/AAT_01_reserving_core/01_reserving/cran_raw/data/Hurricane__Hurricane.csv.gz,reader=rdata
data/raw/core_archives/AAT_01_reserving_core/01_reserving/cran_raw/data/medmal.rda,72105c9745b29b0178418cc524b960193a2fd3915fbaa34a9ab7fc428a6882c6,data/raw/core_archives/AAT_01_reserving_core/01_reserving/cran_raw/data/medmal.rda,medmal,DataFrame,converted,3400,13,data/processed/rdata/core_archives/AAT_01_reserving_core/01_reserving/cran_raw/data/medmal__medmal.parquet,data/processed/rdata/core_archives/AAT_01_reserving_core/01_reserving/cran_raw/data/medmal__medmal.csv.gz,reader=rdata
data/raw/core_archives/AAT_01_reserving_core/01_reserving/cran_raw/data/MultiTri.rda,d7258e0a0aa00fdc0805aac598c97ef8e72854665957cf69638615a68923b1c6,data/raw/core_archives/AAT_01_reserving_core/01_reserving/cran_raw/data/MultiTri.rda,MultiTri,DataFrame,converted,3000,14,data/processed/rdata/core_archives/AAT_01_reserving_core/01_reserving/cran_raw/data/MultiTri__MultiTri.parquet,data/processed/rdata/core_archives/AAT_01_reserving_core/01_reserving/cran_raw/data/MultiTri__MultiTri.csv.gz,reader=rdata
data/raw/core_archives/AAT_01_reserving_core/01_reserving/cran_raw/data/NJM_WC.rda,5b89264d2938310deeace173d22a7eb7384202babddf56f5acb3a97473f2cb10,data/raw/core_archives/AAT_01_reserving_core/01_reserving/cran_raw/data/NJM_WC.rda,NJM_WC,DataFrame,converted,100,13,data/processed/rdata/core_archives/AAT_01_reserving_core/01_reserving/cran_raw/data/NJM_WC__NJM_WC.parquet,data/processed/rdata/core_archives/AAT_01_reserving_core/01_reserving/cran_raw/data/NJM_WC__NJM_WC.csv.gz,reader=rdata
data/raw/core_archives/AAT_01_reserving_core/01_reserving/cran_raw/data/othliab.rda,86a7fabf14e08d70a8eb766ed648d0b3d0ff8592ab2793f52ea9665149daf74a,data/raw/core_archives/AAT_01_reserving_core/01_reserving/cran_raw/data/othliab.rda,othliab,DataFrame,converted,23900,13,data/processed/rdata/core_archives/AAT_01_reserving_core/01_reserving/cran_raw/data/othliab__othliab.parquet,data/processed/rdata/core_archives/AAT_01_reserving_core/01_reserving/cran_raw/data/othliab__othliab.csv.gz,reader=rdata
data/raw/core_archives/AAT_01_reserving_core/01_reserving/cran_raw/data/PPA.rda,e57b7bbcf7ba2b64b8245200a5accd9601fd26c9b9dab760aa1d3fef8caff5a9,data/raw/core_archives/AAT_01_reserving_core/01_reserving/cran_raw/data/PPA.rda,PPA_RateChange,DataFrame,converted,7,5,data/processed/rdata/core_archives/AAT_01_reserving_core/01_reserving/cran_raw/data/PPA__PPA_RateChange.parquet,data/processed/rdata/core_archives/AAT_01_reserving_core/01_reserving/cran_raw/data/PPA__PPA_RateChange.csv.gz,reader=rdata
data/raw/core_archives/AAT_01_reserving_core/01_reserving/cran_raw/data/PPA.rda,e57b7bbcf7ba2b64b8245200a5accd9601fd26c9b9dab760aa1d3fef8caff5a9,data/raw/core_archives/AAT_01_reserving_core/01_reserving/cran_raw/data/PPA.rda,PPA_AccidentYear,DataFrame,converted,5,4,data/processed/rdata/core_archives/AAT_01_reserving_core/01_reserving/cran_raw/data/PPA__PPA_AccidentYear.parquet,data/processed/rdata/core_archives/AAT_01_reserving_core/01_reserving/cran_raw/data/PPA__PPA_AccidentYear.csv.gz,reader=rdata
data/raw/core_archives/AAT_01_reserving_core/01_reserving/cran_raw/data/PPA.rda,e57b7bbcf7ba2b64b8245200a5accd9601fd26c9b9dab760aa1d3fef8caff5a9,data/raw/core_archives/AAT_01_reserving_core/01_reserving/cran_raw/data/PPA.rda,PPA_LossTrend,DataFrame,converted,20,7,data/processed/rdata/core_archives/AAT_01_reserving_core/01_reserving/cran_raw/data/PPA__PPA_LossTrend.parquet,data/processed/rdata/core_archives/AAT_01_reserving_core/01_reserving/cran_raw/data/PPA__PPA_LossTrend.csv.gz,reader=rdata
data/raw/core_archives/AAT_01_reserving_core/01_reserving/cran_raw/data/PPA.rda,e57b7bbcf7ba2b64b8245200a5accd9601fd26c9b9dab760aa1d3fef8caff5a9,data/raw/core_archives/AAT_01_reserving_core/01_reserving/cran_raw/data/PPA.rda,PPA_PremiumTrend,DataFrame,converted,23,3,data/processed/rdata/core_archives/AAT_01_reserving_core/01_reserving/cran_raw/data/PPA__PPA_PremiumTrend.parquet,data/processed/rdata/core_archives/AAT_01_reserving_core/01_reserving/cran_raw/data/PPA__PPA_PremiumTrend.csv.gz,reader=rdata
data/raw/core_archives/AAT_01_reserving_core/01_reserving/cran_raw/data/PPA.rda,e57b7bbcf7ba2b64b8245200a5accd9601fd26c9b9dab760aa1d3fef8caff5a9,data/raw/core_archives/AAT_01_reserving_core/01_reserving/cran_raw/data/PPA.rda,PPA_LossDevelopment,DataFrame,converted,25,3,data/processed/rdata/core_archives/AAT_01_reserving_core/01_reserving/cran_raw/data/PPA__PPA_LossDevelopment.parquet,data/processed/rdata/core_archives/AAT_01_reserving_core/01_reserving/cran_raw/data/PPA__PPA_LossDevelopment.csv.gz,reader=rdata
data/raw/core_archives/AAT_01_reserving_core/01_reserving/cran_raw/data/PPA.rda,e57b7bbcf7ba2b64b8245200a5accd9601fd26c9b9dab760aa1d3fef8caff5a9,data/raw/core_archives/AAT_01_reserving_core/01_reserving/cran_raw/data/PPA.rda,PPA_ULAE,DataFrame,converted,3,4,data/processed/rdata/core_archives/AAT_01_reserving_core/01_reserving/cran_raw/data/PPA__PPA_ULAE.parquet,data/processed/rdata/core_archives/AAT_01_reserving_core/01_reserving/cran_raw/data/PPA__PPA_ULAE.csv.gz,reader=rdata
data/raw/core_archives/AAT_01_reserving_core/01_reserving/cran_raw/data/ppauto.rda,1a5ce233d0f587ae35bb596e31dfdb5f183b8705885f7b07dd06f74aa38eee45,data/raw/core_archives/AAT_01_reserving_core/01_reserving/cran_raw/data/ppauto.rda,ppauto,DataFrame,converted,14600,13,data/processed/rdata/core_archives/AAT_01_reserving_core/01_reserving/cran_raw/data/ppauto__ppauto.parquet,data/processed/rdata/core_archives/AAT_01_reserving_core/01_reserving/cran_raw/data/ppauto__ppauto.csv.gz,reader=rdata
data/raw/core_archives/AAT_01_reserving_core/01_reserving/cran_raw/data/prodliab.rda,05abea570fbb963582ace5c6a78511c8758d9d2dd0bf4e29e02b38fac3e43709,data/raw/core_archives/AAT_01_reserving_core/01_reserving/cran_raw/data/prodliab.rda,prodliab,DataFrame,converted,7000,13,data/processed/rdata/core_archives/AAT_01_reserving_core/01_reserving/cran_raw/data/prodliab__prodliab.parquet,data/processed/rdata/core_archives/AAT_01_reserving_core/01_reserving/cran_raw/data/prodliab__prodliab.csv.gz,reader=rdata
data/raw/core_archives/AAT_01_reserving_core/01_reserving/cran_raw/data/RegionExperience.rda,13aae25128303d4fdc13f2f019b82e0330f9340dde341ab73ef54782718d5d14,data/raw/core_archives/AAT_01_reserving_core/01_reserving/cran_raw/data/RegionExperience.rda,RegionExperience,DataFrame,converted,40,4,data/processed/rdata/core_archives/AAT_01_reserving_core/01_reserving/cran_raw/data/RegionExperience__RegionExperience.parquet,data/processed/rdata/core_archives/AAT_01_reserving_core/01_reserving/cran_raw/data/RegionExperience__RegionExperience.csv.gz,reader=rdata
data/raw/core_archives/AAT_01_reserving_core/01_reserving/cran_raw/data/StateExperience.rda,5645c5015cbae4bd716a09c4d078d3c9fdc7b4cd1073ab2241a7e412d3a0c126,data/raw/core_archives/AAT_01_reserving_core/01_reserving/cran_raw/data/StateExperience.rda,StateExperience,DataFrame,converted,500,6,data/processed/rdata/core_archives/AAT_01_reserving_core/01_reserving/cran_raw/data/StateExperience__StateExperience.parquet,data/processed/rdata/core_archives/AAT_01_reserving_core/01_reserving/cran_raw/data/StateExperience__StateExperience.csv.gz,reader=rdata
data/raw/core_archives/AAT_01_reserving_core/01_reserving/cran_raw/data/wkcomp.rda,2c21cb6d8e67f984d2662da6b2055acad91da54e48e21ce93bb0a003ec0489f6,data/raw/core_archives/AAT_01_reserving_core/01_reserving/cran_raw/data/wkcomp.rda,wkcomp,DataFrame,converted,13200,13,data/processed/rdata/core_archives/AAT_01_reserving_core/01_reserving/cran_raw/data/wkcomp__wkcomp.parquet,data/processed/rdata/core_archives/AAT_01_reserving_core/01_reserving/cran_raw/data/wkcomp__wkcomp.csv.gz,reader=rdata
data/raw/core_archives/AAT_01_reserving_core/01_reserving/kevinykuo_deeptriangle/data/dt_group_codes.rda,361c8b2d6b4cb6cfc5d5b75629cde599e399a96ba9c8ebe25230b9b35671f230,data/raw/core_archives/AAT_01_reserving_core/01_reserving/kevinykuo_deeptriangle/data/dt_group_codes.rda,dt_group_codes,DataFrame,converted,200,2,data/processed/rdata/core_archives/AAT_01_reserving_core/01_reserving/kevinykuo_deeptriangle/data/dt_group_codes__dt_group_codes.parquet,data/processed/rdata/core_archives/AAT_01_reserving_core/01_reserving/kevinykuo_deeptriangle/data/dt_group_codes__dt_group_codes.csv.gz,reader=rdata
data/raw/core_archives/AAT_01_reserving_core/01_reserving/kevinykuo_deeptriangle/data/stochastic_model_results.rda,6ad444c9f222ff4f7613b5228322e99e06b809a828c61c13f73edcce14b8d3e6,data/raw/core_archives/AAT_01_reserving_core/01_reserving/kevinykuo_deeptriangle/data/stochastic_model_results.rda,stochastic_model_results,DataFrame,converted,24,4,data/processed/rdata/core_archives/AAT_01_reserving_core/01_reserving/kevinykuo_deeptriangle/data/stochastic_model_results__stochastic_model_results.parquet,data/processed/rdata/core_archives/AAT_01_reserving_core/01_reserving/kevinykuo_deeptriangle/data/stochastic_model_results__stochastic_model_results.csv.gz,reader=rdata
data/raw/core_archives/AAT_01_reserving_core/01_reserving/problemofpoints_reservetestr/data/cas_loss_reserve_db.rda,997b17f9077c8d180fc3fbb07576a16e9c59a94ef1fb379a883b2634fba8eec4,data/raw/core_archives/AAT_01_reserving_core/01_reserving/problemofpoints_reservetestr/data/cas_loss_reserve_db.rda,cas_loss_reserve_db,DataFrame,converted,779,6,data/processed/rdata/core_archives/AAT_01_reserving_core/01_reserving/problemofpoints_reservetestr/data/cas_loss_reserve_db__cas_loss_reserve_db.parquet,data/processed/rdata/core_archives/AAT_01_reserving_core/01_reserving/problemofpoints_reservetestr/data/cas_loss_reserve_db__cas_loss_reserve_db.csv.gz,reader=rdata
data/raw/core_archives/AAT_01_reserving_core/01_reserving/problemofpoints_reservetestr/data/meyers_2016_wintereforum_appendix.rda,58f689a7cad8436b0a644e17fcf72089630086a269e901c1f76fb1d52b1c7fc5,data/raw/core_archives/AAT_01_reserving_core/01_reserving/problemofpoints_reservetestr/data/meyers_2016_wintereforum_appendix.rda,meyers_2016_wintereforum_appendix,DataFrame,converted,200,11,data/processed/rdata/core_archives/AAT_01_reserving_core/01_reserving/problemofpoints_reservetestr/data/meyers_2016_wintereforum_appendix__meyers_2016_wintereforum_appendix.parquet,data/processed/rdata/core_archives/AAT_01_reserving_core/01_reserving/problemofpoints_reservetestr/data/meyers_2016_wintereforum_appendix__meyers_2016_wintereforum_appendix.csv.gz,reader=rdata
data/raw/core_archives/AAT_01_reserving_core/01_reserving/problemofpoints_reservetestr/data/meyers_2019_appendix.rda,04eb23efd5fdcd9ed4f6478a52303f75e6abd45b77aa6a510f1c1039fc79a777,data/raw/core_archives/AAT_01_reserving_core/01_reserving/problemofpoints_reservetestr/data/meyers_2019_appendix.rda,meyers_2019_appendix,DataFrame,converted,15,2,data/processed/rdata/core_archives/AAT_01_reserving_core/01_reserving/problemofpoints_reservetestr/data/meyers_2019_appendix__meyers_2019_appendix.parquet,data/processed/rdata/core_archives/AAT_01_reserving_core/01_reserving/problemofpoints_reservetestr/data/meyers_2019_appendix__meyers_2019_appendix.csv.gz,reader=rdata
data/raw/core_archives/AAT_03_oprisk_core/03_oprisk/cran_copula/data/gasoil.rda,6d35791a20ead1a28a0be789a1ceb2bcc9da687b05421f92ec8d0d58d36f32f4,data/raw/core_archives/AAT_03_oprisk_core/03_oprisk/cran_copula/data/gasoil.rda,gasoil,DataFrame,converted,762,3,data/processed/rdata/core_archives/AAT_03_oprisk_core/03_oprisk/cran_copula/data/gasoil__gasoil.parquet,data/processed/rdata/core_archives/AAT_03_oprisk_core/03_oprisk/cran_copula/data/gasoil__gasoil.csv.gz,reader=rdata
data/raw/core_archives/AAT_03_oprisk_core/03_oprisk/cran_copula/data/rdj.rda,1398ac28db1e8279b3646e9caefe54c4342c1080b560bb863f9476e6b407c873,data/raw/core_archives/AAT_03_oprisk_core/03_oprisk/cran_copula/data/rdj.rda,rdj,DataFrame,converted,1262,4,data/processed/rdata/core_archives/AAT_03_oprisk_core/03_oprisk/cran_copula/data/rdj__rdj.parquet,data/processed/rdata/core_archives/AAT_03_oprisk_core/03_oprisk/cran_copula/data/rdj__rdj.csv.gz,reader=rdata
data/raw/core_archives/AAT_03_oprisk_core/03_oprisk/cran_copula/data/SMI.12.rda,7747a11caec9add18443c8a2b384905b91b8aeaa198ba47a744477dd0f4bdea3,data/raw/core_archives/AAT_03_oprisk_core/03_oprisk/cran_copula/data/SMI.12.rda,SMI.12,DataArray,converted,2820,3,data/processed/rdata/core_archives/AAT_03_oprisk_core/03_oprisk/cran_copula/data/SMI.12__SMI.12.parquet,data/processed/rdata/core_archives/AAT_03_oprisk_core/03_oprisk/cran_copula/data/SMI.12__SMI.12.csv.gz,reader=rdata
data/raw/core_archives/AAT_03_oprisk_core/03_oprisk/cran_copula/data/SMI.12.rda,7747a11caec9add18443c8a2b384905b91b8aeaa198ba47a744477dd0f4bdea3,data/raw/core_archives/AAT_03_oprisk_core/03_oprisk/cran_copula/data/SMI.12.rda,lSMI,dict,converted,1,20,data/processed/rdata/core_archives/AAT_03_oprisk_core/03_oprisk/cran_copula/data/SMI.12__lSMI.parquet,data/processed/rdata/core_archives/AAT_03_oprisk_core/03_oprisk/cran_copula/data/SMI.12__lSMI.csv.gz,reader=rdata
data/raw/core_archives/AAT_03_oprisk_core/03_oprisk/cran_evd/data/failure.rda,b876988aa26f4df73748581180e57025b6853432fbdf859087b7d56ffde29c2c,data/raw/core_archives/AAT_03_oprisk_core/03_oprisk/cran_evd/data/failure.rda,failure,ndarray,converted,24,1,data/processed/rdata/core_archives/AAT_03_oprisk_core/03_oprisk/cran_evd/data/failure__failure.parquet,data/processed/rdata/core_archives/AAT_03_oprisk_core/03_oprisk/cran_evd/data/failure__failure.csv.gz,reader=rdata
data/raw/core_archives/AAT_03_oprisk_core/03_oprisk/cran_evd/data/fox.rda,0374b18f43383a646ad44df5f02b092c619bd00f5e1d4928ba40523e57652fd1,data/raw/core_archives/AAT_03_oprisk_core/03_oprisk/cran_evd/data/fox.rda,fox,DataFrame,converted,33,2,data/processed/rdata/core_archives/AAT_03_oprisk_core/03_oprisk/cran_evd/data/fox__fox.parquet,data/processed/rdata/core_archives/AAT_03_oprisk_core/03_oprisk/cran_evd/data/fox__fox.csv.gz,reader=rdata
data/raw/core_archives/AAT_03_oprisk_core/03_oprisk/cran_evd/data/lisbon.rda,7eb2110da246adbf0cdda4e683d5cbdad93978733dbbcdfd3e4651cbc91ba698,data/raw/core_archives/AAT_03_oprisk_core/03_oprisk/cran_evd/data/lisbon.rda,lisbon,ndarray,converted,30,1,data/processed/rdata/core_archives/AAT_03_oprisk_core/03_oprisk/cran_evd/data/lisbon__lisbon.parquet,data/processed/rdata/core_archives/AAT_03_oprisk_core/03_oprisk/cran_evd/data/lisbon__lisbon.csv.gz,reader=rdata
data/raw/core_archives/AAT_03_oprisk_core/03_oprisk/cran_evd/data/lossalae.rda,623e588f4d25d18f58bf3dbe744a2f82d95f19d21d10fb20a58a09f420559e3e,data/raw/core_archives/AAT_03_oprisk_core/03_oprisk/cran_evd/data/lossalae.rda,lossalae,DataFrame,converted,1500,2,data/processed/rdata/core_archives/AAT_03_oprisk_core/03_oprisk/cran_evd/data/lossalae__lossalae.parquet,data/processed/rdata/core_archives/AAT_03_oprisk_core/03_oprisk/cran_evd/data/lossalae__lossalae.csv.gz,reader=rdata
data/raw/core_archives/AAT_03_oprisk_core/03_oprisk/cran_evd/data/ocmulgee.rda,493bfae54ba643d52ab945eaacc152a45b50b268b7b065439342af8e17e568cf,data/raw/core_archives/AAT_03_oprisk_core/03_oprisk/cran_evd/data/ocmulgee.rda,ocmulgee,DataFrame,converted,40,2,data/processed/rdata/core_archives/AAT_03_oprisk_core/03_oprisk/cran_evd/data/ocmulgee__ocmulgee.parquet,data/processed/rdata/core_archives/AAT_03_oprisk_core/03_oprisk/cran_evd/data/ocmulgee__ocmulgee.csv.gz,reader=rdata
data/raw/core_archives/AAT_03_oprisk_core/03_oprisk/cran_evd/data/oldage.rda,0c7dd6f6c8d79886a00da428eef2fce7fa7261ade74017ee04ce2fda726e27d0,data/raw/core_archives/AAT_03_oprisk_core/03_oprisk/cran_evd/data/oldage.rda,oldage,DataFrame,converted,66,2,data/processed/rdata/core_archives/AAT_03_oprisk_core/03_oprisk/cran_evd/data/oldage__oldage.parquet,data/processed/rdata/core_archives/AAT_03_oprisk_core/03_oprisk/cran_evd/data/oldage__oldage.csv.gz,reader=rdata
data/raw/core_archives/AAT_03_oprisk_core/03_oprisk/cran_evd/data/oxford.rda,08f4f99c6599dc7530e4a9e307f5c59ff3fb616894b1a1c56e61839300dae9d9,data/raw/core_archives/AAT_03_oprisk_core/03_oprisk/cran_evd/data/oxford.rda,oxford,ndarray,converted,80,1,data/processed/rdata/core_archives/AAT_03_oprisk_core/03_oprisk/cran_evd/data/oxford__oxford.parquet,data/processed/rdata/core_archives/AAT_03_oprisk_core/03_oprisk/cran_evd/data/oxford__oxford.csv.gz,reader=rdata
data/raw/core_archives/AAT_03_oprisk_core/03_oprisk/cran_evd/data/portpirie.rda,3a6efceca8ef19cc9631e071bc1010c6436e57e726a187d995a3dd5f356b5f47,data/raw/core_archives/AAT_03_oprisk_core/03_oprisk/cran_evd/data/portpirie.rda,portpirie,ndarray,converted,65,1,data/processed/rdata/core_archives/AAT_03_oprisk_core/03_oprisk/cran_evd/data/portpirie__portpirie.parquet,data/processed/rdata/core_archives/AAT_03_oprisk_core/03_oprisk/cran_evd/data/portpirie__portpirie.csv.gz,reader=rdata
data/raw/core_archives/AAT_03_oprisk_core/03_oprisk/cran_evd/data/sask.rda,c265c4b54a1592084fffcf630e0212bcbdbd6542f3bd907f0f5361aff0c2ec46,data/raw/core_archives/AAT_03_oprisk_core/03_oprisk/cran_evd/data/sask.rda,sask,ndarray,converted,48,1,data/processed/rdata/core_archives/AAT_03_oprisk_core/03_oprisk/cran_evd/data/sask__sask.parquet,data/processed/rdata/core_archives/AAT_03_oprisk_core/03_oprisk/cran_evd/data/sask__sask.csv.gz,reader=rdata
data/raw/core_archives/AAT_03_oprisk_core/03_oprisk/cran_evd/data/sealevel.rda,26afe63248938db8aa7aca8dd05802ecc857b7f573b21cc132d08ac3d1a268f1,data/raw/core_archives/AAT_03_oprisk_core/03_oprisk/cran_evd/data/sealevel.rda,sealevel,DataFrame,converted,81,2,data/processed/rdata/core_archives/AAT_03_oprisk_core/03_oprisk/cran_evd/data/sealevel__sealevel.parquet,data/processed/rdata/core_archives/AAT_03_oprisk_core/03_oprisk/cran_evd/data/sealevel__sealevel.csv.gz,reader=rdata
data/raw/core_archives/AAT_03_oprisk_core/03_oprisk/cran_evd/data/sealevel2.rda,50fccd2be4170bd9878470d0098b34195dc6a56d60a944b3bf0107ea3af363a7,data/raw/core_archives/AAT_03_oprisk_core/03_oprisk/cran_evd/data/sealevel2.rda,sealevel2,DataFrame,converted,81,3,data/processed/rdata/core_archives/AAT_03_oprisk_core/03_oprisk/cran_evd/data/sealevel2__sealevel2.parquet,data/processed/rdata/core_archives/AAT_03_oprisk_core/03_oprisk/cran_evd/data/sealevel2__sealevel2.csv.gz,reader=rdata
data/raw/core_archives/AAT_03_oprisk_core/03_oprisk/cran_evd/data/uccle.rda,d02ad3225f94e10c7a878cf948fb37b336e21291f669ead6c6f17e8ee13e4a1a,data/raw/core_archives/AAT_03_oprisk_core/03_oprisk/cran_evd/data/uccle.rda,uccle,DataFrame,converted,35,4,data/processed/rdata/core_archives/AAT_03_oprisk_core/03_oprisk/cran_evd/data/uccle__uccle.parquet,data/processed/rdata/core_archives/AAT_03_oprisk_core/03_oprisk/cran_evd/data/uccle__uccle.csv.gz,reader=rdata
data/raw/core_archives/AAT_03_oprisk_core/03_oprisk/cran_evd/data/venice.rda,73fecb0d677957161d4e274b289140b0c690117b41256045e1aba299a0b27898,data/raw/core_archives/AAT_03_oprisk_core/03_oprisk/cran_evd/data/venice.rda,venice,DataFrame,converted,51,10,data/processed/rdata/core_archives/AAT_03_oprisk_core/03_oprisk/cran_evd/data/venice__venice.parquet,data/processed/rdata/core_archives/AAT_03_oprisk_core/03_oprisk/cran_evd/data/venice__venice.csv.gz,reader=rdata
data/raw/core_archives/AAT_03_oprisk_core/03_oprisk/cran_evd/data/venice2.rda,40f9272073b312ea10c41db86336811ca5e57b6a44998c92ea418573ea51bc5b,data/raw/core_archives/AAT_03_oprisk_core/03_oprisk/cran_evd/data/venice2.rda,venice2,DataFrame,converted,125,10,data/processed/rdata/core_archives/AAT_03_oprisk_core/03_oprisk/cran_evd/data/venice2__venice2.parquet,data/processed/rdata/core_archives/AAT_03_oprisk_core/03_oprisk/cran_evd/data/venice2__venice2.csv.gz,reader=rdata
data/raw/core_archives/AAT_03_oprisk_core/03_oprisk/cran_evir/data/bmw.rda,bc86c777c05d19acd3c0ddef91a32a85ade6536b1ccc13d6d263fce67aad01ae,data/raw/core_archives/AAT_03_oprisk_core/03_oprisk/cran_evir/data/bmw.rda,bmw,ndarray,converted,6146,1,data/processed/rdata/core_archives/AAT_03_oprisk_core/03_oprisk/cran_evir/data/bmw__bmw.parquet,data/processed/rdata/core_archives/AAT_03_oprisk_core/03_oprisk/cran_evir/data/bmw__bmw.csv.gz,reader=rdata
data/raw/core_archives/AAT_03_oprisk_core/03_oprisk/cran_evir/data/danish.rda,3c443cdc24f2d10c28386a4d84680ca88577c903090f20244573a05a58ae918d,data/raw/core_archives/AAT_03_oprisk_core/03_oprisk/cran_evir/data/danish.rda,danish,ndarray,converted,2167,1,data/processed/rdata/core_archives/AAT_03_oprisk_core/03_oprisk/cran_evir/data/danish__danish.parquet,data/processed/rdata/core_archives/AAT_03_oprisk_core/03_oprisk/cran_evir/data/danish__danish.csv.gz,reader=rdata
data/raw/core_archives/AAT_03_oprisk_core/03_oprisk/cran_evir/data/nidd.annual.rda,1351801eddb1ac285e44034ea4b6fbd00dfc946751b636ed69d424986a3c5445,data/raw/core_archives/AAT_03_oprisk_core/03_oprisk/cran_evir/data/nidd.annual.rda,nidd.annual,ndarray,converted,35,1,data/processed/rdata/core_archives/AAT_03_oprisk_core/03_oprisk/cran_evir/data/nidd.annual__nidd.annual.parquet,data/processed/rdata/core_archives/AAT_03_oprisk_core/03_oprisk/cran_evir/data/nidd.annual__nidd.annual.csv.gz,reader=rdata
data/raw/core_archives/AAT_03_oprisk_core/03_oprisk/cran_evir/data/nidd.thresh.rda,6f6df8b88129ec6fae62a27060d42e11ddf15da2bc6c6d33a11a00cb1f4da28d,data/raw/core_archives/AAT_03_oprisk_core/03_oprisk/cran_evir/data/nidd.thresh.rda,nidd.thresh,ndarray,converted,154,1,data/processed/rdata/core_archives/AAT_03_oprisk_core/03_oprisk/cran_evir/data/nidd.thresh__nidd.thresh.parquet,data/processed/rdata/core_archives/AAT_03_oprisk_core/03_oprisk/cran_evir/data/nidd.thresh__nidd.thresh.csv.gz,reader=rdata
data/raw/core_archives/AAT_03_oprisk_core/03_oprisk/cran_evir/data/siemens.rda,e7f1d5c82ea97217bae264931cd5008e821ec831356cd58621a5754315af3c2b,data/raw/core_archives/AAT_03_oprisk_core/03_oprisk/cran_evir/data/siemens.rda,siemens,ndarray,converted,6146,1,data/processed/rdata/core_archives/AAT_03_oprisk_core/03_oprisk/cran_evir/data/siemens__siemens.parquet,data/processed/rdata/core_archives/AAT_03_oprisk_core/03_oprisk/cran_evir/data/siemens__siemens.csv.gz,reader=rdata
data/raw/core_archives/AAT_03_oprisk_core/03_oprisk/cran_evir/data/sp.raw.rda,70244f46d343e85a5a07fc44e213d5ea6a5552536f9566a34856077bec7b1e76,data/raw/core_archives/AAT_03_oprisk_core/03_oprisk/cran_evir/data/sp.raw.rda,sp.raw,ndarray,converted,8415,1,data/processed/rdata/core_archives/AAT_03_oprisk_core/03_oprisk/cran_evir/data/sp.raw__sp.raw.parquet,data/processed/rdata/core_archives/AAT_03_oprisk_core/03_oprisk/cran_evir/data/sp.raw__sp.raw.csv.gz,reader=rdata
data/raw/core_archives/AAT_03_oprisk_core/03_oprisk/cran_evir/data/spto87.rda,382c376264a2f0f4dd470bc7ab26f86960d951d234e15c0273fb8ce2fba7af07,data/raw/core_archives/AAT_03_oprisk_core/03_oprisk/cran_evir/data/spto87.rda,spto87,ndarray,converted,6985,1,data/processed/rdata/core_archives/AAT_03_oprisk_core/03_oprisk/cran_evir/data/spto87__spto87.parquet,data/processed/rdata/core_archives/AAT_03_oprisk_core/03_oprisk/cran_evir/data/spto87__spto87.csv.gz,reader=rdata
data/raw/core_archives/AAT_03_oprisk_core/03_oprisk/cran_ggsolvencyii/data/sii_levelmax_sf16_993.rda,c4f74f57ee57b0f242ea5772f858dab9a0e559c670f6340c057e3087bb86d387,data/raw/core_archives/AAT_03_oprisk_core/03_oprisk/cran_ggsolvencyii/data/sii_levelmax_sf16_993.rda,sii_levelmax_sf16_993,DataFrame,converted,8,2,data/processed/rdata/core_archives/AAT_03_oprisk_core/03_oprisk/cran_ggsolvencyii/data/sii_levelmax_sf16_993__sii_levelmax_sf16_993.parquet,data/processed/rdata/core_archives/AAT_03_oprisk_core/03_oprisk/cran_ggsolvencyii/data/sii_levelmax_sf16_993__sii_levelmax_sf16_993.csv.gz,reader=rdata
data/raw/core_archives/AAT_03_oprisk_core/03_oprisk/cran_ggsolvencyii/data/sii_levelmax_sf16_995.rda,a4e133bc5c56b12bc978dd3ceaaa66fb64589b159f3d8e04de36b1641703a15f,data/raw/core_archives/AAT_03_oprisk_core/03_oprisk/cran_ggsolvencyii/data/sii_levelmax_sf16_995.rda,sii_levelmax_sf16_995,DataFrame,converted,8,2,data/processed/rdata/core_archives/AAT_03_oprisk_core/03_oprisk/cran_ggsolvencyii/data/sii_levelmax_sf16_995__sii_levelmax_sf16_995.parquet,data/processed/rdata/core_archives/AAT_03_oprisk_core/03_oprisk/cran_ggsolvencyii/data/sii_levelmax_sf16_995__sii_levelmax_sf16_995.csv.gz,reader=rdata
data/raw/core_archives/AAT_03_oprisk_core/03_oprisk/cran_ggsolvencyii/data/sii_plotdetails_sf16.rda,1b8cf0ea406e38a2295934d2028c5248295a53d5f74cdf77628c0d381d9f02b0,data/raw/core_archives/AAT_03_oprisk_core/03_oprisk/cran_ggsolvencyii/data/sii_plotdetails_sf16.rda,sii_plotdetails_sf16,DataFrame,converted,20,8,data/processed/rdata/core_archives/AAT_03_oprisk_core/03_oprisk/cran_ggsolvencyii/data/sii_plotdetails_sf16__sii_plotdetails_sf16.parquet,data/processed/rdata/core_archives/AAT_03_oprisk_core/03_oprisk/cran_ggsolvencyii/data/sii_plotdetails_sf16__sii_plotdetails_sf16.csv.gz,reader=rdata
data/raw/core_archives/AAT_03_oprisk_core/03_oprisk/cran_ggsolvencyii/data/sii_structure_sf16_eng.rda,228b83f965e3c2ee30097d2afb9513021c3c4795c5894947aff7c82828bf9945,data/raw/core_archives/AAT_03_oprisk_core/03_oprisk/cran_ggsolvencyii/data/sii_structure_sf16_eng.rda,sii_structure_sf16_eng,DataFrame,converted,43,3,data/processed/rdata/core_archives/AAT_03_oprisk_core/03_oprisk/cran_ggsolvencyii/data/sii_structure_sf16_eng__sii_structure_sf16_eng.parquet,data/processed/rdata/core_archives/AAT_03_oprisk_core/03_oprisk/cran_ggsolvencyii/data/sii_structure_sf16_eng__sii_structure_sf16_eng.csv.gz,reader=rdata
data/raw/core_archives/AAT_03_oprisk_core/03_oprisk/cran_ggsolvencyii/data/sii_structure_sf16_nld.rda,8724a4da420ddd293d792ee9a8808232173ff2c617fb4e31203dbb56cf325e53,data/raw/core_archives/AAT_03_oprisk_core/03_oprisk/cran_ggsolvencyii/data/sii_structure_sf16_nld.rda,sii_structure_sf16_nld,DataFrame,converted,43,3,data/processed/rdata/core_archives/AAT_03_oprisk_core/03_oprisk/cran_ggsolvencyii/data/sii_structure_sf16_nld__sii_structure_sf16_nld.parquet,data/processed/rdata/core_archives/AAT_03_oprisk_core/03_oprisk/cran_ggsolvencyii/data/sii_structure_sf16_nld__sii_structure_sf16_nld.csv.gz,reader=rdata
data/raw/core_archives/AAT_03_oprisk_core/03_oprisk/cran_ggsolvencyii/data/sii_x_edgecolors_sf16_eng.rda,6471b989bc0b0416c158fca2cb10d440cc8750f901ed8c156ebe631568134195,data/raw/core_archives/AAT_03_oprisk_core/03_oprisk/cran_ggsolvencyii/data/sii_x_edgecolors_sf16_eng.rda,sii_x_edgecolors_sf16_eng,ndarray,converted,41,1,data/processed/rdata/core_archives/AAT_03_oprisk_core/03_oprisk/cran_ggsolvencyii/data/sii_x_edgecolors_sf16_eng__sii_x_edgecolors_sf16_eng.parquet,data/processed/rdata/core_archives/AAT_03_oprisk_core/03_oprisk/cran_ggsolvencyii/data/sii_x_edgecolors_sf16_eng__sii_x_edgecolors_sf16_eng.csv.gz,reader=rdata
data/raw/core_archives/AAT_03_oprisk_core/03_oprisk/cran_ggsolvencyii/data/sii_x_edgecolors_sf16_nld.rda,ee84b89ca6bbaf568780b6dcf176a24c0f39bb55d08da6403524a127d0651d1f,data/raw/core_archives/AAT_03_oprisk_core/03_oprisk/cran_ggsolvencyii/data/sii_x_edgecolors_sf16_nld.rda,sii_x_edgecolors_sf16_nld,ndarray,converted,41,1,data/processed/rdata/core_archives/AAT_03_oprisk_core/03_oprisk/cran_ggsolvencyii/data/sii_x_edgecolors_sf16_nld__sii_x_edgecolors_sf16_nld.parquet,data/processed/rdata/core_archives/AAT_03_oprisk_core/03_oprisk/cran_ggsolvencyii/data/sii_x_edgecolors_sf16_nld__sii_x_edgecolors_sf16_nld.csv.gz,reader=rdata
data/raw/core_archives/AAT_03_oprisk_core/03_oprisk/cran_ggsolvencyii/data/sii_x_fillcolors_sf16_eng.rda,34bfd16c4927a943c42604a21886d2389eb31553ef63518e4d4a9cfc39ab4f65,data/raw/core_archives/AAT_03_oprisk_core/03_oprisk/cran_ggsolvencyii/data/sii_x_fillcolors_sf16_eng.rda,sii_x_fillcolors_sf16_eng,ndarray,converted,41,1,data/processed/rdata/core_archives/AAT_03_oprisk_core/03_oprisk/cran_ggsolvencyii/data/sii_x_fillcolors_sf16_eng__sii_x_fillcolors_sf16_eng.parquet,data/processed/rdata/core_archives/AAT_03_oprisk_core/03_oprisk/cran_ggsolvencyii/data/sii_x_fillcolors_sf16_eng__sii_x_fillcolors_sf16_eng.csv.gz,reader=rdata
data/raw/core_archives/AAT_03_oprisk_core/03_oprisk/cran_ggsolvencyii/data/sii_x_fillcolors_sf16_nld.rda,f0e26f00c46d55731e12cb7573aa3846484cda1bd012352808b593649aac8f82,data/raw/core_archives/AAT_03_oprisk_core/03_oprisk/cran_ggsolvencyii/data/sii_x_fillcolors_sf16_nld.rda,sii_x_fillcolors_sf16_nld,ndarray,converted,41,1,data/processed/rdata/core_archives/AAT_03_oprisk_core/03_oprisk/cran_ggsolvencyii/data/sii_x_fillcolors_sf16_nld__sii_x_fillcolors_sf16_nld.parquet,data/processed/rdata/core_archives/AAT_03_oprisk_core/03_oprisk/cran_ggsolvencyii/data/sii_x_fillcolors_sf16_nld__sii_x_fillcolors_sf16_nld.csv.gz,reader=rdata
data/raw/core_archives/AAT_03_oprisk_core/03_oprisk/cran_ggsolvencyii/data/sii_z_ex1_data.rda,7baa2539f6afde7b49abed95e7dc790afde2c8b6bd9ab2e5d0bdd01587b363ca,data/raw/core_archives/AAT_03_oprisk_core/03_oprisk/cran_ggsolvencyii/data/sii_z_ex1_data.rda,sii_z_ex1_data,DataFrame,converted,230,6,data/processed/rdata/core_archives/AAT_03_oprisk_core/03_oprisk/cran_ggsolvencyii/data/sii_z_ex1_data__sii_z_ex1_data.parquet,data/processed/rdata/core_archives/AAT_03_oprisk_core/03_oprisk/cran_ggsolvencyii/data/sii_z_ex1_data__sii_z_ex1_data.csv.gz,reader=rdata
data/raw/core_archives/AAT_03_oprisk_core/03_oprisk/cran_ggsolvencyii/data/sii_z_ex1_edgecolors.rda,d516160bee2bde3811a702ffb682378075148ff4126a32b46be6905e78a0ed8e,data/raw/core_archives/AAT_03_oprisk_core/03_oprisk/cran_ggsolvencyii/data/sii_z_ex1_edgecolors.rda,sii_z_ex1_edgecolors,ndarray,converted,23,1,data/processed/rdata/core_archives/AAT_03_oprisk_core/03_oprisk/cran_ggsolvencyii/data/sii_z_ex1_edgecolors__sii_z_ex1_edgecolors.parquet,data/processed/rdata/core_archives/AAT_03_oprisk_core/03_oprisk/cran_ggsolvencyii/data/sii_z_ex1_edgecolors__sii_z_ex1_edgecolors.csv.gz,reader=rdata
data/raw/core_archives/AAT_03_oprisk_core/03_oprisk/cran_ggsolvencyii/data/sii_z_ex1_fillcolors.rda,7a0b6c6ab9c28f3633c514a77f5884a6df66a0ab3d945783f1d0c62bcfb860d0,data/raw/core_archives/AAT_03_oprisk_core/03_oprisk/cran_ggsolvencyii/data/sii_z_ex1_fillcolors.rda,sii_z_ex1_fillcolors,ndarray,converted,23,1,data/processed/rdata/core_archives/AAT_03_oprisk_core/03_oprisk/cran_ggsolvencyii/data/sii_z_ex1_fillcolors__sii_z_ex1_fillcolors.parquet,data/processed/rdata/core_archives/AAT_03_oprisk_core/03_oprisk/cran_ggsolvencyii/data/sii_z_ex1_fillcolors__sii_z_ex1_fillcolors.csv.gz,reader=rdata
data/raw/core_archives/AAT_03_oprisk_core/03_oprisk/cran_ggsolvencyii/data/sii_z_ex1_levelmax.rda,53c67d68fbbb7455193f6a5162eb3016f95443abfca457982c5b46ff0b29a844,data/raw/core_archives/AAT_03_oprisk_core/03_oprisk/cran_ggsolvencyii/data/sii_z_ex1_levelmax.rda,sii_z_ex1_levelmax,DataFrame,converted,5,2,data/processed/rdata/core_archives/AAT_03_oprisk_core/03_oprisk/cran_ggsolvencyii/data/sii_z_ex1_levelmax__sii_z_ex1_levelmax.parquet,data/processed/rdata/core_archives/AAT_03_oprisk_core/03_oprisk/cran_ggsolvencyii/data/sii_z_ex1_levelmax__sii_z_ex1_levelmax.csv.gz,reader=rdata
data/raw/core_archives/AAT_03_oprisk_core/03_oprisk/cran_ggsolvencyii/data/sii_z_ex1_plotdetails.rda,39b90a6bf5b72817d03d014fee906629382f3f2bc01852a724a38331f6d6cb99,data/raw/core_archives/AAT_03_oprisk_core/03_oprisk/cran_ggsolvencyii/data/sii_z_ex1_plotdetails.rda,sii_z_ex1_plotdetails,DataFrame,converted,13,8,data/processed/rdata/core_archives/AAT_03_oprisk_core/03_oprisk/cran_ggsolvencyii/data/sii_z_ex1_plotdetails__sii_z_ex1_plotdetails.parquet,data/processed/rdata/core_archives/AAT_03_oprisk_core/03_oprisk/cran_ggsolvencyii/data/sii_z_ex1_plotdetails__sii_z_ex1_plotdetails.csv.gz,reader=rdata
data/raw/core_archives/AAT_03_oprisk_core/03_oprisk/cran_ggsolvencyii/data/sii_z_ex1_plotdetails2.rda,d78b0ab800ecc031eacc6f2e732e91d6b7d3b468cfcebdcd0aff4f747101c40c,data/raw/core_archives/AAT_03_oprisk_core/03_oprisk/cran_ggsolvencyii/data/sii_z_ex1_plotdetails2.rda,sii_z_ex1_plotdetails2,DataFrame,converted,13,8,data/processed/rdata/core_archives/AAT_03_oprisk_core/03_oprisk/cran_ggsolvencyii/data/sii_z_ex1_plotdetails2__sii_z_ex1_plotdetails2.parquet,data/processed/rdata/core_archives/AAT_03_oprisk_core/03_oprisk/cran_ggsolvencyii/data/sii_z_ex1_plotdetails2__sii_z_ex1_plotdetails2.csv.gz,reader=rdata
data/raw/core_archives/AAT_03_oprisk_core/03_oprisk/cran_ggsolvencyii/data/sii_z_ex1_structure.rda,60f99e06fdcf70a16763f01774ddcb14b4f3882f170b1becdd4e764e32b16120,data/raw/core_archives/AAT_03_oprisk_core/03_oprisk/cran_ggsolvencyii/data/sii_z_ex1_structure.rda,sii_z_ex1_structure,DataFrame,converted,25,3,data/processed/rdata/core_archives/AAT_03_oprisk_core/03_oprisk/cran_ggsolvencyii/data/sii_z_ex1_structure__sii_z_ex1_structure.parquet,data/processed/rdata/core_archives/AAT_03_oprisk_core/03_oprisk/cran_ggsolvencyii/data/sii_z_ex1_structure__sii_z_ex1_structure.csv.gz,reader=rdata
data/raw/core_archives/AAT_03_oprisk_core/03_oprisk/cran_ggsolvencyii/data/sii_z_ex2_data.rda,a01bbc35b0631f5a051984a9cb7563fde7186af3f545a1be706f20acaf42896a,data/raw/core_archives/AAT_03_oprisk_core/03_oprisk/cran_ggsolvencyii/data/sii_z_ex2_data.rda,sii_z_ex2_data,DataFrame,converted,23,5,data/processed/rdata/core_archives/AAT_03_oprisk_core/03_oprisk/cran_ggsolvencyii/data/sii_z_ex2_data__sii_z_ex2_data.parquet,data/processed/rdata/core_archives/AAT_03_oprisk_core/03_oprisk/cran_ggsolvencyii/data/sii_z_ex2_data__sii_z_ex2_data.csv.gz,reader=rdata
data/raw/core_archives/AAT_03_oprisk_core/03_oprisk/cran_ggsolvencyii/data/sii_z_ex3_data.rda,7751653bbcbbd4823df788baf482ea66403db0f23237f5048684a78f63479e2f,data/raw/core_archives/AAT_03_oprisk_core/03_oprisk/cran_ggsolvencyii/data/sii_z_ex3_data.rda,sii_z_ex3_data,DataFrame,converted,129,6,data/processed/rdata/core_archives/AAT_03_oprisk_core/03_oprisk/cran_ggsolvencyii/data/sii_z_ex3_data__sii_z_ex3_data.parquet,data/processed/rdata/core_archives/AAT_03_oprisk_core/03_oprisk/cran_ggsolvencyii/data/sii_z_ex3_data__sii_z_ex3_data.csv.gz,reader=rdata
data/raw/core_archives/AAT_03_oprisk_core/03_oprisk/cran_ggsolvencyii/data/sii_z_ex3_plotdetails.rda,078582b9a2b1a11b6f57b1601005d96abecdec4b2078901a1e84b0efbb85e42e,data/raw/core_archives/AAT_03_oprisk_core/03_oprisk/cran_ggsolvencyii/data/sii_z_ex3_plotdetails.rda,sii_z_ex3_plotdetails,DataFrame,converted,24,8,data/processed/rdata/core_archives/AAT_03_oprisk_core/03_oprisk/cran_ggsolvencyii/data/sii_z_ex3_plotdetails__sii_z_ex3_plotdetails.parquet,data/processed/rdata/core_archives/AAT_03_oprisk_core/03_oprisk/cran_ggsolvencyii/data/sii_z_ex3_plotdetails__sii_z_ex3_plotdetails.csv.gz,reader=rdata
data/raw/core_archives/AAT_03_oprisk_core/03_oprisk/cran_ggsolvencyii/data/sii_z_ex4_data.rda,921cbeee517fea4e7e63abd3dc2a2018c93f2fad86d93c6f8cdcf7e4a8d9943d,data/raw/core_archives/AAT_03_oprisk_core/03_oprisk/cran_ggsolvencyii/data/sii_z_ex4_data.rda,sii_z_ex4_data,DataFrame,converted,27,6,data/processed/rdata/core_archives/AAT_03_oprisk_core/03_oprisk/cran_ggsolvencyii/data/sii_z_ex4_data__sii_z_ex4_data.parquet,data/processed/rdata/core_archives/AAT_03_oprisk_core/03_oprisk/cran_ggsolvencyii/data/sii_z_ex4_data__sii_z_ex4_data.csv.gz,reader=rdata
data/raw/core_archives/AAT_03_oprisk_core/03_oprisk/cran_ggsolvencyii/data/sii_z_ex4_levelmax.rda,94e961969eaab69b6599be94a720c0d9652c915b183ca18f4db9cd326223653d,data/raw/core_archives/AAT_03_oprisk_core/03_oprisk/cran_ggsolvencyii/data/sii_z_ex4_levelmax.rda,sii_z_ex4_levelmax,DataFrame,converted,3,2,data/processed/rdata/core_archives/AAT_03_oprisk_core/03_oprisk/cran_ggsolvencyii/data/sii_z_ex4_levelmax__sii_z_ex4_levelmax.parquet,data/processed/rdata/core_archives/AAT_03_oprisk_core/03_oprisk/cran_ggsolvencyii/data/sii_z_ex4_levelmax__sii_z_ex4_levelmax.csv.gz,reader=rdata
data/raw/core_archives/AAT_03_oprisk_core/03_oprisk/cran_ggsolvencyii/data/sii_z_ex4_structure.rda,a8c6e05c8af10157181bc3c7be40742d30259ce9f47128b56f72fd11cec43bbf,data/raw/core_archives/AAT_03_oprisk_core/03_oprisk/cran_ggsolvencyii/data/sii_z_ex4_structure.rda,sii_z_ex4_structure,DataFrame,converted,11,3,data/processed/rdata/core_archives/AAT_03_oprisk_core/03_oprisk/cran_ggsolvencyii/data/sii_z_ex4_structure__sii_z_ex4_structure.parquet,data/processed/rdata/core_archives/AAT_03_oprisk_core/03_oprisk/cran_ggsolvencyii/data/sii_z_ex4_structure__sii_z_ex4_structure.csv.gz,reader=rdata
data/raw/core_archives/AAT_03_oprisk_core/03_oprisk/cran_ggsolvencyii/data/sii_z_ex6_data.rda,617d432bdd11defe345d8127cc75d0e435ff501f19ea8179ba9a443c5d31fd52,data/raw/core_archives/AAT_03_oprisk_core/03_oprisk/cran_ggsolvencyii/data/sii_z_ex6_data.rda,sii_z_ex6_data,DataFrame,converted,49,6,data/processed/rdata/core_archives/AAT_03_oprisk_core/03_oprisk/cran_ggsolvencyii/data/sii_z_ex6_data__sii_z_ex6_data.parquet,data/processed/rdata/core_archives/AAT_03_oprisk_core/03_oprisk/cran_ggsolvencyii/data/sii_z_ex6_data__sii_z_ex6_data.csv.gz,reader=rdata
data/raw/core_archives/AAT_03_oprisk_core/03_oprisk/cran_ggsolvencyii/data/sii_z_ex6_data2.rda,fdf43834474285df6cc54f908ef7579c4071d0955c0627ed9c936defa08f526d,data/raw/core_archives/AAT_03_oprisk_core/03_oprisk/cran_ggsolvencyii/data/sii_z_ex6_data2.rda,sii_z_ex6_data2,DataFrame,converted,49,6,data/processed/rdata/core_archives/AAT_03_oprisk_core/03_oprisk/cran_ggsolvencyii/data/sii_z_ex6_data2__sii_z_ex6_data2.parquet,data/processed/rdata/core_archives/AAT_03_oprisk_core/03_oprisk/cran_ggsolvencyii/data/sii_z_ex6_data2__sii_z_ex6_data2.csv.gz,reader=rdata
data/raw/core_archives/AAT_03_oprisk_core/03_oprisk/cran_ggsolvencyii/data/sii_z_ex6_edgecolors.rda,326f2c518149a8584d50e6e14ddb097abb95fdbba62f1931c317d8a888d75266,data/raw/core_archives/AAT_03_oprisk_core/03_oprisk/cran_ggsolvencyii/data/sii_z_ex6_edgecolors.rda,sii_z_ex6_edgecolors,ndarray,converted,48,1,data/processed/rdata/core_archives/AAT_03_oprisk_core/03_oprisk/cran_ggsolvencyii/data/sii_z_ex6_edgecolors__sii_z_ex6_edgecolors.parquet,data/processed/rdata/core_archives/AAT_03_oprisk_core/03_oprisk/cran_ggsolvencyii/data/sii_z_ex6_edgecolors__sii_z_ex6_edgecolors.csv.gz,reader=rdata
data/raw/core_archives/AAT_03_oprisk_core/03_oprisk/cran_ggsolvencyii/data/sii_z_ex6_fillcolors.rda,d1d1db44bd801ac80dbf5928ba7108ecf8ded1f4ee9d6cb2b0cde9648cdc4beb,data/raw/core_archives/AAT_03_oprisk_core/03_oprisk/cran_ggsolvencyii/data/sii_z_ex6_fillcolors.rda,sii_z_ex6_fillcolors,ndarray,converted,48,1,data/processed/rdata/core_archives/AAT_03_oprisk_core/03_oprisk/cran_ggsolvencyii/data/sii_z_ex6_fillcolors__sii_z_ex6_fillcolors.parquet,data/processed/rdata/core_archives/AAT_03_oprisk_core/03_oprisk/cran_ggsolvencyii/data/sii_z_ex6_fillcolors__sii_z_ex6_fillcolors.csv.gz,reader=rdata
data/raw/core_archives/AAT_03_oprisk_core/03_oprisk/cran_ggsolvencyii/data/sii_z_ex6_levelmax.rda,955704c21fe68f5e593f0574ad4d193c0081d13ba48353813df4c365f51173e5,data/raw/core_archives/AAT_03_oprisk_core/03_oprisk/cran_ggsolvencyii/data/sii_z_ex6_levelmax.rda,sii_z_ex6_levelmax,DataFrame,converted,12,2,data/processed/rdata/core_archives/AAT_03_oprisk_core/03_oprisk/cran_ggsolvencyii/data/sii_z_ex6_levelmax__sii_z_ex6_levelmax.parquet,data/processed/rdata/core_archives/AAT_03_oprisk_core/03_oprisk/cran_ggsolvencyii/data/sii_z_ex6_levelmax__sii_z_ex6_levelmax.csv.gz,reader=rdata
data/raw/core_archives/AAT_03_oprisk_core/03_oprisk/cran_ggsolvencyii/data/sii_z_ex6_plotdetails.rda,6ada1b1610de8f4edcd957161fae23440f0252fcb3d847d3044ab707fdefbd72,data/raw/core_archives/AAT_03_oprisk_core/03_oprisk/cran_ggsolvencyii/data/sii_z_ex6_plotdetails.rda,sii_z_ex6_plotdetails,DataFrame,converted,12,8,data/processed/rdata/core_archives/AAT_03_oprisk_core/03_oprisk/cran_ggsolvencyii/data/sii_z_ex6_plotdetails__sii_z_ex6_plotdetails.parquet,data/processed/rdata/core_archives/AAT_03_oprisk_core/03_oprisk/cran_ggsolvencyii/data/sii_z_ex6_plotdetails__sii_z_ex6_plotdetails.csv.gz,reader=rdata
data/raw/core_archives/AAT_03_oprisk_core/03_oprisk/cran_ggsolvencyii/data/sii_z_ex6_structure.rda,2e6786b3e868627d4f828356eef805b48fc5229884bcc9b8bffbc3717390bd66,data/raw/core_archives/AAT_03_oprisk_core/03_oprisk/cran_ggsolvencyii/data/sii_z_ex6_structure.rda,sii_z_ex6_structure,DataFrame,converted,49,3,data/processed/rdata/core_archives/AAT_03_oprisk_core/03_oprisk/cran_ggsolvencyii/data/sii_z_ex6_structure__sii_z_ex6_structure.parquet,data/processed/rdata/core_archives/AAT_03_oprisk_core/03_oprisk/cran_ggsolvencyii/data/sii_z_ex6_structure__sii_z_ex6_structure.csv.gz,reader=rdata
data/raw/core_archives/AAT_03_oprisk_core/03_oprisk/cran_ggsolvencyii/data/sii_z_ex7_data.rda,1a42dab1723da3748de238db1ed2cff97b770dfe03cfd0b4e3f3aed0d08b0393,data/raw/core_archives/AAT_03_oprisk_core/03_oprisk/cran_ggsolvencyii/data/sii_z_ex7_data.rda,sii_z_ex7_data,DataFrame,converted,86,6,data/processed/rdata/core_archives/AAT_03_oprisk_core/03_oprisk/cran_ggsolvencyii/data/sii_z_ex7_data__sii_z_ex7_data.parquet,data/processed/rdata/core_archives/AAT_03_oprisk_core/03_oprisk/cran_ggsolvencyii/data/sii_z_ex7_data__sii_z_ex7_data.csv.gz,reader=rdata
data/raw/core_archives/AAT_03_oprisk_core/03_oprisk/cran_ggsolvencyii/data/sii_z_ex7_plotdetails.rda,de1532ba7f0837892ae4c7074e2f731c32648816b069b068c4e29ac7b7e406cf,data/raw/core_archives/AAT_03_oprisk_core/03_oprisk/cran_ggsolvencyii/data/sii_z_ex7_plotdetails.rda,sii_z_ex7_plotdetails,DataFrame,converted,22,8,data/processed/rdata/core_archives/AAT_03_oprisk_core/03_oprisk/cran_ggsolvencyii/data/sii_z_ex7_plotdetails__sii_z_ex7_plotdetails.parquet,data/processed/rdata/core_archives/AAT_03_oprisk_core/03_oprisk/cran_ggsolvencyii/data/sii_z_ex7_plotdetails__sii_z_ex7_plotdetails.csv.gz,reader=rdata
data/raw/core_archives/AAT_03_oprisk_core/03_oprisk/cran_OpVaR/data/lossdat.rda,e680769999a43e72154856180707dd91c28c84726d20f024b501e7291ad0b917,data/raw/core_archives/AAT_03_oprisk_core/03_oprisk/cran_OpVaR/data/lossdat.rda,lossdat,list,non_tabular,,,,,Object could not be represented losslessly as a rectangular table.
data/raw/core_archives/AAT_03_oprisk_core/03_oprisk/cran_ReIns/data/norwegianfire.RData,9788958b46164f30329555cce5ad772362f8d423d4c0817369aaa82f93c88b97,data/raw/core_archives/AAT_03_oprisk_core/03_oprisk/cran_ReIns/data/norwegianfire.RData,norwegianfire,DataFrame,converted,9181,2,data/processed/rdata/core_archives/AAT_03_oprisk_core/03_oprisk/cran_ReIns/data/norwegianfire__norwegianfire.parquet,data/processed/rdata/core_archives/AAT_03_oprisk_core/03_oprisk/cran_ReIns/data/norwegianfire__norwegianfire.csv.gz,reader=rdata
data/raw/core_archives/AAT_03_oprisk_core/03_oprisk/cran_ReIns/data/secura.RData,7be5ee3b329c9c2923afefd6f1cea572cfe894ceb192b2f90c18fb8704dbab83,data/raw/core_archives/AAT_03_oprisk_core/03_oprisk/cran_ReIns/data/secura.RData,secura,DataFrame,converted,371,2,data/processed/rdata/core_archives/AAT_03_oprisk_core/03_oprisk/cran_ReIns/data/secura__secura.parquet,data/processed/rdata/core_archives/AAT_03_oprisk_core/03_oprisk/cran_ReIns/data/secura__secura.csv.gz,reader=rdata
data/raw/core_archives/AAT_03_oprisk_core/03_oprisk/cran_ReIns/data/soa.RData,adb4cbce2e6aff07787a2c6364ffe7a08228c3b36689413ba9c3b24018e1d321,data/raw/core_archives/AAT_03_oprisk_core/03_oprisk/cran_ReIns/data/soa.RData,soa,DataFrame,converted,75789,1,data/processed/rdata/core_archives/AAT_03_oprisk_core/03_oprisk/cran_ReIns/data/soa__soa.parquet,data/processed/rdata/core_archives/AAT_03_oprisk_core/03_oprisk/cran_ReIns/data/soa__soa.csv.gz,reader=rdata
data/raw/github/01_reserving/cran_actuar/data/dental.rda,7e3a5cf7a3f9700b0eb80d0040409117f5fe698a282bd39c0de141b13376a2d2,data/raw/core_archives/AAT_01_reserving_core/01_reserving/cran_actuar/data/dental.rda,,,duplicate,,,,,Byte-identical source; canonical copy converted once.
data/raw/github/01_reserving/cran_actuar/data/gdental.rda,5967a5a66e6c29867146b5aad954ca8e32431c1163fa534a49a5ed9a8cee1a6f,data/raw/core_archives/AAT_01_reserving_core/01_reserving/cran_actuar/data/gdental.rda,,,duplicate,,,,,Byte-identical source; canonical copy converted once.
data/raw/github/01_reserving/cran_actuar/data/hachemeister.rda,e438665b77f6739853b6a9aab5b7f887de2c29979d4d5a7fc82e448554cdef5c,data/raw/core_archives/AAT_01_reserving_core/01_reserving/cran_actuar/data/hachemeister.rda,,,duplicate,,,,,Byte-identical source; canonical copy converted once.
data/raw/github/01_reserving/cran_ChainLadder/data/ABC.RData,1fba5818695b15b6066c2d0181beeee290018d524f636d0519b9397b5cf1cfa1,data/raw/core_archives/AAT_01_reserving_core/01_reserving/cran_ChainLadder/data/ABC.RData,,,duplicate,,,,,Byte-identical source; canonical copy converted once.
data/raw/github/01_reserving/cran_ChainLadder/data/auto.RData,6e4e6a801ee3c740cb89de3be6004efca824dc769e1ecf9c6703e6ae0a3c52bb,data/raw/core_archives/AAT_01_reserving_core/01_reserving/cran_ChainLadder/data/auto.RData,,,duplicate,,,,,Byte-identical source; canonical copy converted once.
data/raw/github/01_reserving/cran_ChainLadder/data/AutoBI.RData,eb56654b59c412412947025e3101170fccf0eea24948ff49db465d813bb6e0b2,data/raw/core_archives/AAT_01_reserving_core/01_reserving/cran_ChainLadder/data/AutoBI.RData,,,duplicate,,,,,Byte-identical source; canonical copy converted once.
data/raw/github/01_reserving/cran_ChainLadder/data/GenIns.RData,c102bfd8e12b8ee4861d55fe93521bb99936b19ebebcdaac8b1d17d7c410252f,data/raw/core_archives/AAT_01_reserving_core/01_reserving/cran_ChainLadder/data/GenIns.RData,,,duplicate,,,,,Byte-identical source; canonical copy converted once.
data/raw/github/01_reserving/cran_ChainLadder/data/GenInsLong.RData,1b7b2760d97e4845855ba2ee4b9cb685681adfba3fc73505660ae1d4149783bc,data/raw/core_archives/AAT_01_reserving_core/01_reserving/cran_ChainLadder/data/GenInsLong.RData,,,duplicate,,,,,Byte-identical source; canonical copy converted once.
data/raw/github/01_reserving/cran_ChainLadder/data/liab.RData,2f9f36b2c5551d5b469dd825ee87ef75ea15ee34799854ec123c88358559af39,data/raw/core_archives/AAT_01_reserving_core/01_reserving/cran_ChainLadder/data/liab.RData,,,duplicate,,,,,Byte-identical source; canonical copy converted once.
data/raw/github/01_reserving/cran_ChainLadder/data/M3IR5.RData,0a8d418d69af00314e80e9e59b107e5441567fbb73609ee616b3cef36f765c32,data/raw/core_archives/AAT_01_reserving_core/01_reserving/cran_ChainLadder/data/M3IR5.RData,,,duplicate,,,,,Byte-identical source; canonical copy converted once.
data/raw/github/01_reserving/cran_ChainLadder/data/MCLincurred.RData,413c139841179705c7d146272b47a3699c1f8c3f508c901f20dadc02d88125b3,data/raw/core_archives/AAT_01_reserving_core/01_reserving/cran_ChainLadder/data/MCLincurred.RData,,,duplicate,,,,,Byte-identical source; canonical copy converted once.
data/raw/github/01_reserving/cran_ChainLadder/data/MCLpaid.RData,251dd61fa48c64f31ba99fe37b006d725b133bc009b9a6f07005be6c71cec1a0,data/raw/core_archives/AAT_01_reserving_core/01_reserving/cran_ChainLadder/data/MCLpaid.RData,,,duplicate,,,,,Byte-identical source; canonical copy converted once.
data/raw/github/01_reserving/cran_ChainLadder/data/MedMal.RData,1ef77191556468231bab19d8a0574a069a155374d903e4f199d511c69104efdf,data/raw/core_archives/AAT_01_reserving_core/01_reserving/cran_ChainLadder/data/MedMal.RData,,,duplicate,,,,,Byte-identical source; canonical copy converted once.
data/raw/github/01_reserving/cran_ChainLadder/data/Mortgage.RData,9374ff84d79e6f4e12e908baa44b8b6281acdae26ae9a2eea28b514968d04083,data/raw/core_archives/AAT_01_reserving_core/01_reserving/cran_ChainLadder/data/Mortgage.RData,,,duplicate,,,,,Byte-identical source; canonical copy converted once.
data/raw/github/01_reserving/cran_ChainLadder/data/MW2008.RData,3dff24eaab0dfe614c11f2fc66a1d8dffbbd0f35b6b05a0bef9b40eda8f70fc9,data/raw/core_archives/AAT_01_reserving_core/01_reserving/cran_ChainLadder/data/MW2008.RData,,,duplicate,,,,,Byte-identical source; canonical copy converted once.
data/raw/github/01_reserving/cran_ChainLadder/data/MW2014.RData,315d43fad5a5fb2b83224f08783da7ff7c96f9af214a9b7209ac6db36d9a83e1,data/raw/core_archives/AAT_01_reserving_core/01_reserving/cran_ChainLadder/data/MW2014.RData,,,duplicate,,,,,Byte-identical source; canonical copy converted once.
data/raw/github/01_reserving/cran_ChainLadder/data/qincurred.RData,e25eabbc0dd116a72ce8b320abbe3e50135ac4d9d148a1c7c7d439a1374ac1f3,data/raw/core_archives/AAT_01_reserving_core/01_reserving/cran_ChainLadder/data/qincurred.RData,,,duplicate,,,,,Byte-identical source; canonical copy converted once.
data/raw/github/01_reserving/cran_ChainLadder/data/qpaid.RData,073b0030e246320a7310db778a32fb1fcce7b5bf13666d9487ca305dc913dcc7,data/raw/core_archives/AAT_01_reserving_core/01_reserving/cran_ChainLadder/data/qpaid.RData,,,duplicate,,,,,Byte-identical source; canonical copy converted once.
data/raw/github/01_reserving/cran_ChainLadder/data/RAA.RData,7a65bb313e74a489a56272e59063406e082d067f83df51e3142ee2f88a0f7ffd,data/raw/core_archives/AAT_01_reserving_core/01_reserving/cran_ChainLadder/data/RAA.RData,,,duplicate,,,,,Byte-identical source; canonical copy converted once.
data/raw/github/01_reserving/cran_ChainLadder/data/UKMotor.RData,b00c1fb98a352819f2e5aa9de6c7af4f53cfee46f5db591c88dbca5783374a0f,data/raw/core_archives/AAT_01_reserving_core/01_reserving/cran_ChainLadder/data/UKMotor.RData,,,duplicate,,,,,Byte-identical source; canonical copy converted once.
data/raw/github/01_reserving/cran_ChainLadder/data/USAAincurred.RData,64b179a7321a1d6250cca65a58927d1e3ec4d6d10778af9c3b85f9ec7cf436f9,data/raw/core_archives/AAT_01_reserving_core/01_reserving/cran_ChainLadder/data/USAAincurred.RData,,,duplicate,,,,,Byte-identical source; canonical copy converted once.
data/raw/github/01_reserving/cran_ChainLadder/data/USAApaid.RData,482937a738ba6f955fa78765e87246640ec7abf9df4389486d1de07a3b0aeea5,data/raw/core_archives/AAT_01_reserving_core/01_reserving/cran_ChainLadder/data/USAApaid.RData,,,duplicate,,,,,Byte-identical source; canonical copy converted once.
data/raw/github/01_reserving/cran_insuranceData/data/AutoBi.rda,92646d779a0de27e403450cbe47a171cdb3b7396899c1f0a4a4e4dca9b10a907,data/raw/core_archives/AAT_01_reserving_core/01_reserving/cran_insuranceData/data/AutoBi.rda,,,duplicate,,,,,Byte-identical source; canonical copy converted once.
data/raw/github/01_reserving/cran_insuranceData/data/AutoClaims.rda,1190d98dce724e1c6c9035bbe369645cf30e1010d7fbe47e39507b45dc6c2294,data/raw/core_archives/AAT_01_reserving_core/01_reserving/cran_insuranceData/data/AutoClaims.rda,,,duplicate,,,,,Byte-identical source; canonical copy converted once.
data/raw/github/01_reserving/cran_insuranceData/data/AutoCollision.rda,23678d6bf4b0b14219d8fcacfab85385315b59371347ddb61e81889c0fad69a0,data/raw/core_archives/AAT_01_reserving_core/01_reserving/cran_insuranceData/data/AutoCollision.rda,,,duplicate,,,,,Byte-identical source; canonical copy converted once.
data/raw/github/01_reserving/cran_insuranceData/data/ClaimsLong.rda,8389b936093404870094cfd2f02d0753ee35ba76f44e61a787dcf494950fb0b9,data/raw/core_archives/AAT_01_reserving_core/01_reserving/cran_insuranceData/data/ClaimsLong.rda,,,duplicate,,,,,Byte-identical source; canonical copy converted once.
data/raw/github/01_reserving/cran_insuranceData/data/dataCar.rda,830124e270ffd4a77acd70a323a977f675ead52ac492733876810d30220a0869,data/raw/core_archives/AAT_01_reserving_core/01_reserving/cran_insuranceData/data/dataCar.rda,,,duplicate,,,,,Byte-identical source; canonical copy converted once.
data/raw/github/01_reserving/cran_insuranceData/data/dataOhlsson.rda,1d68f102a9db151f96774add0dd9c99e4a44bf2923267239d7861d533e9daa12,data/raw/core_archives/AAT_01_reserving_core/01_reserving/cran_insuranceData/data/dataOhlsson.rda,,,duplicate,,,,,Byte-identical source; canonical copy converted once.
data/raw/github/01_reserving/cran_insuranceData/data/IndustryAuto.rda,deaff4e671866a5f2da1fd571cbd1b7c2da759b66e6543fde0a0686a267cb736,data/raw/core_archives/AAT_01_reserving_core/01_reserving/cran_insuranceData/data/IndustryAuto.rda,,,duplicate,,,,,Byte-identical source; canonical copy converted once.
data/raw/github/01_reserving/cran_insuranceData/data/SingaporeAuto.rda,1bbab2b55b637f4a9668846e9b5f54f1ab73c3f3918f0cf2003cbd11203fc693,data/raw/core_archives/AAT_01_reserving_core/01_reserving/cran_insuranceData/data/SingaporeAuto.rda,,,duplicate,,,,,Byte-identical source; canonical copy converted once.
data/raw/github/01_reserving/cran_insuranceData/data/Thirdparty.rda,3abb39e18120f48d9972e48b569dba4694a97edec4bb011290fc4ec7abb671c0,data/raw/core_archives/AAT_01_reserving_core/01_reserving/cran_insuranceData/data/Thirdparty.rda,,,duplicate,,,,,Byte-identical source; canonical copy converted once.
data/raw/github/01_reserving/cran_insuranceData/data/WorkersComp.rda,ad617a8c0a357f6042dd680e41f979b46ab2c6f4d03b2990bad90422f8ae76b1,data/raw/core_archives/AAT_01_reserving_core/01_reserving/cran_insuranceData/data/WorkersComp.rda,,,duplicate,,,,,Byte-identical source; canonical copy converted once.
data/raw/github/01_reserving/cran_raw/data/comauto.rda,5a380b59f2c4c3e1e798e9335e808d1149025ad6abd7051f2735a1bc1fc19cc9,data/raw/core_archives/AAT_01_reserving_core/01_reserving/cran_raw/data/comauto.rda,,,duplicate,,,,,Byte-identical source; canonical copy converted once.
data/raw/github/01_reserving/cran_raw/data/COTOR2.rda,bba1601cc1604b75293c849019c128857982661fa054374566f32eca19d1d80c,data/raw/core_archives/AAT_01_reserving_core/01_reserving/cran_raw/data/COTOR2.rda,,,duplicate,,,,,Byte-identical source; canonical copy converted once.
data/raw/github/01_reserving/cran_raw/data/COTOR3.rda,3e327e95c83fbe94350838a2f1f8f5c86744d42092de76d1a43ab600ce81e211,data/raw/core_archives/AAT_01_reserving_core/01_reserving/cran_raw/data/COTOR3.rda,,,duplicate,,,,,Byte-identical source; canonical copy converted once.
data/raw/github/01_reserving/cran_raw/data/COTOR4.rda,bc8906199a97f6cf21b6f1188a5c064c0ad595beec7f28a0e958527faf9beac5,data/raw/core_archives/AAT_01_reserving_core/01_reserving/cran_raw/data/COTOR4.rda,,,duplicate,,,,,Byte-identical source; canonical copy converted once.
data/raw/github/01_reserving/cran_raw/data/COTOR5.rda,3b904a1af77922efed477d418fa0a7f1281373ee16f588f17ae911aaaf2a9d95,data/raw/core_archives/AAT_01_reserving_core/01_reserving/cran_raw/data/COTOR5.rda,,,duplicate,,,,,Byte-identical source; canonical copy converted once.
data/raw/github/01_reserving/cran_raw/data/Hurricane.rda,d2fbb49dc990d5120205f16425a29aa499575ea473254c4932754715df0b6ebe,data/raw/core_archives/AAT_01_reserving_core/01_reserving/cran_raw/data/Hurricane.rda,,,duplicate,,,,,Byte-identical source; canonical copy converted once.
data/raw/github/01_reserving/cran_raw/data/medmal.rda,72105c9745b29b0178418cc524b960193a2fd3915fbaa34a9ab7fc428a6882c6,data/raw/core_archives/AAT_01_reserving_core/01_reserving/cran_raw/data/medmal.rda,,,duplicate,,,,,Byte-identical source; canonical copy converted once.
data/raw/github/01_reserving/cran_raw/data/MultiTri.rda,d7258e0a0aa00fdc0805aac598c97ef8e72854665957cf69638615a68923b1c6,data/raw/core_archives/AAT_01_reserving_core/01_reserving/cran_raw/data/MultiTri.rda,,,duplicate,,,,,Byte-identical source; canonical copy converted once.
data/raw/github/01_reserving/cran_raw/data/NJM_WC.rda,5b89264d2938310deeace173d22a7eb7384202babddf56f5acb3a97473f2cb10,data/raw/core_archives/AAT_01_reserving_core/01_reserving/cran_raw/data/NJM_WC.rda,,,duplicate,,,,,Byte-identical source; canonical copy converted once.
data/raw/github/01_reserving/cran_raw/data/othliab.rda,86a7fabf14e08d70a8eb766ed648d0b3d0ff8592ab2793f52ea9665149daf74a,data/raw/core_archives/AAT_01_reserving_core/01_reserving/cran_raw/data/othliab.rda,,,duplicate,,,,,Byte-identical source; canonical copy converted once.
data/raw/github/01_reserving/cran_raw/data/PPA.rda,e57b7bbcf7ba2b64b8245200a5accd9601fd26c9b9dab760aa1d3fef8caff5a9,data/raw/core_archives/AAT_01_reserving_core/01_reserving/cran_raw/data/PPA.rda,,,duplicate,,,,,Byte-identical source; canonical copy converted once.
data/raw/github/01_reserving/cran_raw/data/ppauto.rda,1a5ce233d0f587ae35bb596e31dfdb5f183b8705885f7b07dd06f74aa38eee45,data/raw/core_archives/AAT_01_reserving_core/01_reserving/cran_raw/data/ppauto.rda,,,duplicate,,,,,Byte-identical source; canonical copy converted once.
data/raw/github/01_reserving/cran_raw/data/prodliab.rda,05abea570fbb963582ace5c6a78511c8758d9d2dd0bf4e29e02b38fac3e43709,data/raw/core_archives/AAT_01_reserving_core/01_reserving/cran_raw/data/prodliab.rda,,,duplicate,,,,,Byte-identical source; canonical copy converted once.
data/raw/github/01_reserving/cran_raw/data/RegionExperience.rda,13aae25128303d4fdc13f2f019b82e0330f9340dde341ab73ef54782718d5d14,data/raw/core_archives/AAT_01_reserving_core/01_reserving/cran_raw/data/RegionExperience.rda,,,duplicate,,,,,Byte-identical source; canonical copy converted once.
data/raw/github/01_reserving/cran_raw/data/StateExperience.rda,5645c5015cbae4bd716a09c4d078d3c9fdc7b4cd1073ab2241a7e412d3a0c126,data/raw/core_archives/AAT_01_reserving_core/01_reserving/cran_raw/data/StateExperience.rda,,,duplicate,,,,,Byte-identical source; canonical copy converted once.
data/raw/github/01_reserving/cran_raw/data/wkcomp.rda,2c21cb6d8e67f984d2662da6b2055acad91da54e48e21ce93bb0a003ec0489f6,data/raw/core_archives/AAT_01_reserving_core/01_reserving/cran_raw/data/wkcomp.rda,,,duplicate,,,,,Byte-identical source; canonical copy converted once.
data/raw/github/01_reserving/cran_SPLICE/data/test_incurred_dataset_inflated.rda,84ccb227149d67eab3f69c5dd80bb905c685c3ad3c771597522503c6d383a9fa,data/raw/github/01_reserving/cran_SPLICE/data/test_incurred_dataset_inflated.rda,test_incurred_dataset_inflated,DataFrame,converted,31250,9,data/processed/rdata/github/01_reserving/cran_SPLICE/data/test_incurred_dataset_inflated__test_incurred_dataset_inflated.parquet,data/processed/rdata/github/01_reserving/cran_SPLICE/data/test_incurred_dataset_inflated__test_incurred_dataset_inflated.csv.gz,reader=rdata
data/raw/github/01_reserving/cran_SPLICE/data/test_incurred_dataset_noInf.rda,fa0245e9349ec450089ac1e8c86f09e4dd1a698a1a498f83a1c24561f28b6670,data/raw/github/01_reserving/cran_SPLICE/data/test_incurred_dataset_noInf.rda,test_incurred_dataset_noInf,DataFrame,converted,31250,9,data/processed/rdata/github/01_reserving/cran_SPLICE/data/test_incurred_dataset_noInf__test_incurred_dataset_noInf.parquet,data/processed/rdata/github/01_reserving/cran_SPLICE/data/test_incurred_dataset_noInf__test_incurred_dataset_noInf.csv.gz,reader=rdata
data/raw/github/01_reserving/cran_SynthETIC/data/test_claim_dataset.rda,566b86258e60480680b5d185a40bd4f2b433d633556bea0806bafc5fd2d3ce32,data/raw/github/01_reserving/cran_SynthETIC/data/test_claim_dataset.rda,test_claim_dataset,DataFrame,converted,3624,7,data/processed/rdata/github/01_reserving/cran_SynthETIC/data/test_claim_dataset__test_claim_dataset.parquet,data/processed/rdata/github/01_reserving/cran_SynthETIC/data/test_claim_dataset__test_claim_dataset.csv.gz,reader=rdata
data/raw/github/01_reserving/cran_SynthETIC/data/test_claim_dataset_cov.rda,132385a9c8ef9ff05512f1b8edce7363ed1d7ee5fb29dc93f01f6681d05fa77d,data/raw/github/01_reserving/cran_SynthETIC/data/test_claim_dataset_cov.rda,test_claim_dataset_cov,DataFrame,converted,3624,7,data/processed/rdata/github/01_reserving/cran_SynthETIC/data/test_claim_dataset_cov__test_claim_dataset_cov.parquet,data/processed/rdata/github/01_reserving/cran_SynthETIC/data/test_claim_dataset_cov__test_claim_dataset_cov.csv.gz,reader=rdata
data/raw/github/01_reserving/cran_SynthETIC/data/test_claims_object.rda,63b748a4503d26dc23c2e9eb72b76845a8962ad72dce7ba6a4d1af9f781d1b56,data/raw/github/01_reserving/cran_SynthETIC/data/test_claims_object.rda,test_claims_object,dict,converted,1,10,data/processed/rdata/github/01_reserving/cran_SynthETIC/data/test_claims_object__test_claims_object.parquet,data/processed/rdata/github/01_reserving/cran_SynthETIC/data/test_claims_object__test_claims_object.csv.gz,reader=rdata
data/raw/github/01_reserving/cran_SynthETIC/data/test_claims_object_cov.rda,cf9051cb5bfd1b7ea6f03a5d48deefc684dd6900f54003b9677c5d43b6829f18,data/raw/github/01_reserving/cran_SynthETIC/data/test_claims_object_cov.rda,test_claims_object_cov,dict,converted,1,10,data/processed/rdata/github/01_reserving/cran_SynthETIC/data/test_claims_object_cov__test_claims_object_cov.parquet,data/processed/rdata/github/01_reserving/cran_SynthETIC/data/test_claims_object_cov__test_claims_object_cov.csv.gz,reader=rdata
data/raw/github/01_reserving/cran_SynthETIC/data/test_covariates_dataset.rda,d2fdf6d59cd3de926aabc7fac7cbeb517734ab0775e427a6987fd931dcf7bd86,data/raw/github/01_reserving/cran_SynthETIC/data/test_covariates_dataset.rda,test_covariates_dataset,dict,converted,1,7,data/processed/rdata/github/01_reserving/cran_SynthETIC/data/test_covariates_dataset__test_covariates_dataset.parquet,data/processed/rdata/github/01_reserving/cran_SynthETIC/data/test_covariates_dataset__test_covariates_dataset.csv.gz,reader=rdata
data/raw/github/01_reserving/cran_SynthETIC/data/test_covariates_obj.rda,edb2da4fdac8ebcf3cbc6a8a2d943b281afc9752033af8c1fd409959521d31b5,data/raw/github/01_reserving/cran_SynthETIC/data/test_covariates_obj.rda,test_covariates_obj,dict,converted,1,5,data/processed/rdata/github/01_reserving/cran_SynthETIC/data/test_covariates_obj__test_covariates_obj.parquet,data/processed/rdata/github/01_reserving/cran_SynthETIC/data/test_covariates_obj__test_covariates_obj.csv.gz,reader=rdata
data/raw/github/01_reserving/cran_SynthETIC/data/test_transaction_dataset.rda,db2e9093da5aab6bf8fa0c0994f65e33411cae74f5a1042daeb08e2ddd26a5bb,data/raw/github/01_reserving/cran_SynthETIC/data/test_transaction_dataset.rda,test_transaction_dataset,DataFrame,converted,18983,12,data/processed/rdata/github/01_reserving/cran_SynthETIC/data/test_transaction_dataset__test_transaction_dataset.parquet,data/processed/rdata/github/01_reserving/cran_SynthETIC/data/test_transaction_dataset__test_transaction_dataset.csv.gz,reader=rdata
data/raw/github/01_reserving/cran_SynthETIC/data/test_transaction_dataset_cov.rda,4f72aa457636b6f9bad4ffc17fa56aa0f5d55fa505ad11f5f8d0ba2d9a1edddd,data/raw/github/01_reserving/cran_SynthETIC/data/test_transaction_dataset_cov.rda,test_transaction_dataset_cov,DataFrame,converted,17382,12,data/processed/rdata/github/01_reserving/cran_SynthETIC/data/test_transaction_dataset_cov__test_transaction_dataset_cov.parquet,data/processed/rdata/github/01_reserving/cran_SynthETIC/data/test_transaction_dataset_cov__test_transaction_dataset_cov.csv.gz,reader=rdata
data/raw/github/01_reserving/kasaai_simulationmachine/R/sysdata.rda,430b78baa803cb1a5239d81c1757d35d434fe4974726dbb5f73de73757e6fba7,data/raw/github/01_reserving/kasaai_simulationmachine/R/sysdata.rda,,,parse_failed,,,,,"rdata=NotImplementedError: Type RObjectType.PROM not implemented; pyreadr=LibrdataError: Invalid file, or file has unsupported features"
data/raw/github/01_reserving/kevinykuo_deeptriangle/data/dt_group_codes.rda,361c8b2d6b4cb6cfc5d5b75629cde599e399a96ba9c8ebe25230b9b35671f230,data/raw/core_archives/AAT_01_reserving_core/01_reserving/kevinykuo_deeptriangle/data/dt_group_codes.rda,,,duplicate,,,,,Byte-identical source; canonical copy converted once.
data/raw/github/01_reserving/kevinykuo_deeptriangle/data/stochastic_model_results.rda,6ad444c9f222ff4f7613b5228322e99e06b809a828c61c13f73edcce14b8d3e6,data/raw/core_archives/AAT_01_reserving_core/01_reserving/kevinykuo_deeptriangle/data/stochastic_model_results.rda,,,duplicate,,,,,Byte-identical source; canonical copy converted once.
data/raw/github/01_reserving/problemofpoints_reservetestr/data/cas_loss_reserve_db.rda,997b17f9077c8d180fc3fbb07576a16e9c59a94ef1fb379a883b2634fba8eec4,data/raw/core_archives/AAT_01_reserving_core/01_reserving/problemofpoints_reservetestr/data/cas_loss_reserve_db.rda,,,duplicate,,,,,Byte-identical source; canonical copy converted once.
data/raw/github/01_reserving/problemofpoints_reservetestr/data/meyers_2016_wintereforum_appendix.rda,58f689a7cad8436b0a644e17fcf72089630086a269e901c1f76fb1d52b1c7fc5,data/raw/core_archives/AAT_01_reserving_core/01_reserving/problemofpoints_reservetestr/data/meyers_2016_wintereforum_appendix.rda,,,duplicate,,,,,Byte-identical source; canonical copy converted once.
data/raw/github/01_reserving/problemofpoints_reservetestr/data/meyers_2019_appendix.rda,04eb23efd5fdcd9ed4f6478a52303f75e6abd45b77aa6a510f1c1039fc79a777,data/raw/core_archives/AAT_01_reserving_core/01_reserving/problemofpoints_reservetestr/data/meyers_2019_appendix.rda,,,duplicate,,,,,Byte-identical source; canonical copy converted once.
data/raw/github/01_reserving/problemofpoints_reservetestr/R/sysdata.rda,305b74e32cdeae1124c51d1446a309ec55a0242bbcbfcb2df5735025df02dfd4,data/raw/github/01_reserving/problemofpoints_reservetestr/R/sysdata.rda,meyers_2016_appendix,DataFrame,converted,200,11,data/processed/rdata/github/01_reserving/problemofpoints_reservetestr/R/sysdata__meyers_2016_appendix.parquet,data/processed/rdata/github/01_reserving/problemofpoints_reservetestr/R/sysdata__meyers_2016_appendix.csv.gz,reader=rdata
data/raw/github/01_reserving/problemofpoints_reservetestr/R/sysdata.rda,305b74e32cdeae1124c51d1446a309ec55a0242bbcbfcb2df5735025df02dfd4,data/raw/github/01_reserving/problemofpoints_reservetestr/R/sysdata.rda,meyers_2019_appendix_internal,DataFrame,converted,15,2,data/processed/rdata/github/01_reserving/problemofpoints_reservetestr/R/sysdata__meyers_2019_appendix_internal.parquet,data/processed/rdata/github/01_reserving/problemofpoints_reservetestr/R/sysdata__meyers_2019_appendix_internal.csv.gz,reader=rdata
data/raw/github/01_reserving/problemofpoints_reservetestr/R/sysdata.rda,305b74e32cdeae1124c51d1446a309ec55a0242bbcbfcb2df5735025df02dfd4,data/raw/github/01_reserving/problemofpoints_reservetestr/R/sysdata.rda,map_lines,DataFrame,converted,4,2,data/processed/rdata/github/01_reserving/problemofpoints_reservetestr/R/sysdata__map_lines.parquet,data/processed/rdata/github/01_reserving/problemofpoints_reservetestr/R/sysdata__map_lines.csv.gz,reader=rdata
data/raw/github/02_motor_pricing/ActuarialDataScience/11 - Model Comparison and Calibration Assessment/grid/c_grid_xgb.RData,609531441e60e099ee6268cfecc70be37cd12a876775d83e6bc331cb7c782552,data/raw/github/02_motor_pricing/ActuarialDataScience/11 - Model Comparison and Calibration Assessment/grid/c_grid_xgb.RData,paramGrid,DataFrame,converted,20,10,data/processed/rdata/github/02_motor_pricing/ActuarialDataScience/11 - Model Comparison and Calibration Assessment/grid/c_grid_xgb__paramGrid.parquet,data/processed/rdata/github/02_motor_pricing/ActuarialDataScience/11 - Model Comparison and Calibration Assessment/grid/c_grid_xgb__paramGrid.csv.gz,reader=rdata
data/raw/github/02_motor_pricing/ActuarialDataScience/11 - Model Comparison and Calibration Assessment/grid/grid_xgb.RData,7905e5fceec6e80531792eac8b000577c0a567ec6e4e0a0f5409a7a54acde826,data/raw/github/02_motor_pricing/ActuarialDataScience/11 - Model Comparison and Calibration Assessment/grid/grid_xgb.RData,paramGrid,DataFrame,converted,20,11,data/processed/rdata/github/02_motor_pricing/ActuarialDataScience/11 - Model Comparison and Calibration Assessment/grid/grid_xgb__paramGrid.parquet,data/processed/rdata/github/02_motor_pricing/ActuarialDataScience/11 - Model Comparison and Calibration Assessment/grid/grid_xgb__paramGrid.csv.gz,reader=rdata
data/raw/github/02_motor_pricing/CASdatasets/data/asiacomrisk.rda,c1618593d9930c328c5219613ca6fc87758f39f6de7a3b95e922e13d42ca8132,data/raw/github/02_motor_pricing/CASdatasets/data/asiacomrisk.rda,asiacomrisk,DataFrame,converted,526,7,data/processed/rdata/github/02_motor_pricing/CASdatasets/data/asiacomrisk__asiacomrisk.parquet,data/processed/rdata/github/02_motor_pricing/CASdatasets/data/asiacomrisk__asiacomrisk.csv.gz,reader=rdata
data/raw/github/02_motor_pricing/CASdatasets/data/ausautoBI8999.rda,6df43173003188e9c8ab6e53c8b4baa6691c351daa2f82e82f89b9f0e4747cf4,data/raw/github/02_motor_pricing/CASdatasets/data/ausautoBI8999.rda,ausautoBI8999,DataFrame,converted,22036,15,data/processed/rdata/github/02_motor_pricing/CASdatasets/data/ausautoBI8999__ausautoBI8999.parquet,data/processed/rdata/github/02_motor_pricing/CASdatasets/data/ausautoBI8999__ausautoBI8999.csv.gz,reader=rdata
data/raw/github/02_motor_pricing/CASdatasets/data/auscathist.rda,9217f24c7dd5d867bba460288811d85329449dcff6fd718f981eacf13c4b842b,data/raw/github/02_motor_pricing/CASdatasets/data/auscathist.rda,auscathist,DataFrame,converted,206,10,data/processed/rdata/github/02_motor_pricing/CASdatasets/data/auscathist__auscathist.parquet,data/processed/rdata/github/02_motor_pricing/CASdatasets/data/auscathist__auscathist.csv.gz,reader=rdata
data/raw/github/02_motor_pricing/CASdatasets/data/ausMTPL8486.rda,97bef22bd26944216fdae7c6c1e875a60afb7e9b91786bd31ccf1b196424a293,data/raw/github/02_motor_pricing/CASdatasets/data/ausMTPL8486.rda,ausMTPL8486,DataFrame,converted,176,7,data/processed/rdata/github/02_motor_pricing/CASdatasets/data/ausMTPL8486__ausMTPL8486.parquet,data/processed/rdata/github/02_motor_pricing/CASdatasets/data/ausMTPL8486__ausMTPL8486.csv.gz,reader=rdata
data/raw/github/02_motor_pricing/CASdatasets/data/ausNLHYCapAdeq.rda,6386091b77fe599036d7234549ff6c5cfc21e90c85b408fad0b751dffbd31d92,data/raw/github/02_motor_pricing/CASdatasets/data/ausNLHYCapAdeq.rda,ausNLHYCapAdeq,DataFrame,converted,28,34,data/processed/rdata/github/02_motor_pricing/CASdatasets/data/ausNLHYCapAdeq__ausNLHYCapAdeq.parquet,data/processed/rdata/github/02_motor_pricing/CASdatasets/data/ausNLHYCapAdeq__ausNLHYCapAdeq.csv.gz,reader=rdata
data/raw/github/02_motor_pricing/CASdatasets/data/ausNLHYCapAdeqByComp.rda,c1868b6d509dae3f1df5a1cc99c4cff967bd61bd528d46f7cf5c50437b767954,data/raw/github/02_motor_pricing/CASdatasets/data/ausNLHYCapAdeqByComp.rda,ausNLHYCapAdeqByComp,DataFrame,converted,171,56,data/processed/rdata/github/02_motor_pricing/CASdatasets/data/ausNLHYCapAdeqByComp__ausNLHYCapAdeqByComp.parquet,data/processed/rdata/github/02_motor_pricing/CASdatasets/data/ausNLHYCapAdeqByComp__ausNLHYCapAdeqByComp.csv.gz,reader=rdata
data/raw/github/02_motor_pricing/CASdatasets/data/ausNLHYClaimByState.rda,78680df1bd519dc365c39b1d1c4a1914b2dbd8e6e4f02fbb3c43efb236c075fa,data/raw/github/02_motor_pricing/CASdatasets/data/ausNLHYClaimByState.rda,ausNLHYClaimByState,DataFrame,converted,15,89,data/processed/rdata/github/02_motor_pricing/CASdatasets/data/ausNLHYClaimByState__ausNLHYClaimByState.parquet,data/processed/rdata/github/02_motor_pricing/CASdatasets/data/ausNLHYClaimByState__ausNLHYClaimByState.csv.gz,reader=rdata
data/raw/github/02_motor_pricing/CASdatasets/data/ausNLHYFinPerf.rda,45790924045b757a11f8d1f8dc7683faa7bcd9c95be359d084940682e4bc47df,data/raw/github/02_motor_pricing/CASdatasets/data/ausNLHYFinPerf.rda,ausNLHYFinPerf,DataFrame,converted,22,34,data/processed/rdata/github/02_motor_pricing/CASdatasets/data/ausNLHYFinPerf__ausNLHYFinPerf.parquet,data/processed/rdata/github/02_motor_pricing/CASdatasets/data/ausNLHYFinPerf__ausNLHYFinPerf.csv.gz,reader=rdata
data/raw/github/02_motor_pricing/CASdatasets/data/ausNLHYFinPerfByComp.rda,0981e85467b2b81d547c8cc734a0a2a2a794d6702caa51a1eb45780fe2ac8100,data/raw/github/02_motor_pricing/CASdatasets/data/ausNLHYFinPerfByComp.rda,ausNLHYFinPerfByComp,DataFrame,converted,173,144,data/processed/rdata/github/02_motor_pricing/CASdatasets/data/ausNLHYFinPerfByComp__ausNLHYFinPerfByComp.parquet,data/processed/rdata/github/02_motor_pricing/CASdatasets/data/ausNLHYFinPerfByComp__ausNLHYFinPerfByComp.csv.gz,reader=rdata
data/raw/github/02_motor_pricing/CASdatasets/data/ausNLHYFinPerfPublic.rda,255d1a68e4dce2c35853358a031a9239379925505291a2f1ac6471fd432b62f9,data/raw/github/02_motor_pricing/CASdatasets/data/ausNLHYFinPerfPublic.rda,ausNLHYFinPerfPublic,DataFrame,converted,13,7,data/processed/rdata/github/02_motor_pricing/CASdatasets/data/ausNLHYFinPerfPublic__ausNLHYFinPerfPublic.parquet,data/processed/rdata/github/02_motor_pricing/CASdatasets/data/ausNLHYFinPerfPublic__ausNLHYFinPerfPublic.csv.gz,reader=rdata
data/raw/github/02_motor_pricing/CASdatasets/data/ausNLHYFinPos.rda,42f3d7b4852cde760baf7c7887202a79a142dcddf8860aeb1bd008fd9bf48ea9,data/raw/github/02_motor_pricing/CASdatasets/data/ausNLHYFinPos.rda,ausNLHYFinPos,DataFrame,converted,26,45,data/processed/rdata/github/02_motor_pricing/CASdatasets/data/ausNLHYFinPos__ausNLHYFinPos.parquet,data/processed/rdata/github/02_motor_pricing/CASdatasets/data/ausNLHYFinPos__ausNLHYFinPos.csv.gz,reader=rdata
data/raw/github/02_motor_pricing/CASdatasets/data/ausNLHYFinPosByComp.rda,48daabc88dafbce23cd1442cf0b87a1cb2bb192f76a8a26d7cae9c8b0b41b0d0,data/raw/github/02_motor_pricing/CASdatasets/data/ausNLHYFinPosByComp.rda,ausNLHYFinPosByComp,DataFrame,converted,176,78,data/processed/rdata/github/02_motor_pricing/CASdatasets/data/ausNLHYFinPosByComp__ausNLHYFinPosByComp.parquet,data/processed/rdata/github/02_motor_pricing/CASdatasets/data/ausNLHYFinPosByComp__ausNLHYFinPosByComp.csv.gz,reader=rdata
data/raw/github/02_motor_pricing/CASdatasets/data/ausNLHYFinPosPublic.rda,b756009e43f024837de36ebe1842bf665c82e59584078c39670c4f38c9959f72,data/raw/github/02_motor_pricing/CASdatasets/data/ausNLHYFinPosPublic.rda,ausNLHYFinPosPublic,DataFrame,converted,13,13,data/processed/rdata/github/02_motor_pricing/CASdatasets/data/ausNLHYFinPosPublic__ausNLHYFinPosPublic.parquet,data/processed/rdata/github/02_motor_pricing/CASdatasets/data/ausNLHYFinPosPublic__ausNLHYFinPosPublic.csv.gz,reader=rdata
data/raw/github/02_motor_pricing/CASdatasets/data/ausNLHYLiability.rda,2012f5c05ec2ae151f1b3cd22e2279f068fe7c08000bc6287335c824145bae82,data/raw/github/02_motor_pricing/CASdatasets/data/ausNLHYLiability.rda,ausNLHYLiability,DataFrame,converted,18,45,data/processed/rdata/github/02_motor_pricing/CASdatasets/data/ausNLHYLiability__ausNLHYLiability.parquet,data/processed/rdata/github/02_motor_pricing/CASdatasets/data/ausNLHYLiability__ausNLHYLiability.csv.gz,reader=rdata
data/raw/github/02_motor_pricing/CASdatasets/data/ausNLHYLloydAsset.rda,5564a30912000435432fac37597087116e428cd560fbcdd01077abd554dda69b,data/raw/github/02_motor_pricing/CASdatasets/data/ausNLHYLloydAsset.rda,ausNLHYLloydAsset,DataFrame,converted,6,16,data/processed/rdata/github/02_motor_pricing/CASdatasets/data/ausNLHYLloydAsset__ausNLHYLloydAsset.parquet,data/processed/rdata/github/02_motor_pricing/CASdatasets/data/ausNLHYLloydAsset__ausNLHYLloydAsset.csv.gz,reader=rdata
data/raw/github/02_motor_pricing/CASdatasets/data/ausNLHYLloydGPI.rda,bebda8b83926e83f59faae5c52065cbb7f34571ee608b2b0b33ddf63d56858a9,data/raw/github/02_motor_pricing/CASdatasets/data/ausNLHYLloydGPI.rda,ausNLHYLloydGPI,DataFrame,converted,30,16,data/processed/rdata/github/02_motor_pricing/CASdatasets/data/ausNLHYLloydGPI__ausNLHYLloydGPI.parquet,data/processed/rdata/github/02_motor_pricing/CASdatasets/data/ausNLHYLloydGPI__ausNLHYLloydGPI.csv.gz,reader=rdata
data/raw/github/02_motor_pricing/CASdatasets/data/ausNLHYLloydUWAcc.rda,6f2a6047c78914be6964de38b94d991eb86b630ae7eea801d282d85933e4834f,data/raw/github/02_motor_pricing/CASdatasets/data/ausNLHYLloydUWAcc.rda,ausNLHYLloydUWAcc,DataFrame,converted,16,16,data/processed/rdata/github/02_motor_pricing/CASdatasets/data/ausNLHYLloydUWAcc__ausNLHYLloydUWAcc.parquet,data/processed/rdata/github/02_motor_pricing/CASdatasets/data/ausNLHYLloydUWAcc__ausNLHYLloydUWAcc.csv.gz,reader=rdata
data/raw/github/02_motor_pricing/CASdatasets/data/ausNLHYLloydUWRes.rda,67becef52800e11a943ee1539ed2159e3a7dc45c0c7f582d05eb50e40769af81,data/raw/github/02_motor_pricing/CASdatasets/data/ausNLHYLloydUWRes.rda,ausNLHYLloydUWRes,DataFrame,converted,10,16,data/processed/rdata/github/02_motor_pricing/CASdatasets/data/ausNLHYLloydUWRes__ausNLHYLloydUWRes.parquet,data/processed/rdata/github/02_motor_pricing/CASdatasets/data/ausNLHYLloydUWRes__ausNLHYLloydUWRes.csv.gz,reader=rdata
data/raw/github/02_motor_pricing/CASdatasets/data/ausNLHYOffProf.rda,dcb80c74329a53b809f261a9f2eb5ac8baf4a1a4c47387c6075cb11f2f055780,data/raw/github/02_motor_pricing/CASdatasets/data/ausNLHYOffProf.rda,ausNLHYOffProf,DataFrame,converted,21,67,data/processed/rdata/github/02_motor_pricing/CASdatasets/data/ausNLHYOffProf__ausNLHYOffProf.parquet,data/processed/rdata/github/02_motor_pricing/CASdatasets/data/ausNLHYOffProf__ausNLHYOffProf.csv.gz,reader=rdata
data/raw/github/02_motor_pricing/CASdatasets/data/ausNLHYOpIncExp.rda,ab2e201963c3b53770f9c7c84cd6dabc758cbff7524f59ab4307dac379f54ee4,data/raw/github/02_motor_pricing/CASdatasets/data/ausNLHYOpIncExp.rda,ausNLHYOpIncExp,DataFrame,converted,22,34,data/processed/rdata/github/02_motor_pricing/CASdatasets/data/ausNLHYOpIncExp__ausNLHYOpIncExp.parquet,data/processed/rdata/github/02_motor_pricing/CASdatasets/data/ausNLHYOpIncExp__ausNLHYOpIncExp.csv.gz,reader=rdata
data/raw/github/02_motor_pricing/CASdatasets/data/ausNLHYOpIncExpPublic.rda,aeeac3dcb0a933e69ab2f506a6a4ff6ec0aeb663a7f47f0351d9d3f8cc69a34c,data/raw/github/02_motor_pricing/CASdatasets/data/ausNLHYOpIncExpPublic.rda,ausNLHYOpIncExpPublic,DataFrame,converted,15,7,data/processed/rdata/github/02_motor_pricing/CASdatasets/data/ausNLHYOpIncExpPublic__ausNLHYOpIncExpPublic.parquet,data/processed/rdata/github/02_motor_pricing/CASdatasets/data/ausNLHYOpIncExpPublic__ausNLHYOpIncExpPublic.csv.gz,reader=rdata
data/raw/github/02_motor_pricing/CASdatasets/data/ausNLHYPremByState.rda,b0e271a6f11df3b65fc8c60eb8ee2c52d17df8d764d583dc306efc91c2695fd0,data/raw/github/02_motor_pricing/CASdatasets/data/ausNLHYPremByState.rda,ausNLHYPremByState,DataFrame,converted,15,89,data/processed/rdata/github/02_motor_pricing/CASdatasets/data/ausNLHYPremByState__ausNLHYPremByState.parquet,data/processed/rdata/github/02_motor_pricing/CASdatasets/data/ausNLHYPremByState__ausNLHYPremByState.csv.gz,reader=rdata
data/raw/github/02_motor_pricing/CASdatasets/data/ausNLHYPremClaim.rda,a8c4011e75fb7036b106a42840cc9a377f1180356bf39bdef20e3acd03bfde85,data/raw/github/02_motor_pricing/CASdatasets/data/ausNLHYPremClaim.rda,ausNLHYPremClaim,DataFrame,converted,18,56,data/processed/rdata/github/02_motor_pricing/CASdatasets/data/ausNLHYPremClaim__ausNLHYPremClaim.parquet,data/processed/rdata/github/02_motor_pricing/CASdatasets/data/ausNLHYPremClaim__ausNLHYPremClaim.csv.gz,reader=rdata
data/raw/github/02_motor_pricing/CASdatasets/data/ausNLHYPremClaimPublic.rda,3189b01ed0e69444686145d1fa1432fcd1cc0f53dd443c0270ae6e5670270270,data/raw/github/02_motor_pricing/CASdatasets/data/ausNLHYPremClaimPublic.rda,ausNLHYPremClaimPublic,DataFrame,converted,15,181,data/processed/rdata/github/02_motor_pricing/CASdatasets/data/ausNLHYPremClaimPublic__ausNLHYPremClaimPublic.parquet,data/processed/rdata/github/02_motor_pricing/CASdatasets/data/ausNLHYPremClaimPublic__ausNLHYPremClaimPublic.csv.gz,reader=rdata
data/raw/github/02_motor_pricing/CASdatasets/data/ausNLHYPrivInsur.rda,e3f0b128cc56b4b114e09299e12adbdf6bc0f58cad7f0c297509ece6ae704869,data/raw/github/02_motor_pricing/CASdatasets/data/ausNLHYPrivInsur.rda,ausNLHYPrivInsur,DataFrame,converted,171,31,data/processed/rdata/github/02_motor_pricing/CASdatasets/data/ausNLHYPrivInsur__ausNLHYPrivInsur.parquet,data/processed/rdata/github/02_motor_pricing/CASdatasets/data/ausNLHYPrivInsur__ausNLHYPrivInsur.csv.gz,reader=rdata
data/raw/github/02_motor_pricing/CASdatasets/data/ausNLHYPubInsur.rda,07875673ba31ee799e41faf91e49f084b4ff8a52c2bb51d5694e676a33e5d96f,data/raw/github/02_motor_pricing/CASdatasets/data/ausNLHYPubInsur.rda,ausNLHYPubInsur,DataFrame,converted,14,6,data/processed/rdata/github/02_motor_pricing/CASdatasets/data/ausNLHYPubInsur__ausNLHYPubInsur.parquet,data/processed/rdata/github/02_motor_pricing/CASdatasets/data/ausNLHYPubInsur__ausNLHYPubInsur.csv.gz,reader=rdata
data/raw/github/02_motor_pricing/CASdatasets/data/ausNLHYRecAASB.rda,756af4149ef8dc07f6102f4d76221a5c8c8f193606c772803adcc466ca65e85e,data/raw/github/02_motor_pricing/CASdatasets/data/ausNLHYRecAASB.rda,ausNLHYRecAASB,DataFrame,converted,35,34,data/processed/rdata/github/02_motor_pricing/CASdatasets/data/ausNLHYRecAASB__ausNLHYRecAASB.parquet,data/processed/rdata/github/02_motor_pricing/CASdatasets/data/ausNLHYRecAASB__ausNLHYRecAASB.csv.gz,reader=rdata
data/raw/github/02_motor_pricing/CASdatasets/data/ausNLHYReserve.rda,fe6d5369e945627f592f590a2e1781c4ce49c13717fe4012349e452844edba49,data/raw/github/02_motor_pricing/CASdatasets/data/ausNLHYReserve.rda,ausNLHYReserve,DataFrame,converted,18,45,data/processed/rdata/github/02_motor_pricing/CASdatasets/data/ausNLHYReserve__ausNLHYReserve.parquet,data/processed/rdata/github/02_motor_pricing/CASdatasets/data/ausNLHYReserve__ausNLHYReserve.csv.gz,reader=rdata
data/raw/github/02_motor_pricing/CASdatasets/data/ausNSWdeath02.rda,1ca934cfb558b49c689e441f2f7f73259080a7820b6f95ccfcd64baaa92a7c65,data/raw/github/02_motor_pricing/CASdatasets/data/ausNSWdeath02.rda,ausNSWdeath02,dict,converted,1,2,data/processed/rdata/github/02_motor_pricing/CASdatasets/data/ausNSWdeath02__ausNSWdeath02.parquet,data/processed/rdata/github/02_motor_pricing/CASdatasets/data/ausNSWdeath02__ausNSWdeath02.csv.gz,reader=rdata
data/raw/github/02_motor_pricing/CASdatasets/data/ausNSWdriver04.rda,c0173ba3466cc137660d1213a024e53cadf39749ab52e08de76ae4bf8159e3ef,data/raw/github/02_motor_pricing/CASdatasets/data/ausNSWdriver04.rda,ausNSWdriver04,dict,converted,1,2,data/processed/rdata/github/02_motor_pricing/CASdatasets/data/ausNSWdriver04__ausNSWdriver04.parquet,data/processed/rdata/github/02_motor_pricing/CASdatasets/data/ausNSWdriver04__ausNSWdriver04.csv.gz,reader=rdata
data/raw/github/02_motor_pricing/CASdatasets/data/ausprivauto0405.rda,c8aeabd0b75e16a2b9a7452cfb3e8e2b3ec36a27171d35c2862bc8278777461c,data/raw/github/02_motor_pricing/CASdatasets/data/ausprivauto0405.rda,ausprivauto0405,DataFrame,converted,67856,9,data/processed/rdata/github/02_motor_pricing/CASdatasets/data/ausprivauto0405__ausprivauto0405.parquet,data/processed/rdata/github/02_motor_pricing/CASdatasets/data/ausprivauto0405__ausprivauto0405.csv.gz,reader=rdata
data/raw/github/02_motor_pricing/CASdatasets/data/ausprivautolong.rda,46d5a5b12419ae78427a92b1beae910cc7f9a5c5468c8a96022c9b7549ab49e4,data/raw/github/02_motor_pricing/CASdatasets/data/ausprivautolong.rda,ausprivautolong,DataFrame,converted,120000,6,data/processed/rdata/github/02_motor_pricing/CASdatasets/data/ausprivautolong__ausprivautolong.parquet,data/processed/rdata/github/02_motor_pricing/CASdatasets/data/ausprivautolong__ausprivautolong.csv.gz,reader=rdata
data/raw/github/02_motor_pricing/CASdatasets/data/austri1autoBI7895.rda,5bfbb733b4f94e592b520c4e44339ece0a3223743fc9f9203e4913f9cae212cb,data/raw/github/02_motor_pricing/CASdatasets/data/austri1autoBI7895.rda,austri1autoBI7895,dict,converted,1,5,data/processed/rdata/github/02_motor_pricing/CASdatasets/data/austri1autoBI7895__austri1autoBI7895.parquet,data/processed/rdata/github/02_motor_pricing/CASdatasets/data/austri1autoBI7895__austri1autoBI7895.csv.gz,Mixed object columns were string-normalized for Parquet.
data/raw/github/02_motor_pricing/CASdatasets/data/austri2auto.rda,c72f3158d6acef04b72e78d11258dd129ce78062e0b4f059a3409a2794067157,data/raw/github/02_motor_pricing/CASdatasets/data/austri2auto.rda,austri2auto,DataArray,converted,100,3,data/processed/rdata/github/02_motor_pricing/CASdatasets/data/austri2auto__austri2auto.parquet,data/processed/rdata/github/02_motor_pricing/CASdatasets/data/austri2auto__austri2auto.csv.gz,reader=rdata
data/raw/github/02_motor_pricing/CASdatasets/data/beaonre.rda,a356f56004fc765b75b2b60f1922bc96b4bf3ca9bdd427848404e10735eefec1,data/raw/github/02_motor_pricing/CASdatasets/data/beaonre.rda,beaonre,DataFrame,converted,1823,3,data/processed/rdata/github/02_motor_pricing/CASdatasets/data/beaonre__beaonre.parquet,data/processed/rdata/github/02_motor_pricing/CASdatasets/data/beaonre__beaonre.csv.gz,reader=rdata
data/raw/github/02_motor_pricing/CASdatasets/data/beMTPL16.rda,c5ed8a558d93025e7c0bbff5b7cb7e18d665ad2b97dc5abddc3087a3856a37fe,data/raw/github/02_motor_pricing/CASdatasets/data/beMTPL16.rda,beMTPL16,DataFrame,converted,70791,19,data/processed/rdata/github/02_motor_pricing/CASdatasets/data/beMTPL16__beMTPL16.parquet,data/processed/rdata/github/02_motor_pricing/CASdatasets/data/beMTPL16__beMTPL16.csv.gz,reader=rdata
data/raw/github/02_motor_pricing/CASdatasets/data/beMTPL97.rda,955a821a7a693bf18076c425e4d5a5a99889f3c89e1fbd99eca6239c11e963a6,data/raw/github/02_motor_pricing/CASdatasets/data/beMTPL97.rda,beMTPL97,DataFrame,converted,163212,18,data/processed/rdata/github/02_motor_pricing/CASdatasets/data/beMTPL97__beMTPL97.parquet,data/processed/rdata/github/02_motor_pricing/CASdatasets/data/beMTPL97__beMTPL97.csv.gz,reader=rdata
data/raw/github/02_motor_pricing/CASdatasets/data/besecura.rda,89aca2c3b16bcb648e3624bf93ff7aee0776e46c1c7f46ce121e603be7540ecb,data/raw/github/02_motor_pricing/CASdatasets/data/besecura.rda,besecura,DataFrame,converted,371,2,data/processed/rdata/github/02_motor_pricing/CASdatasets/data/besecura__besecura.parquet,data/processed/rdata/github/02_motor_pricing/CASdatasets/data/besecura__besecura.csv.gz,reader=rdata
data/raw/github/02_motor_pricing/CASdatasets/data/braggclaim.rda,728fa4cc2f93e2072330122d7330b76a631d530886fbbab55a239ce23f58f912,data/raw/github/02_motor_pricing/CASdatasets/data/braggclaim.rda,braggclaim,DataFrame,converted,205,6,data/processed/rdata/github/02_motor_pricing/CASdatasets/data/braggclaim__braggclaim.parquet,data/processed/rdata/github/02_motor_pricing/CASdatasets/data/braggclaim__braggclaim.csv.gz,reader=rdata
data/raw/github/02_motor_pricing/CASdatasets/data/braggprem.rda,8a8706e4e89560849dad40fd84950e943fbb76e1b0aa58c1f466d67a923754f8,data/raw/github/02_motor_pricing/CASdatasets/data/braggprem.rda,braggprem,DataFrame,converted,205,7,data/processed/rdata/github/02_motor_pricing/CASdatasets/data/braggprem__braggprem.parquet,data/processed/rdata/github/02_motor_pricing/CASdatasets/data/braggprem__braggprem.csv.gz,reader=rdata
data/raw/github/02_motor_pricing/CASdatasets/data/brautocoll.rda,fb83f9eca623f2ed7a2a4d67951a6f23f60c9e5d57ab6078165316a4e779cf11,data/raw/github/02_motor_pricing/CASdatasets/data/brautocoll.rda,brautocoll,DataFrame,converted,1314,7,data/processed/rdata/github/02_motor_pricing/CASdatasets/data/brautocoll__brautocoll.parquet,data/processed/rdata/github/02_motor_pricing/CASdatasets/data/brautocoll__brautocoll.csv.gz,reader=rdata
data/raw/github/02_motor_pricing/CASdatasets/data/brgeomunicins.rda,4c70080d507734262cbca497da2894c194cb1c653e545557c2d68d2928ff44d8,data/raw/github/02_motor_pricing/CASdatasets/data/brgeomunicins.rda,brgeomunicins,DataFrame,converted,1833,18,data/processed/rdata/github/02_motor_pricing/CASdatasets/data/brgeomunicins__brgeomunicins.parquet,data/processed/rdata/github/02_motor_pricing/CASdatasets/data/brgeomunicins__brgeomunicins.csv.gz,reader=rdata
data/raw/github/02_motor_pricing/CASdatasets/data/brvehins1a.rda,add2eae56ea29287a87f5ec8974886099834524c8407ac885ff8079eb32607fa,data/raw/github/02_motor_pricing/CASdatasets/data/brvehins1a.rda,brvehins1a,DataFrame,converted,393071,23,data/processed/rdata/github/02_motor_pricing/CASdatasets/data/brvehins1a__brvehins1a.parquet,data/processed/rdata/github/02_motor_pricing/CASdatasets/data/brvehins1a__brvehins1a.csv.gz,reader=rdata
data/raw/github/02_motor_pricing/CASdatasets/data/brvehins1b.rda,4667ca837df8e0593a9dba1a64faa7777ed4a72ebdba741d9c69ce354725957a,data/raw/github/02_motor_pricing/CASdatasets/data/brvehins1b.rda,brvehins1b,DataFrame,converted,393071,23,data/processed/rdata/github/02_motor_pricing/CASdatasets/data/brvehins1b__brvehins1b.parquet,data/processed/rdata/github/02_motor_pricing/CASdatasets/data/brvehins1b__brvehins1b.csv.gz,reader=rdata
data/raw/github/02_motor_pricing/CASdatasets/data/brvehins1c.rda,7aaf8f5405ce01c31ce4dd942e60507dd242a73a3524a27e81a19266ddc4a5fb,data/raw/github/02_motor_pricing/CASdatasets/data/brvehins1c.rda,brvehins1c,DataFrame,converted,393071,23,data/processed/rdata/github/02_motor_pricing/CASdatasets/data/brvehins1c__brvehins1c.parquet,data/processed/rdata/github/02_motor_pricing/CASdatasets/data/brvehins1c__brvehins1c.csv.gz,reader=rdata
data/raw/github/02_motor_pricing/CASdatasets/data/brvehins1d.rda,848b629b003d580896588e91cb110439a9cf7842ff7e7c92a85a6cef957d47fb,data/raw/github/02_motor_pricing/CASdatasets/data/brvehins1d.rda,brvehins1d,DataFrame,converted,393071,23,data/processed/rdata/github/02_motor_pricing/CASdatasets/data/brvehins1d__brvehins1d.parquet,data/processed/rdata/github/02_motor_pricing/CASdatasets/data/brvehins1d__brvehins1d.csv.gz,reader=rdata
data/raw/github/02_motor_pricing/CASdatasets/data/brvehins1e.rda,6a309e781754276f3e3a20901bb880f72b1c62f648b6b242d6be518bc458e065,data/raw/github/02_motor_pricing/CASdatasets/data/brvehins1e.rda,brvehins1e,DataFrame,converted,393071,23,data/processed/rdata/github/02_motor_pricing/CASdatasets/data/brvehins1e__brvehins1e.parquet,data/processed/rdata/github/02_motor_pricing/CASdatasets/data/brvehins1e__brvehins1e.csv.gz,reader=rdata
data/raw/github/02_motor_pricing/CASdatasets/data/brvehins2a.rda,797e68e3039f90c56ba59c3188e69e4704ac79ab135befe8de07ae2cee81fbc4,data/raw/github/02_motor_pricing/CASdatasets/data/brvehins2a.rda,,,parse_failed,,,,,rdata=UnicodeDecodeError: 'ascii' codec can't decode byte 0xfc in position 12: ordinal not in range(128); pyreadr=UnicodeDecodeError: 'utf-8' codec can't decode byte 0xfc in position 12: invalid start byte
data/raw/github/02_motor_pricing/CASdatasets/data/brvehins2b.rda,2c39a65a51bc0e6d84ab31f624e08287217cb30d56d3a30b0214dfbb503e7c5e,data/raw/github/02_motor_pricing/CASdatasets/data/brvehins2b.rda,,,parse_failed,,,,,rdata=UnicodeDecodeError: 'ascii' codec can't decode byte 0xfc in position 12: ordinal not in range(128); pyreadr=UnicodeDecodeError: 'utf-8' codec can't decode byte 0xfc in position 12: invalid start byte
data/raw/github/02_motor_pricing/CASdatasets/data/brvehins2c.rda,d83f573ad7622d39a4ce2fbb58e46e2a2ea4b503a6bc97e9a06314f81a189faa,data/raw/github/02_motor_pricing/CASdatasets/data/brvehins2c.rda,,,parse_failed,,,,,rdata=UnicodeDecodeError: 'ascii' codec can't decode byte 0xfc in position 12: ordinal not in range(128); pyreadr=UnicodeDecodeError: 'utf-8' codec can't decode byte 0xfc in position 12: invalid start byte
data/raw/github/02_motor_pricing/CASdatasets/data/brvehins2d.rda,1c12fb45899080d1b03c322f3f19778ff2ee5d448f394dec68fd4c944270e20c,data/raw/github/02_motor_pricing/CASdatasets/data/brvehins2d.rda,,,parse_failed,,,,,rdata=UnicodeDecodeError: 'ascii' codec can't decode byte 0xfc in position 12: ordinal not in range(128); pyreadr=UnicodeDecodeError: 'utf-8' codec can't decode byte 0xfc in position 12: invalid start byte
data/raw/github/02_motor_pricing/CASdatasets/data/canlifins.rda,29a786da0cf4f6d4d839ea1b0d1b8bbaafd0fc1a93d80c29cce6f3d8b19b624f,data/raw/github/02_motor_pricing/CASdatasets/data/canlifins.rda,canlifins,DataFrame,converted,14889,10,data/processed/rdata/github/02_motor_pricing/CASdatasets/data/canlifins__canlifins.parquet,data/processed/rdata/github/02_motor_pricing/CASdatasets/data/canlifins__canlifins.csv.gz,reader=rdata
data/raw/github/02_motor_pricing/CASdatasets/data/canlifins2.rda,99b058f2031345d31d72c2eb0e86a1080c6ca89ed430fa32099832ca1b7b447c,data/raw/github/02_motor_pricing/CASdatasets/data/canlifins2.rda,canlifins2,DataFrame,converted,14889,2,data/processed/rdata/github/02_motor_pricing/CASdatasets/data/canlifins2__canlifins2.parquet,data/processed/rdata/github/02_motor_pricing/CASdatasets/data/canlifins2__canlifins2.csv.gz,reader=rdata
data/raw/github/02_motor_pricing/CASdatasets/data/catelematic13.rda,f15a0ada4d4a755163e480e492d1cc40ec6bf4f329e678ad8b37d08747d1cb1f,data/raw/github/02_motor_pricing/CASdatasets/data/catelematic13.rda,catelematic13,DataFrame,converted,100000,52,data/processed/rdata/github/02_motor_pricing/CASdatasets/data/catelematic13__catelematic13.parquet,data/processed/rdata/github/02_motor_pricing/CASdatasets/data/catelematic13__catelematic13.csv.gz,reader=rdata
data/raw/github/02_motor_pricing/CASdatasets/data/credit.rda,2f7a2d7cf4ef7b0117c20a247a7f46cad58de6ad2429a00a8d38969b5b1284b5,data/raw/github/02_motor_pricing/CASdatasets/data/credit.rda,credit,DataFrame,converted,1000,21,data/processed/rdata/github/02_motor_pricing/CASdatasets/data/credit__credit.parquet,data/processed/rdata/github/02_motor_pricing/CASdatasets/data/credit__credit.csv.gz,reader=rdata
data/raw/github/02_motor_pricing/CASdatasets/data/danishmulti.rda,87addea3512253277f081740bacc36a7784b7e5459bb1ca6449ab1d2b695b9d2,data/raw/github/02_motor_pricing/CASdatasets/data/danishmulti.rda,danishmulti,DataFrame,converted,2167,5,data/processed/rdata/github/02_motor_pricing/CASdatasets/data/danishmulti__danishmulti.parquet,data/processed/rdata/github/02_motor_pricing/CASdatasets/data/danishmulti__danishmulti.csv.gz,reader=rdata
data/raw/github/02_motor_pricing/CASdatasets/data/danishuni.rda,cb66278bbba5236fb4ebcaef4299b10e5133963288463d396b60aa27ff2bdb4b,data/raw/github/02_motor_pricing/CASdatasets/data/danishuni.rda,danishuni,DataFrame,converted,2167,2,data/processed/rdata/github/02_motor_pricing/CASdatasets/data/danishuni__danishuni.parquet,data/processed/rdata/github/02_motor_pricing/CASdatasets/data/danishuni__danishuni.csv.gz,reader=rdata
data/raw/github/02_motor_pricing/CASdatasets/data/Davis.rda,13a4d32a1b51a869d1425d1352767aa4f1857b9ed12b55dcf493422d2285e51a,data/raw/github/02_motor_pricing/CASdatasets/data/Davis.rda,Davis,DataFrame,converted,200,5,data/processed/rdata/github/02_motor_pricing/CASdatasets/data/Davis__Davis.parquet,data/processed/rdata/github/02_motor_pricing/CASdatasets/data/Davis__Davis.csv.gz,reader=rdata
data/raw/github/02_motor_pricing/CASdatasets/data/ECBYieldCurve.rda,b28e414104f3a9b81b31aa9caa6c67eb49ca5f394e6a6b3673be87b6da4c95bf,data/raw/github/02_motor_pricing/CASdatasets/data/ECBYieldCurve.rda,ECBYieldCurve,DataArray,converted,20960,3,data/processed/rdata/github/02_motor_pricing/CASdatasets/data/ECBYieldCurve__ECBYieldCurve.parquet,data/processed/rdata/github/02_motor_pricing/CASdatasets/data/ECBYieldCurve__ECBYieldCurve.csv.gz,reader=rdata
data/raw/github/02_motor_pricing/CASdatasets/data/eqlist.rda,90018aac5161bc7803ac30efebd4cdf6eab66d3768d5f526587a25716ca20df4,data/raw/github/02_motor_pricing/CASdatasets/data/eqlist.rda,eqlist,DataFrame,converted,14014,23,data/processed/rdata/github/02_motor_pricing/CASdatasets/data/eqlist__eqlist.parquet,data/processed/rdata/github/02_motor_pricing/CASdatasets/data/eqlist__eqlist.csv.gz,reader=rdata
data/raw/github/02_motor_pricing/CASdatasets/data/eudirectlapse.rda,d1dad3711f5d9aef01eb40aadab76f465815bc4b117cebe163bb716e919d735d,data/raw/github/02_motor_pricing/CASdatasets/data/eudirectlapse.rda,eudirectlapse,DataFrame,converted,23060,19,data/processed/rdata/github/02_motor_pricing/CASdatasets/data/eudirectlapse__eudirectlapse.parquet,data/processed/rdata/github/02_motor_pricing/CASdatasets/data/eudirectlapse__eudirectlapse.csv.gz,reader=rdata
data/raw/github/02_motor_pricing/CASdatasets/data/euhealthinsurance.rda,faddc310cc582fb76ed9014c15d9236c868b52fc9ecc50ef0d1c65e6966522ea,data/raw/github/02_motor_pricing/CASdatasets/data/euhealthinsurance.rda,euhealthinsurance,DataFrame,converted,176032,22,data/processed/rdata/github/02_motor_pricing/CASdatasets/data/euhealthinsurance__euhealthinsurance.parquet,data/processed/rdata/github/02_motor_pricing/CASdatasets/data/euhealthinsurance__euhealthinsurance.csv.gz,reader=rdata
data/raw/github/02_motor_pricing/CASdatasets/data/euMTPL.rda,cf3594f20c0c108fce8efba167f468697a9233372286b29eb81aa43aa724d195,data/raw/github/02_motor_pricing/CASdatasets/data/euMTPL.rda,euMTPL,DataFrame,converted,2373197,19,data/processed/rdata/github/02_motor_pricing/CASdatasets/data/euMTPL__euMTPL.parquet,data/processed/rdata/github/02_motor_pricing/CASdatasets/data/euMTPL__euMTPL.csv.gz,reader=rdata
data/raw/github/02_motor_pricing/CASdatasets/data/eusavingULnoPS.rda,b80e81e30b158b3fc7504c5593b4060e43f4b4c002d418d491388fe6874abc8c,data/raw/github/02_motor_pricing/CASdatasets/data/eusavingULnoPS.rda,eusavingULnoPS,DataFrame,converted,21921,30,data/processed/rdata/github/02_motor_pricing/CASdatasets/data/eusavingULnoPS__eusavingULnoPS.parquet,data/processed/rdata/github/02_motor_pricing/CASdatasets/data/eusavingULnoPS__eusavingULnoPS.csv.gz,reader=rdata
data/raw/github/02_motor_pricing/CASdatasets/data/eusavingULnoPSperMth.rda,5f454ade03d38a767ae3ff3bcc076ca9db98d4ae02ac313858378b230231d679,data/raw/github/02_motor_pricing/CASdatasets/data/eusavingULnoPSperMth.rda,eusavingULnoPSperMth,DataFrame,converted,615897,30,data/processed/rdata/github/02_motor_pricing/CASdatasets/data/eusavingULnoPSperMth__eusavingULnoPSperMth.parquet,data/processed/rdata/github/02_motor_pricing/CASdatasets/data/eusavingULnoPSperMth__eusavingULnoPSperMth.csv.gz,reader=rdata
data/raw/github/02_motor_pricing/CASdatasets/data/eusavingULnoPSperQtr.rda,aa49190c56eff9e9f93aba5d0895bd8035ba2cda707b2a7edafb749db2ec9ffe,data/raw/github/02_motor_pricing/CASdatasets/data/eusavingULnoPSperQtr.rda,eusavingULnoPSperQtr,DataFrame,converted,271988,30,data/processed/rdata/github/02_motor_pricing/CASdatasets/data/eusavingULnoPSperQtr__eusavingULnoPSperQtr.parquet,data/processed/rdata/github/02_motor_pricing/CASdatasets/data/eusavingULnoPSperQtr__eusavingULnoPSperQtr.csv.gz,reader=rdata
data/raw/github/02_motor_pricing/CASdatasets/data/eusavingULnoPSperYr.rda,36dbd7908b7e33b98f21d02f4fd25ad26613eef8f5bcaa4c7d123c6e093dee0f,data/raw/github/02_motor_pricing/CASdatasets/data/eusavingULnoPSperYr.rda,eusavingULnoPSperYr,DataFrame,converted,43743,30,data/processed/rdata/github/02_motor_pricing/CASdatasets/data/eusavingULnoPSperYr__eusavingULnoPSperYr.parquet,data/processed/rdata/github/02_motor_pricing/CASdatasets/data/eusavingULnoPSperYr__eusavingULnoPSperYr.csv.gz,reader=rdata
data/raw/github/02_motor_pricing/CASdatasets/data/eutelematic13.rda,cc044529fc542a73f5552f7f03f9779216f85b3fdc9f19f5a0c139746867a8a5,data/raw/github/02_motor_pricing/CASdatasets/data/eutelematic13.rda,,,parse_failed,,,,,rdata=KeyError: b'arrow::array_int_vector'; pyreadr=LibrdataError: The file contains an unrecognized object
data/raw/github/02_motor_pricing/CASdatasets/data/FedYieldCurve.rda,442da326f9b6ebc27da5336676fea9be2d7a680e17d9caa0aca62e662d85621b,data/raw/github/02_motor_pricing/CASdatasets/data/FedYieldCurve.rda,FedYieldCurve,DataArray,converted,2976,3,data/processed/rdata/github/02_motor_pricing/CASdatasets/data/FedYieldCurve__FedYieldCurve.parquet,data/processed/rdata/github/02_motor_pricing/CASdatasets/data/FedYieldCurve__FedYieldCurve.csv.gz,reader=rdata
data/raw/github/02_motor_pricing/CASdatasets/data/forexUSUK.rda,13cf4e41b51d72c60ca2320ded16fb12e5e80690ed6de11eb2e6a52e2628e1f1,data/raw/github/02_motor_pricing/CASdatasets/data/forexUSUK.rda,forexUSUK,DataFrame,converted,10583,2,data/processed/rdata/github/02_motor_pricing/CASdatasets/data/forexUSUK__forexUSUK.parquet,data/processed/rdata/github/02_motor_pricing/CASdatasets/data/forexUSUK__forexUSUK.csv.gz,reader=rdata
data/raw/github/02_motor_pricing/CASdatasets/data/freaggnumber.rda,fdd692b83530c3d0116e07e3539ea56f7a350843d9f8d454aeafc6610f315e8e,data/raw/github/02_motor_pricing/CASdatasets/data/freaggnumber.rda,freaggnumber,DataFrame,converted,12513,5,data/processed/rdata/github/02_motor_pricing/CASdatasets/data/freaggnumber__freaggnumber.parquet,data/processed/rdata/github/02_motor_pricing/CASdatasets/data/freaggnumber__freaggnumber.csv.gz,reader=rdata
data/raw/github/02_motor_pricing/CASdatasets/data/freAS0002.rda,54b3daa6bf6fb9402b6cf3a8a53bb33bdfb7883265adaa5bb4b973998e7c99a7,data/raw/github/02_motor_pricing/CASdatasets/data/freAS0002.rda,freAS0002,DataFrame,converted,9,6,data/processed/rdata/github/02_motor_pricing/CASdatasets/data/freAS0002__freAS0002.parquet,data/processed/rdata/github/02_motor_pricing/CASdatasets/data/freAS0002__freAS0002.csv.gz,reader=rdata
data/raw/github/02_motor_pricing/CASdatasets/data/frebiloss.rda,609055d68f1aa2a68c311056c2083c561f01c012773af88d47d1086b97138601,data/raw/github/02_motor_pricing/CASdatasets/data/frebiloss.rda,frebiloss,DataFrame,converted,2387,8,data/processed/rdata/github/02_motor_pricing/CASdatasets/data/frebiloss__frebiloss.parquet,data/processed/rdata/github/02_motor_pricing/CASdatasets/data/frebiloss__frebiloss.csv.gz,reader=rdata
data/raw/github/02_motor_pricing/CASdatasets/data/freclaimset.rda,9b5ed2cbdb5550e2ca3def2c9c03d1c59a388a7887fbe349e33dcb5c72260b26,data/raw/github/02_motor_pricing/CASdatasets/data/freclaimset.rda,freclaimset,DataFrame,converted,2306,6,data/processed/rdata/github/02_motor_pricing/CASdatasets/data/freclaimset__freclaimset.parquet,data/processed/rdata/github/02_motor_pricing/CASdatasets/data/freclaimset__freclaimset.csv.gz,reader=rdata
data/raw/github/02_motor_pricing/CASdatasets/data/freclaimset2motor.rda,4409adb022d18e24a3a0e724523706616e707c53e55f8625ce9fc122a20185d6,data/raw/github/02_motor_pricing/CASdatasets/data/freclaimset2motor.rda,freclaimset2motor,dict,converted,1,2,data/processed/rdata/github/02_motor_pricing/CASdatasets/data/freclaimset2motor__freclaimset2motor.parquet,data/processed/rdata/github/02_motor_pricing/CASdatasets/data/freclaimset2motor__freclaimset2motor.csv.gz,reader=rdata
data/raw/github/02_motor_pricing/CASdatasets/data/freclaimset3dam9207.rda,a9b65d5ab6d4f2d6602d277bcdc100fc47aee600b746f6ef119f40573d5089b9,data/raw/github/02_motor_pricing/CASdatasets/data/freclaimset3dam9207.rda,freclaimset3dam9207,DataFrame,converted,109992,37,data/processed/rdata/github/02_motor_pricing/CASdatasets/data/freclaimset3dam9207__freclaimset3dam9207.parquet,data/processed/rdata/github/02_motor_pricing/CASdatasets/data/freclaimset3dam9207__freclaimset3dam9207.csv.gz,reader=rdata
data/raw/github/02_motor_pricing/CASdatasets/data/freclaimset3fire9207.rda,4d2ac53791ac47d59060edf9940a1ba76bbcf70c0357253feea123a67ec086e1,data/raw/github/02_motor_pricing/CASdatasets/data/freclaimset3fire9207.rda,freclaimset3fire9207,DataFrame,converted,58056,37,data/processed/rdata/github/02_motor_pricing/CASdatasets/data/freclaimset3fire9207__freclaimset3fire9207.parquet,data/processed/rdata/github/02_motor_pricing/CASdatasets/data/freclaimset3fire9207__freclaimset3fire9207.csv.gz,reader=rdata
data/raw/github/02_motor_pricing/CASdatasets/data/freclaimset3multi9207.rda,de2093a815854a9ef6baa720247f6e50a98e1a4388cf2db1f8f1f822cecefb40,data/raw/github/02_motor_pricing/CASdatasets/data/freclaimset3multi9207.rda,freclaimset3multi9207,DataFrame,converted,1823,37,data/processed/rdata/github/02_motor_pricing/CASdatasets/data/freclaimset3multi9207__freclaimset3multi9207.parquet,data/processed/rdata/github/02_motor_pricing/CASdatasets/data/freclaimset3multi9207__freclaimset3multi9207.csv.gz,reader=rdata
data/raw/github/02_motor_pricing/CASdatasets/data/frecomfire.rda,fb6e0da2876766966672098f4c8220832c35e281289b71e2b01accfde2262896,data/raw/github/02_motor_pricing/CASdatasets/data/frecomfire.rda,frecomfire,DataFrame,converted,9613,4,data/processed/rdata/github/02_motor_pricing/CASdatasets/data/frecomfire__frecomfire.parquet,data/processed/rdata/github/02_motor_pricing/CASdatasets/data/frecomfire__frecomfire.csv.gz,reader=rdata
data/raw/github/02_motor_pricing/CASdatasets/data/frefictivetable.rda,781f2c729240f2fcecc910ca8470cd3fac4ec5d5d299f5cead7a4cc0c0074502,data/raw/github/02_motor_pricing/CASdatasets/data/frefictivetable.rda,frefictivetable,DataFrame,converted,87090,6,data/processed/rdata/github/02_motor_pricing/CASdatasets/data/frefictivetable__frefictivetable.parquet,data/processed/rdata/github/02_motor_pricing/CASdatasets/data/frefictivetable__frefictivetable.csv.gz,reader=rdata
data/raw/github/02_motor_pricing/CASdatasets/data/frefictivetable2.rda,240dac2a23604327bac12d51d6cb87978b2f7605d5090d940c62dd7f657d6fd3,data/raw/github/02_motor_pricing/CASdatasets/data/frefictivetable2.rda,frefictivetable2,DataFrame,converted,100000,5,data/processed/rdata/github/02_motor_pricing/CASdatasets/data/frefictivetable2__frefictivetable2.parquet,data/processed/rdata/github/02_motor_pricing/CASdatasets/data/frefictivetable2__frefictivetable2.csv.gz,reader=rdata
data/raw/github/02_motor_pricing/CASdatasets/data/frefictivetable3.rda,7d4c0fcad0de53e5b649a6464532acc68e2e3a7cacf93d88aa77dd0d6220700a,data/raw/github/02_motor_pricing/CASdatasets/data/frefictivetable3.rda,frefictivetable3,DataFrame,converted,100000,5,data/processed/rdata/github/02_motor_pricing/CASdatasets/data/frefictivetable3__frefictivetable3.parquet,data/processed/rdata/github/02_motor_pricing/CASdatasets/data/frefictivetable3__frefictivetable3.csv.gz,reader=rdata
data/raw/github/02_motor_pricing/CASdatasets/data/freHMD.rda,5c3410ad48f653c1beba61796fec47467d599c1bf7d1718145cc6d3b6c598dbc,data/raw/github/02_motor_pricing/CASdatasets/data/freHMD.rda,freHMD,dict,converted,1,11,data/processed/rdata/github/02_motor_pricing/CASdatasets/data/freHMD__freHMD.parquet,data/processed/rdata/github/02_motor_pricing/CASdatasets/data/freHMD__freHMD.csv.gz,Mixed object columns were string-normalized for Parquet.
data/raw/github/02_motor_pricing/CASdatasets/data/freIRSA.rda,1b06c3ea832102f2df48a2f10d03d3c8ce23f1f61ae0dae42fa9fdfc20fc26aa,data/raw/github/02_motor_pricing/CASdatasets/data/freIRSA.rda,freIRSA,DataFrame,converted,16,3,data/processed/rdata/github/02_motor_pricing/CASdatasets/data/freIRSA__freIRSA.parquet,data/processed/rdata/github/02_motor_pricing/CASdatasets/data/freIRSA__freIRSA.csv.gz,reader=rdata
data/raw/github/02_motor_pricing/CASdatasets/data/fremarine.rda,c6e44201beb10a24788da4030d456a4668e66ad6c26fe62f8b4ea2e4c4b6bcdb,data/raw/github/02_motor_pricing/CASdatasets/data/fremarine.rda,fremarine,DataFrame,converted,1274,19,data/processed/rdata/github/02_motor_pricing/CASdatasets/data/fremarine__fremarine.parquet,data/processed/rdata/github/02_motor_pricing/CASdatasets/data/fremarine__fremarine.csv.gz,reader=rdata
data/raw/github/02_motor_pricing/CASdatasets/data/fremotor1freq0304a.rda,825e25ec56b5abbd5b408484aa01b23dceab68fda830e499e57b62ac9fa2a3c4,data/raw/github/02_motor_pricing/CASdatasets/data/fremotor1freq0304a.rda,fremotor1freq0304a,DataFrame,converted,64234,8,data/processed/rdata/github/02_motor_pricing/CASdatasets/data/fremotor1freq0304a__fremotor1freq0304a.parquet,data/processed/rdata/github/02_motor_pricing/CASdatasets/data/fremotor1freq0304a__fremotor1freq0304a.csv.gz,reader=rdata
data/raw/github/02_motor_pricing/CASdatasets/data/fremotor1freq0304b.rda,2ff1c99fd103a4ccbfc027cd6338f371abca1ea13646c071d41d212c9617a6cc,data/raw/github/02_motor_pricing/CASdatasets/data/fremotor1freq0304b.rda,fremotor1freq0304b,DataFrame,converted,64234,8,data/processed/rdata/github/02_motor_pricing/CASdatasets/data/fremotor1freq0304b__fremotor1freq0304b.parquet,data/processed/rdata/github/02_motor_pricing/CASdatasets/data/fremotor1freq0304b__fremotor1freq0304b.csv.gz,reader=rdata
data/raw/github/02_motor_pricing/CASdatasets/data/fremotor1freq0304c.rda,d57002ec562d71ee6851850ee8dd2af1814831fd8dc81c1c16c7d248236f709e,data/raw/github/02_motor_pricing/CASdatasets/data/fremotor1freq0304c.rda,fremotor1freq0304c,DataFrame,converted,64234,8,data/processed/rdata/github/02_motor_pricing/CASdatasets/data/fremotor1freq0304c__fremotor1freq0304c.parquet,data/processed/rdata/github/02_motor_pricing/CASdatasets/data/fremotor1freq0304c__fremotor1freq0304c.csv.gz,reader=rdata
data/raw/github/02_motor_pricing/CASdatasets/data/fremotor1prem0304a.rda,01fc33a08b250e8dfcbb8e4caf146142b9cb869ed038ec94b83535e7610e245e,data/raw/github/02_motor_pricing/CASdatasets/data/fremotor1prem0304a.rda,fremotor1prem0304a,DataFrame,converted,51949,30,data/processed/rdata/github/02_motor_pricing/CASdatasets/data/fremotor1prem0304a__fremotor1prem0304a.parquet,data/processed/rdata/github/02_motor_pricing/CASdatasets/data/fremotor1prem0304a__fremotor1prem0304a.csv.gz,reader=rdata
data/raw/github/02_motor_pricing/CASdatasets/data/fremotor1prem0304b.rda,c8ecdf986187a01d9d2faab7496ac919f04a8402b44e6203093f96327581b9d3,data/raw/github/02_motor_pricing/CASdatasets/data/fremotor1prem0304b.rda,fremotor1prem0304b,DataFrame,converted,51949,30,data/processed/rdata/github/02_motor_pricing/CASdatasets/data/fremotor1prem0304b__fremotor1prem0304b.parquet,data/processed/rdata/github/02_motor_pricing/CASdatasets/data/fremotor1prem0304b__fremotor1prem0304b.csv.gz,reader=rdata
data/raw/github/02_motor_pricing/CASdatasets/data/fremotor1prem0304c.rda,da51d3e2f0cc81d3ec029ae43c57d7769c9db574719d089d782ef3f78271c1fb,data/raw/github/02_motor_pricing/CASdatasets/data/fremotor1prem0304c.rda,fremotor1prem0304c,DataFrame,converted,51949,30,data/processed/rdata/github/02_motor_pricing/CASdatasets/data/fremotor1prem0304c__fremotor1prem0304c.parquet,data/processed/rdata/github/02_motor_pricing/CASdatasets/data/fremotor1prem0304c__fremotor1prem0304c.csv.gz,reader=rdata
data/raw/github/02_motor_pricing/CASdatasets/data/fremotor1sev0304a.rda,84f1f743ddb8af347b22bf53510da1e0ae363326751b981cbf547dc98e6ff648,data/raw/github/02_motor_pricing/CASdatasets/data/fremotor1sev0304a.rda,fremotor1sev0304a,DataFrame,converted,9246,5,data/processed/rdata/github/02_motor_pricing/CASdatasets/data/fremotor1sev0304a__fremotor1sev0304a.parquet,data/processed/rdata/github/02_motor_pricing/CASdatasets/data/fremotor1sev0304a__fremotor1sev0304a.csv.gz,reader=rdata
data/raw/github/02_motor_pricing/CASdatasets/data/fremotor1sev0304b.rda,0f0bb0dfa8161d683e27d79bbf2fbf495f5e7632ceb743cbd6007624f1c40106,data/raw/github/02_motor_pricing/CASdatasets/data/fremotor1sev0304b.rda,fremotor1sev0304b,DataFrame,converted,9230,5,data/processed/rdata/github/02_motor_pricing/CASdatasets/data/fremotor1sev0304b__fremotor1sev0304b.parquet,data/processed/rdata/github/02_motor_pricing/CASdatasets/data/fremotor1sev0304b__fremotor1sev0304b.csv.gz,reader=rdata
data/raw/github/02_motor_pricing/CASdatasets/data/fremotor1sev0304c.rda,d248e7e2c2c213251e15bbc2b4ba05a7cb50549c257832d772c95e0cb9d69b16,data/raw/github/02_motor_pricing/CASdatasets/data/fremotor1sev0304c.rda,fremotor1sev0304c,DataFrame,converted,9213,5,data/processed/rdata/github/02_motor_pricing/CASdatasets/data/fremotor1sev0304c__fremotor1sev0304c.parquet,data/processed/rdata/github/02_motor_pricing/CASdatasets/data/fremotor1sev0304c__fremotor1sev0304c.csv.gz,reader=rdata
data/raw/github/02_motor_pricing/CASdatasets/data/fremotor2freq9907b.rda,096ba2486120bf22fb6347efb7d451c8c720fd33cdaf4439f4a35ff8ee6afd3e,data/raw/github/02_motor_pricing/CASdatasets/data/fremotor2freq9907b.rda,fremotor2freq9907b,DataFrame,converted,366354,7,data/processed/rdata/github/02_motor_pricing/CASdatasets/data/fremotor2freq9907b__fremotor2freq9907b.parquet,data/processed/rdata/github/02_motor_pricing/CASdatasets/data/fremotor2freq9907b__fremotor2freq9907b.csv.gz,reader=rdata
data/raw/github/02_motor_pricing/CASdatasets/data/fremotor2freq9907u.rda,8c6d1733be1c5c7330d77a774ede066bc619cf5c6860852ef8abdd3f8e09c12d,data/raw/github/02_motor_pricing/CASdatasets/data/fremotor2freq9907u.rda,fremotor2freq9907u,DataFrame,converted,72749,23,data/processed/rdata/github/02_motor_pricing/CASdatasets/data/fremotor2freq9907u__fremotor2freq9907u.parquet,data/processed/rdata/github/02_motor_pricing/CASdatasets/data/fremotor2freq9907u__fremotor2freq9907u.csv.gz,reader=rdata
data/raw/github/02_motor_pricing/CASdatasets/data/fremotor2sev9907.rda,1f81c88d79249f933163e266ec801862210b359d923fe4fee15b0cb817625e4b,data/raw/github/02_motor_pricing/CASdatasets/data/fremotor2sev9907.rda,fremotor2sev9907,DataFrame,converted,56014,3,data/processed/rdata/github/02_motor_pricing/CASdatasets/data/fremotor2sev9907__fremotor2sev9907.parquet,data/processed/rdata/github/02_motor_pricing/CASdatasets/data/fremotor2sev9907__fremotor2sev9907.csv.gz,reader=rdata
data/raw/github/02_motor_pricing/CASdatasets/data/fremotor3freq9907b.rda,56eee3c595eafad98ea7bc46253e866f12795d211b486250316457e42c53f9c1,data/raw/github/02_motor_pricing/CASdatasets/data/fremotor3freq9907b.rda,fremotor3freq9907b,DataFrame,converted,365971,7,data/processed/rdata/github/02_motor_pricing/CASdatasets/data/fremotor3freq9907b__fremotor3freq9907b.parquet,data/processed/rdata/github/02_motor_pricing/CASdatasets/data/fremotor3freq9907b__fremotor3freq9907b.csv.gz,reader=rdata
data/raw/github/02_motor_pricing/CASdatasets/data/fremotor3freq9907u.rda,179b68b45250a6f6e8ec0ebb68626eb9644fb2ebf0f6a6da0fcab9c5abe7be8e,data/raw/github/02_motor_pricing/CASdatasets/data/fremotor3freq9907u.rda,fremotor3freq9907u,DataFrame,converted,72749,23,data/processed/rdata/github/02_motor_pricing/CASdatasets/data/fremotor3freq9907u__fremotor3freq9907u.parquet,data/processed/rdata/github/02_motor_pricing/CASdatasets/data/fremotor3freq9907u__fremotor3freq9907u.csv.gz,reader=rdata
data/raw/github/02_motor_pricing/CASdatasets/data/fremotor3sev9907.rda,07dd1e2cd1135150ea7e4784282eb6d8179f401527f24d611b66eb339f828600,data/raw/github/02_motor_pricing/CASdatasets/data/fremotor3sev9907.rda,fremotor3sev9907,DataFrame,converted,56014,3,data/processed/rdata/github/02_motor_pricing/CASdatasets/data/fremotor3sev9907__fremotor3sev9907.parquet,data/processed/rdata/github/02_motor_pricing/CASdatasets/data/fremotor3sev9907__fremotor3sev9907.csv.gz,reader=rdata
data/raw/github/02_motor_pricing/CASdatasets/data/fremotor4freq9907b.rda,445da636f2acbbd2cd2c2388aa862955f2c23ffcd3c319b9e903da9d6c1f6d7e,data/raw/github/02_motor_pricing/CASdatasets/data/fremotor4freq9907b.rda,fremotor4freq9907b,DataFrame,converted,366660,7,data/processed/rdata/github/02_motor_pricing/CASdatasets/data/fremotor4freq9907b__fremotor4freq9907b.parquet,data/processed/rdata/github/02_motor_pricing/CASdatasets/data/fremotor4freq9907b__fremotor4freq9907b.csv.gz,reader=rdata
data/raw/github/02_motor_pricing/CASdatasets/data/fremotor4freq9907u.rda,7f3878335d2e21d45d8ab47136823b8217534da87e9738a9d29957210f048b11,data/raw/github/02_motor_pricing/CASdatasets/data/fremotor4freq9907u.rda,fremotor4freq9907u,DataFrame,converted,72749,23,data/processed/rdata/github/02_motor_pricing/CASdatasets/data/fremotor4freq9907u__fremotor4freq9907u.parquet,data/processed/rdata/github/02_motor_pricing/CASdatasets/data/fremotor4freq9907u__fremotor4freq9907u.csv.gz,reader=rdata
data/raw/github/02_motor_pricing/CASdatasets/data/fremotor4sev9907.rda,e57003b6433cae9e8edfc1c7dfd073fdec953949d9ad37ace19f397929096797,data/raw/github/02_motor_pricing/CASdatasets/data/fremotor4sev9907.rda,fremotor4sev9907,DataFrame,converted,56014,3,data/processed/rdata/github/02_motor_pricing/CASdatasets/data/fremotor4sev9907__fremotor4sev9907.parquet,data/processed/rdata/github/02_motor_pricing/CASdatasets/data/fremotor4sev9907__fremotor4sev9907.csv.gz,reader=rdata
data/raw/github/02_motor_pricing/CASdatasets/data/freMPL1.rda,0c8e40bcd7e416842953bd72a7f23883ce4794b97a49b3e1d68c472159da7264,data/raw/github/02_motor_pricing/CASdatasets/data/freMPL1.rda,freMPL1,DataFrame,converted,20600,22,data/processed/rdata/github/02_motor_pricing/CASdatasets/data/freMPL1__freMPL1.parquet,data/processed/rdata/github/02_motor_pricing/CASdatasets/data/freMPL1__freMPL1.csv.gz,reader=rdata
data/raw/github/02_motor_pricing/CASdatasets/data/freMPL10.rda,0278d667feda011a380d50d180c56f16d98b7714c37368b4a126e6545d995110,data/raw/github/02_motor_pricing/CASdatasets/data/freMPL10.rda,freMPL10,DataFrame,converted,22100,21,data/processed/rdata/github/02_motor_pricing/CASdatasets/data/freMPL10__freMPL10.parquet,data/processed/rdata/github/02_motor_pricing/CASdatasets/data/freMPL10__freMPL10.csv.gz,reader=rdata
data/raw/github/02_motor_pricing/CASdatasets/data/freMPL1sub.rda,037ff9b73b4b258ca3fec732c4d214d1b819743ead807747ae950f5ad92173ef,data/raw/github/02_motor_pricing/CASdatasets/data/freMPL1sub.rda,freMPL1sub,DataFrame,converted,12437,18,data/processed/rdata/github/02_motor_pricing/CASdatasets/data/freMPL1sub__freMPL1sub.parquet,data/processed/rdata/github/02_motor_pricing/CASdatasets/data/freMPL1sub__freMPL1sub.csv.gz,reader=rdata
data/raw/github/02_motor_pricing/CASdatasets/data/freMPL2.rda,2af7af9a64118f6cd68573e39b463950b53f95257b9b443e5cf778a3b15bc61d,data/raw/github/02_motor_pricing/CASdatasets/data/freMPL2.rda,freMPL2,DataFrame,converted,38300,22,data/processed/rdata/github/02_motor_pricing/CASdatasets/data/freMPL2__freMPL2.parquet,data/processed/rdata/github/02_motor_pricing/CASdatasets/data/freMPL2__freMPL2.csv.gz,reader=rdata
data/raw/github/02_motor_pricing/CASdatasets/data/freMPL3.rda,44a7a2bcb30161e5f37235355a58dbbd8391dc767ba0723655fc1f66e8a0e61f,data/raw/github/02_motor_pricing/CASdatasets/data/freMPL3.rda,freMPL3,DataFrame,converted,20600,23,data/processed/rdata/github/02_motor_pricing/CASdatasets/data/freMPL3__freMPL3.parquet,data/processed/rdata/github/02_motor_pricing/CASdatasets/data/freMPL3__freMPL3.csv.gz,reader=rdata
data/raw/github/02_motor_pricing/CASdatasets/data/freMPL4.rda,90b693a97372a6b1f886402022bf9f4e654adc5aed913fb9a27800ca5f6f0f96,data/raw/github/02_motor_pricing/CASdatasets/data/freMPL4.rda,freMPL4,DataFrame,converted,26300,23,data/processed/rdata/github/02_motor_pricing/CASdatasets/data/freMPL4__freMPL4.parquet,data/processed/rdata/github/02_motor_pricing/CASdatasets/data/freMPL4__freMPL4.csv.gz,reader=rdata
data/raw/github/02_motor_pricing/CASdatasets/data/freMPL5.rda,9186f84c52891d2dca5bd217c0fcbab33b96070f87718b8d7b3438a92ff47dd8,data/raw/github/02_motor_pricing/CASdatasets/data/freMPL5.rda,freMPL5,DataFrame,converted,16000,20,data/processed/rdata/github/02_motor_pricing/CASdatasets/data/freMPL5__freMPL5.parquet,data/processed/rdata/github/02_motor_pricing/CASdatasets/data/freMPL5__freMPL5.csv.gz,reader=rdata
data/raw/github/02_motor_pricing/CASdatasets/data/freMPL6.rda,4914f3c9d4b931bdd06cc4d56fa536d04c651865dade8d2d307f1985f4517a06,data/raw/github/02_motor_pricing/CASdatasets/data/freMPL6.rda,freMPL6,DataFrame,converted,32400,20,data/processed/rdata/github/02_motor_pricing/CASdatasets/data/freMPL6__freMPL6.parquet,data/processed/rdata/github/02_motor_pricing/CASdatasets/data/freMPL6__freMPL6.csv.gz,reader=rdata
data/raw/github/02_motor_pricing/CASdatasets/data/freMPL7.rda,1ee5857879265a805c68ec48087590561f383422506de44bd0f9df0e0038c6db,data/raw/github/02_motor_pricing/CASdatasets/data/freMPL7.rda,freMPL7,DataFrame,converted,26600,20,data/processed/rdata/github/02_motor_pricing/CASdatasets/data/freMPL7__freMPL7.parquet,data/processed/rdata/github/02_motor_pricing/CASdatasets/data/freMPL7__freMPL7.csv.gz,reader=rdata
data/raw/github/02_motor_pricing/CASdatasets/data/freMPL8.rda,14141da2ad0d6f25b59753e5f04af00ca32f58add1d249e8ba8dea66c6a772b2,data/raw/github/02_motor_pricing/CASdatasets/data/freMPL8.rda,freMPL8,DataFrame,converted,24000,20,data/processed/rdata/github/02_motor_pricing/CASdatasets/data/freMPL8__freMPL8.parquet,data/processed/rdata/github/02_motor_pricing/CASdatasets/data/freMPL8__freMPL8.csv.gz,reader=rdata
data/raw/github/02_motor_pricing/CASdatasets/data/freMPL9.rda,471aa6d3e1179e8ec5347f659f855652ea5a1603d427f2752a0d2e4518a1fab0,data/raw/github/02_motor_pricing/CASdatasets/data/freMPL9.rda,freMPL9,DataFrame,converted,16200,20,data/processed/rdata/github/02_motor_pricing/CASdatasets/data/freMPL9__freMPL9.parquet,data/processed/rdata/github/02_motor_pricing/CASdatasets/data/freMPL9__freMPL9.csv.gz,reader=rdata
data/raw/github/02_motor_pricing/CASdatasets/data/freMTPL2freq.rda,82c8598513d9fa78226b6c7d271a9940eca4b8083e9e32320a75d377bdfe15a3,data/raw/github/02_motor_pricing/CASdatasets/data/freMTPL2freq.rda,freMTPL2freq,DataFrame,converted,677991,12,data/processed/rdata/github/02_motor_pricing/CASdatasets/data/freMTPL2freq__freMTPL2freq.parquet,data/processed/rdata/github/02_motor_pricing/CASdatasets/data/freMTPL2freq__freMTPL2freq.csv.gz,reader=rdata
data/raw/github/02_motor_pricing/CASdatasets/data/freMTPL2sev.rda,78e6e5016ae046603b37e88ff8ad8ca327f5d59f827c1f75d140388de09b14b3,data/raw/github/02_motor_pricing/CASdatasets/data/freMTPL2sev.rda,freMTPL2sev,DataFrame,converted,26444,2,data/processed/rdata/github/02_motor_pricing/CASdatasets/data/freMTPL2sev__freMTPL2sev.parquet,data/processed/rdata/github/02_motor_pricing/CASdatasets/data/freMTPL2sev__freMTPL2sev.csv.gz,reader=rdata
data/raw/github/02_motor_pricing/CASdatasets/data/freMTPLfreq.rda,c55dfaf2ab415e9ab491ef7ea7852ec6ff24b3bb082fb8df0c0e9ba16c5e7814,data/raw/github/02_motor_pricing/CASdatasets/data/freMTPLfreq.rda,freMTPLfreq,DataFrame,converted,413169,10,data/processed/rdata/github/02_motor_pricing/CASdatasets/data/freMTPLfreq__freMTPLfreq.parquet,data/processed/rdata/github/02_motor_pricing/CASdatasets/data/freMTPLfreq__freMTPLfreq.csv.gz,reader=rdata
data/raw/github/02_motor_pricing/CASdatasets/data/freMTPLsev.rda,f92ac473c76cb4e864751f8d17935a7caecb21fb16fb547174fab27f64f7c68c,data/raw/github/02_motor_pricing/CASdatasets/data/freMTPLsev.rda,freMTPLsev,DataFrame,converted,16181,2,data/processed/rdata/github/02_motor_pricing/CASdatasets/data/freMTPLsev__freMTPLsev.parquet,data/processed/rdata/github/02_motor_pricing/CASdatasets/data/freMTPLsev__freMTPLsev.csv.gz,reader=rdata
data/raw/github/02_motor_pricing/CASdatasets/data/freP2Ddis10.rda,a951bda7f7dfa8a8e650ab5fa7be6bf73fe47ed72d45df55f41d4f6063876449,data/raw/github/02_motor_pricing/CASdatasets/data/freP2Ddis10.rda,freP2Ddis10,DataFrame,converted,40,37,data/processed/rdata/github/02_motor_pricing/CASdatasets/data/freP2Ddis10__freP2Ddis10.parquet,data/processed/rdata/github/02_motor_pricing/CASdatasets/data/freP2Ddis10__freP2Ddis10.csv.gz,reader=rdata
data/raw/github/02_motor_pricing/CASdatasets/data/freP2Ddisprob10.rda,d13d2d8aea736c4586d440af5d795bb52c7b56a4475298711d559bda05e68bfa,data/raw/github/02_motor_pricing/CASdatasets/data/freP2Ddisprob10.rda,freP2Ddisprob10,DataFrame,converted,40,35,data/processed/rdata/github/02_motor_pricing/CASdatasets/data/freP2Ddisprob10__freP2Ddisprob10.parquet,data/processed/rdata/github/02_motor_pricing/CASdatasets/data/freP2Ddisprob10__freP2Ddisprob10.csv.gz,reader=rdata
data/raw/github/02_motor_pricing/CASdatasets/data/freP2Pdis10.rda,d59b28c3c25a075865b889fb0c432a207f983fa88c6dab11277811dc867f06cb,data/raw/github/02_motor_pricing/CASdatasets/data/freP2Pdis10.rda,freP2Pdis10,DataFrame,converted,42,44,data/processed/rdata/github/02_motor_pricing/CASdatasets/data/freP2Pdis10__freP2Pdis10.parquet,data/processed/rdata/github/02_motor_pricing/CASdatasets/data/freP2Pdis10__freP2Pdis10.csv.gz,reader=rdata
data/raw/github/02_motor_pricing/CASdatasets/data/freP2Pdis13.rda,354a6c34d693565b86773b4720957816dc5964651545803fcc4495deddfb778a,data/raw/github/02_motor_pricing/CASdatasets/data/freP2Pdis13.rda,freP2Pdis13,DataFrame,converted,45,47,data/processed/rdata/github/02_motor_pricing/CASdatasets/data/freP2Pdis13__freP2Pdis13.parquet,data/processed/rdata/github/02_motor_pricing/CASdatasets/data/freP2Pdis13__freP2Pdis13.csv.gz,reader=rdata
data/raw/github/02_motor_pricing/CASdatasets/data/freP2Pdisprob10.rda,9eccf0c1271c8c43f6c09037cb74a5a5a0a2eb29ef3bbfef01802731a4921ab3,data/raw/github/02_motor_pricing/CASdatasets/data/freP2Pdisprob10.rda,freP2Pdisprob10,DataArray,converted,1764,3,data/processed/rdata/github/02_motor_pricing/CASdatasets/data/freP2Pdisprob10__freP2Pdisprob10.parquet,data/processed/rdata/github/02_motor_pricing/CASdatasets/data/freP2Pdisprob10__freP2Pdisprob10.csv.gz,reader=rdata
data/raw/github/02_motor_pricing/CASdatasets/data/freP2Pdisprob13.rda,df5ad914728768e8e32ef26af6c91beda7f5c345bf0d6527ac59cf1e8109406a,data/raw/github/02_motor_pricing/CASdatasets/data/freP2Pdisprob13.rda,freP2Pdisprob13,DataArray,converted,2025,3,data/processed/rdata/github/02_motor_pricing/CASdatasets/data/freP2Pdisprob13__freP2Pdisprob13.parquet,data/processed/rdata/github/02_motor_pricing/CASdatasets/data/freP2Pdisprob13__freP2Pdisprob13.csv.gz,reader=rdata
data/raw/github/02_motor_pricing/CASdatasets/data/frePF6064.rda,b28cd74e6718e56db73c66b7d1cf75eb5c09210eab69f8aa065cd97314ec2378,data/raw/github/02_motor_pricing/CASdatasets/data/frePF6064.rda,frePF6064,DataFrame,converted,108,2,data/processed/rdata/github/02_motor_pricing/CASdatasets/data/frePF6064__frePF6064.parquet,data/processed/rdata/github/02_motor_pricing/CASdatasets/data/frePF6064__frePF6064.csv.gz,reader=rdata
data/raw/github/02_motor_pricing/CASdatasets/data/frePM6064.rda,730e3a24689af2abeee105de91cd949e5a2c65e1a2c1f465f3bd3a1eff4951d5,data/raw/github/02_motor_pricing/CASdatasets/data/frePM6064.rda,frePM6064,DataFrame,converted,108,2,data/processed/rdata/github/02_motor_pricing/CASdatasets/data/frePM6064__frePM6064.parquet,data/processed/rdata/github/02_motor_pricing/CASdatasets/data/frePM6064__frePM6064.csv.gz,reader=rdata
data/raw/github/02_motor_pricing/CASdatasets/data/freprojqxINSEE.rda,333cfaf38c885abb0ac7169436cffa163d4d7d7caee2db0f23c3850079cf6e28,data/raw/github/02_motor_pricing/CASdatasets/data/freprojqxINSEE.rda,freprojqxINSEE,DataFrame,converted,66,109,data/processed/rdata/github/02_motor_pricing/CASdatasets/data/freprojqxINSEE__freprojqxINSEE.parquet,data/processed/rdata/github/02_motor_pricing/CASdatasets/data/freprojqxINSEE__freprojqxINSEE.csv.gz,reader=rdata
data/raw/github/02_motor_pricing/CASdatasets/data/freptfpermdis.rda,182222692749d8dccf8098f9f726821d79c55d00f3d48f51e3111f3f526a6dfc,data/raw/github/02_motor_pricing/CASdatasets/data/freptfpermdis.rda,freptfpermdis,DataFrame,converted,1048575,6,data/processed/rdata/github/02_motor_pricing/CASdatasets/data/freptfpermdis__freptfpermdis.parquet,data/processed/rdata/github/02_motor_pricing/CASdatasets/data/freptfpermdis__freptfpermdis.csv.gz,reader=rdata
data/raw/github/02_motor_pricing/CASdatasets/data/freptftempdis.rda,97e33da85f265cb9c6beacb1be94e71de04d8e9b12c22957ee167709b0010c86,data/raw/github/02_motor_pricing/CASdatasets/data/freptftempdis.rda,freptftempdis,DataFrame,converted,560725,9,data/processed/rdata/github/02_motor_pricing/CASdatasets/data/freptftempdis__freptftempdis.parquet,data/processed/rdata/github/02_motor_pricing/CASdatasets/data/freptftempdis__freptftempdis.csv.gz,reader=rdata
data/raw/github/02_motor_pricing/CASdatasets/data/freRegion7526.rda,00f1108721f8b8b4610293a1d4aabae7cfe5a6297e9b017251adbb53b3e50605,data/raw/github/02_motor_pricing/CASdatasets/data/freRegion7526.rda,freRegion7526,DataFrame,converted,14,52,data/processed/rdata/github/02_motor_pricing/CASdatasets/data/freRegion7526__freRegion7526.parquet,data/processed/rdata/github/02_motor_pricing/CASdatasets/data/freRegion7526__freRegion7526.csv.gz,reader=rdata
data/raw/github/02_motor_pricing/CASdatasets/data/freRegionOld7526.rda,2e7699e69e594cb6427e2cb8d15df54eec233222187d7c32ada5b54da0b15495,data/raw/github/02_motor_pricing/CASdatasets/data/freRegionOld7526.rda,freRegionOld7526,DataFrame,converted,23,52,data/processed/rdata/github/02_motor_pricing/CASdatasets/data/freRegionOld7526__freRegionOld7526.parquet,data/processed/rdata/github/02_motor_pricing/CASdatasets/data/freRegionOld7526__freRegionOld7526.csv.gz,reader=rdata
data/raw/github/02_motor_pricing/CASdatasets/data/freT2Ddis10.rda,4532291b8f9a9c5661715f245e68ac893efe8cc0fbff87626b5e5388d27d202f,data/raw/github/02_motor_pricing/CASdatasets/data/freT2Ddis10.rda,freT2Ddis10,DataFrame,converted,41,37,data/processed/rdata/github/02_motor_pricing/CASdatasets/data/freT2Ddis10__freT2Ddis10.parquet,data/processed/rdata/github/02_motor_pricing/CASdatasets/data/freT2Ddis10__freT2Ddis10.csv.gz,reader=rdata
data/raw/github/02_motor_pricing/CASdatasets/data/freT2Ddisprob10.rda,53dfd2d78a3b191e6e71036e5ef105a5564c5fe6e3c16c3e94156bc682754a99,data/raw/github/02_motor_pricing/CASdatasets/data/freT2Ddisprob10.rda,freT2Ddisprob10,DataFrame,converted,41,35,data/processed/rdata/github/02_motor_pricing/CASdatasets/data/freT2Ddisprob10__freT2Ddisprob10.parquet,data/processed/rdata/github/02_motor_pricing/CASdatasets/data/freT2Ddisprob10__freT2Ddisprob10.csv.gz,reader=rdata
data/raw/github/02_motor_pricing/CASdatasets/data/freT2Pdis10.rda,668ec1a7a6dfb1a44d6c873b3e63af940334e3eae28dad4e30190c919ef3b0b7,data/raw/github/02_motor_pricing/CASdatasets/data/freT2Pdis10.rda,freT2Pdis10,DataFrame,converted,42,37,data/processed/rdata/github/02_motor_pricing/CASdatasets/data/freT2Pdis10__freT2Pdis10.parquet,data/processed/rdata/github/02_motor_pricing/CASdatasets/data/freT2Pdis10__freT2Pdis10.csv.gz,reader=rdata
data/raw/github/02_motor_pricing/CASdatasets/data/freT2Pdis13.rda,584323afa27b4f2915e46298287c0606ca535ed56505e9ae72907187ec27a5a8,data/raw/github/02_motor_pricing/CASdatasets/data/freT2Pdis13.rda,freT2Pdis13,DataFrame,converted,42,37,data/processed/rdata/github/02_motor_pricing/CASdatasets/data/freT2Pdis13__freT2Pdis13.parquet,data/processed/rdata/github/02_motor_pricing/CASdatasets/data/freT2Pdis13__freT2Pdis13.csv.gz,reader=rdata
data/raw/github/02_motor_pricing/CASdatasets/data/freT2Pdisprob10.rda,a39078d132c3ca8471e0d64dbdfeef64b015b0ff4b59c5d3d632d197819e6698,data/raw/github/02_motor_pricing/CASdatasets/data/freT2Pdisprob10.rda,freT2Pdisprob10,DataFrame,converted,42,36,data/processed/rdata/github/02_motor_pricing/CASdatasets/data/freT2Pdisprob10__freT2Pdisprob10.parquet,data/processed/rdata/github/02_motor_pricing/CASdatasets/data/freT2Pdisprob10__freT2Pdisprob10.csv.gz,reader=rdata
data/raw/github/02_motor_pricing/CASdatasets/data/freT2Pdisprob13.rda,b79937ce02f3463d419991568656c5ba5c458662bba0652670bf017656540682,data/raw/github/02_motor_pricing/CASdatasets/data/freT2Pdisprob13.rda,freT2Pdisprob13,DataFrame,converted,42,36,data/processed/rdata/github/02_motor_pricing/CASdatasets/data/freT2Pdisprob13__freT2Pdisprob13.parquet,data/processed/rdata/github/02_motor_pricing/CASdatasets/data/freT2Pdisprob13__freT2Pdisprob13.csv.gz,reader=rdata
data/raw/github/02_motor_pricing/CASdatasets/data/freT2Tdis10.rda,bb0e438361fc1e3e09226c620c9a3ce5ee06eca26377b4cffbc6d1f51c6560be,data/raw/github/02_motor_pricing/CASdatasets/data/freT2Tdis10.rda,freT2Tdis10,DataFrame,converted,47,38,data/processed/rdata/github/02_motor_pricing/CASdatasets/data/freT2Tdis10__freT2Tdis10.parquet,data/processed/rdata/github/02_motor_pricing/CASdatasets/data/freT2Tdis10__freT2Tdis10.csv.gz,reader=rdata
data/raw/github/02_motor_pricing/CASdatasets/data/freT2Tdis13.rda,e24657a4a20988b2e2f89a0c8e39dc7a9fd953734aa598be922249220a2092cd,data/raw/github/02_motor_pricing/CASdatasets/data/freT2Tdis13.rda,freT2Tdis13,DataFrame,converted,45,38,data/processed/rdata/github/02_motor_pricing/CASdatasets/data/freT2Tdis13__freT2Tdis13.parquet,data/processed/rdata/github/02_motor_pricing/CASdatasets/data/freT2Tdis13__freT2Tdis13.csv.gz,reader=rdata
data/raw/github/02_motor_pricing/CASdatasets/data/freT2Tdisprob10.rda,c0a5043fd662e48fd8aa6b6b1c6fbcf0ec6e1ffb7018bb1967bd350e38b068db,data/raw/github/02_motor_pricing/CASdatasets/data/freT2Tdisprob10.rda,freT2Tdisprob10,DataArray,converted,1692,3,data/processed/rdata/github/02_motor_pricing/CASdatasets/data/freT2Tdisprob10__freT2Tdisprob10.parquet,data/processed/rdata/github/02_motor_pricing/CASdatasets/data/freT2Tdisprob10__freT2Tdisprob10.csv.gz,reader=rdata
data/raw/github/02_motor_pricing/CASdatasets/data/freT2Tdisprob13.rda,c04378735d6204fb1eb4037325449e55d193cb57a535cc97c5dfacf8444b4f9f,data/raw/github/02_motor_pricing/CASdatasets/data/freT2Tdisprob13.rda,freT2Tdisprob13,DataArray,converted,1620,3,data/processed/rdata/github/02_motor_pricing/CASdatasets/data/freT2Tdisprob13__freT2Tdisprob13.parquet,data/processed/rdata/github/02_motor_pricing/CASdatasets/data/freT2Tdisprob13__freT2Tdisprob13.csv.gz,reader=rdata
data/raw/github/02_motor_pricing/CASdatasets/data/freTD7377.rda,9fbc3ae2c710d6c6bd1c806dfb8cfd6d9894df1ee74c2bd5ac42701572cb72e7,data/raw/github/02_motor_pricing/CASdatasets/data/freTD7377.rda,freTD7377,DataFrame,converted,107,2,data/processed/rdata/github/02_motor_pricing/CASdatasets/data/freTD7377__freTD7377.parquet,data/processed/rdata/github/02_motor_pricing/CASdatasets/data/freTD7377__freTD7377.csv.gz,reader=rdata
data/raw/github/02_motor_pricing/CASdatasets/data/freTD8890.rda,cf16dab50d1b5e5f1b75ba066740ebbca43de4c5b72e5c5772bea53384fbd6e6,data/raw/github/02_motor_pricing/CASdatasets/data/freTD8890.rda,freTD8890,DataFrame,converted,108,2,data/processed/rdata/github/02_motor_pricing/CASdatasets/data/freTD8890__freTD8890.parquet,data/processed/rdata/github/02_motor_pricing/CASdatasets/data/freTD8890__freTD8890.csv.gz,reader=rdata
data/raw/github/02_motor_pricing/CASdatasets/data/fretelematic.rda,29797a5ada4d5fed548cc951792e03665de366b637b47e49e1a4c90f2f0004df,data/raw/github/02_motor_pricing/CASdatasets/data/fretelematic.rda,fretelematic,DataFrame,converted,1177,16,data/processed/rdata/github/02_motor_pricing/CASdatasets/data/fretelematic__fretelematic.parquet,data/processed/rdata/github/02_motor_pricing/CASdatasets/data/fretelematic__fretelematic.csv.gz,reader=rdata
data/raw/github/02_motor_pricing/CASdatasets/data/freTF0002.rda,adf32bf9cc682cc87dafea205a7f62324f3c1df429012cb56071993299b04cb2,data/raw/github/02_motor_pricing/CASdatasets/data/freTF0002.rda,freTF0002,DataFrame,converted,114,2,data/processed/rdata/github/02_motor_pricing/CASdatasets/data/freTF0002__freTF0002.parquet,data/processed/rdata/github/02_motor_pricing/CASdatasets/data/freTF0002__freTF0002.csv.gz,reader=rdata
data/raw/github/02_motor_pricing/CASdatasets/data/freTGF05.rda,beaa1dccb3bab318e7991cc62637b0f49b9248fd3627fe3bb97e377c00bc6734,data/raw/github/02_motor_pricing/CASdatasets/data/freTGF05.rda,freTGF05,DataFrame,converted,121,107,data/processed/rdata/github/02_motor_pricing/CASdatasets/data/freTGF05__freTGF05.parquet,data/processed/rdata/github/02_motor_pricing/CASdatasets/data/freTGF05__freTGF05.csv.gz,reader=rdata
data/raw/github/02_motor_pricing/CASdatasets/data/freTGH05.rda,055032d8170a4b389b3c54ca30cc2c48b2ac85da4549fae1304d0aea993eb732,data/raw/github/02_motor_pricing/CASdatasets/data/freTGH05.rda,freTGH05,DataFrame,converted,121,107,data/processed/rdata/github/02_motor_pricing/CASdatasets/data/freTGH05__freTGH05.parquet,data/processed/rdata/github/02_motor_pricing/CASdatasets/data/freTGH05__freTGH05.csv.gz,reader=rdata
data/raw/github/02_motor_pricing/CASdatasets/data/freTH0002.rda,a88bb27e3cfa56f88e0cdcbae0a1deedd5f765e04e763907322e322cebc07f64,data/raw/github/02_motor_pricing/CASdatasets/data/freTH0002.rda,freTH0002,DataFrame,converted,112,2,data/processed/rdata/github/02_motor_pricing/CASdatasets/data/freTH0002__freTH0002.parquet,data/processed/rdata/github/02_motor_pricing/CASdatasets/data/freTH0002__freTH0002.csv.gz,reader=rdata
data/raw/github/02_motor_pricing/CASdatasets/data/freTPG93full.rda,b92ae581fe374fea5accdbf9a02bdbc8554530ad79432a6aade6f19591b240e8,data/raw/github/02_motor_pricing/CASdatasets/data/freTPG93full.rda,freTPG93full,DataFrame,converted,121,95,data/processed/rdata/github/02_motor_pricing/CASdatasets/data/freTPG93full__freTPG93full.parquet,data/processed/rdata/github/02_motor_pricing/CASdatasets/data/freTPG93full__freTPG93full.csv.gz,reader=rdata
data/raw/github/02_motor_pricing/CASdatasets/data/fretplclaimnumber.rda,745150feefe60bc45137ae3abd6652489bf9b968f58086c71eedd302399c86a0,data/raw/github/02_motor_pricing/CASdatasets/data/fretplclaimnumber.rda,fretplclaimnumber,DataFrame,converted,678013,3,data/processed/rdata/github/02_motor_pricing/CASdatasets/data/fretplclaimnumber__fretplclaimnumber.parquet,data/processed/rdata/github/02_motor_pricing/CASdatasets/data/fretplclaimnumber__fretplclaimnumber.csv.gz,reader=rdata
data/raw/github/02_motor_pricing/CASdatasets/data/freTPRV93.rda,c011f9c68ec14f864c3d9484f64c424b8d050d0a5a41195807f374ac8887159b,data/raw/github/02_motor_pricing/CASdatasets/data/freTPRV93.rda,freTPRV93,DataFrame,converted,115,2,data/processed/rdata/github/02_motor_pricing/CASdatasets/data/freTPRV93__freTPRV93.parquet,data/processed/rdata/github/02_motor_pricing/CASdatasets/data/freTPRV93__freTPRV93.csv.gz,reader=rdata
data/raw/github/02_motor_pricing/CASdatasets/data/fretri1auto9605.rda,1e65cb8124f7f821704b8eafe68afbb8bc5e354579841535fb19991889b80ceb,data/raw/github/02_motor_pricing/CASdatasets/data/fretri1auto9605.rda,fretri1auto9605,dict,converted,1,6,data/processed/rdata/github/02_motor_pricing/CASdatasets/data/fretri1auto9605__fretri1auto9605.parquet,data/processed/rdata/github/02_motor_pricing/CASdatasets/data/fretri1auto9605__fretri1auto9605.csv.gz,Mixed object columns were string-normalized for Parquet.
data/raw/github/02_motor_pricing/CASdatasets/data/fretri1dis1418.rda,bb322364399d0b1d902c40a3f4aeb7c77a7b5425f118986398269dcaf18bc104,data/raw/github/02_motor_pricing/CASdatasets/data/fretri1dis1418.rda,fretri1dis1418,DataFrame,converted,60,40,data/processed/rdata/github/02_motor_pricing/CASdatasets/data/fretri1dis1418__fretri1dis1418.parquet,data/processed/rdata/github/02_motor_pricing/CASdatasets/data/fretri1dis1418__fretri1dis1418.csv.gz,reader=rdata
data/raw/github/02_motor_pricing/CASdatasets/data/fretri1TPL9207.rda,fb7a3b4945f5c3027a8ede14ba1c10282c4674c90ab3a6df86a8d0e1877fef06,data/raw/github/02_motor_pricing/CASdatasets/data/fretri1TPL9207.rda,fretri1TPL9207,DataArray,converted,400,3,data/processed/rdata/github/02_motor_pricing/CASdatasets/data/fretri1TPL9207__fretri1TPL9207.parquet,data/processed/rdata/github/02_motor_pricing/CASdatasets/data/fretri1TPL9207__fretri1TPL9207.csv.gz,reader=rdata
data/raw/github/02_motor_pricing/CASdatasets/data/fretri2auto9605.rda,905f1818c1f399a86ee49605d564cfbd4404bf9f69f97ee3c0a6cf826a6f3c75,data/raw/github/02_motor_pricing/CASdatasets/data/fretri2auto9605.rda,fretri2auto9605,dict,converted,1,6,data/processed/rdata/github/02_motor_pricing/CASdatasets/data/fretri2auto9605__fretri2auto9605.parquet,data/processed/rdata/github/02_motor_pricing/CASdatasets/data/fretri2auto9605__fretri2auto9605.csv.gz,Mixed object columns were string-normalized for Parquet.
data/raw/github/02_motor_pricing/CASdatasets/data/fretri3auto9605.rda,b6a8caeb425ffa8782b0a5afe19145c0057cc570d9bdcb9e3bf69f7e9abb507c,data/raw/github/02_motor_pricing/CASdatasets/data/fretri3auto9605.rda,fretri3auto9605,dict,converted,1,6,data/processed/rdata/github/02_motor_pricing/CASdatasets/data/fretri3auto9605__fretri3auto9605.parquet,data/processed/rdata/github/02_motor_pricing/CASdatasets/data/fretri3auto9605__fretri3auto9605.csv.gz,Mixed object columns were string-normalized for Parquet.
data/raw/github/02_motor_pricing/CASdatasets/data/fretri4auto9403.rda,dd181b83b46145753d7749f466bb52376acd50db1803636c76890b819a6afd7a,data/raw/github/02_motor_pricing/CASdatasets/data/fretri4auto9403.rda,fretri4auto9403,dict,converted,1,6,data/processed/rdata/github/02_motor_pricing/CASdatasets/data/fretri4auto9403__fretri4auto9403.parquet,data/processed/rdata/github/02_motor_pricing/CASdatasets/data/fretri4auto9403__fretri4auto9403.csv.gz,Mixed object columns were string-normalized for Parquet.
data/raw/github/02_motor_pricing/CASdatasets/data/freTV7377.rda,cb2c028fd6d4bd0089e7d5b67261a47e3e1a7c826c7d5ee42937ea0dfeffa2de,data/raw/github/02_motor_pricing/CASdatasets/data/freTV7377.rda,freTV7377,DataFrame,converted,107,2,data/processed/rdata/github/02_motor_pricing/CASdatasets/data/freTV7377__freTV7377.parquet,data/processed/rdata/github/02_motor_pricing/CASdatasets/data/freTV7377__freTV7377.csv.gz,reader=rdata
data/raw/github/02_motor_pricing/CASdatasets/data/freTV8890.rda,873a79117af376b087dce3c1d71979143664fa9248e00c5c0a1875ebeec80601,data/raw/github/02_motor_pricing/CASdatasets/data/freTV8890.rda,freTV8890,DataFrame,converted,112,2,data/processed/rdata/github/02_motor_pricing/CASdatasets/data/freTV8890__freTV8890.parquet,data/processed/rdata/github/02_motor_pricing/CASdatasets/data/freTV8890__freTV8890.csv.gz,reader=rdata
data/raw/github/02_motor_pricing/CASdatasets/data/hurricanehist.rda,265553822b7f7e30bfe8b0827fe3f0420a1f76f5ab22b408f0f6ca7b2de73cdd,data/raw/github/02_motor_pricing/CASdatasets/data/hurricanehist.rda,hurricanehist,DataFrame,converted,2010,8,data/processed/rdata/github/02_motor_pricing/CASdatasets/data/hurricanehist__hurricanehist.parquet,data/processed/rdata/github/02_motor_pricing/CASdatasets/data/hurricanehist__hurricanehist.csv.gz,reader=rdata
data/raw/github/02_motor_pricing/CASdatasets/data/ICB1.rda,842f4b87fc8eace155d7f80059f5272e1c08dc49efb6ad06130a8ee2f7cafb95,data/raw/github/02_motor_pricing/CASdatasets/data/ICB1.rda,ICB1,DataFrame,converted,5822,86,data/processed/rdata/github/02_motor_pricing/CASdatasets/data/ICB1__ICB1.parquet,data/processed/rdata/github/02_motor_pricing/CASdatasets/data/ICB1__ICB1.csv.gz,reader=rdata
data/raw/github/02_motor_pricing/CASdatasets/data/ICB2.rda,abcb0a73cc3e2a23a857b92e9b1ce5189f8d4e43c7c8471b8d2fe4c73a1afd9e,data/raw/github/02_motor_pricing/CASdatasets/data/ICB2.rda,ICB2,DataFrame,converted,4000,85,data/processed/rdata/github/02_motor_pricing/CASdatasets/data/ICB2__ICB2.parquet,data/processed/rdata/github/02_motor_pricing/CASdatasets/data/ICB2__ICB2.csv.gz,reader=rdata
data/raw/github/02_motor_pricing/CASdatasets/data/itamtplcost.rda,0b7e14aa0baec8b2ce250d2f162cea5aaaed2ec2926f5e6d8e8fa33217cf04ec,data/raw/github/02_motor_pricing/CASdatasets/data/itamtplcost.rda,itamtplcost,DataFrame,converted,457,2,data/processed/rdata/github/02_motor_pricing/CASdatasets/data/itamtplcost__itamtplcost.parquet,data/processed/rdata/github/02_motor_pricing/CASdatasets/data/itamtplcost__itamtplcost.csv.gz,reader=rdata
data/raw/github/02_motor_pricing/CASdatasets/data/linearmodelfactor.rda,9bcda1d3a5af00e339b3041a04e03f97e27acb005c73aa0a329218ac1d2161f5,data/raw/github/02_motor_pricing/CASdatasets/data/linearmodelfactor.rda,linearmodelfactor,DataFrame,converted,40,3,data/processed/rdata/github/02_motor_pricing/CASdatasets/data/linearmodelfactor__linearmodelfactor.parquet,data/processed/rdata/github/02_motor_pricing/CASdatasets/data/linearmodelfactor__linearmodelfactor.csv.gz,reader=rdata
data/raw/github/02_motor_pricing/CASdatasets/data/lossalae.rda,fe84c9066ee8f83acb7bd6b7e9dec39a97f7555a1993bb08a88d6855ff82e03d,data/raw/github/02_motor_pricing/CASdatasets/data/lossalae.rda,lossalae,DataFrame,converted,1500,2,data/processed/rdata/github/02_motor_pricing/CASdatasets/data/lossalae__lossalae.parquet,data/processed/rdata/github/02_motor_pricing/CASdatasets/data/lossalae__lossalae.csv.gz,reader=rdata
data/raw/github/02_motor_pricing/CASdatasets/data/lossalaefull.rda,73d782344a4d3264eedeaa6590fcfdac60c888f116f6f4964f7c9932cd2a9a1b,data/raw/github/02_motor_pricing/CASdatasets/data/lossalaefull.rda,lossalaefull,DataFrame,converted,1500,4,data/processed/rdata/github/02_motor_pricing/CASdatasets/data/lossalaefull__lossalaefull.parquet,data/processed/rdata/github/02_motor_pricing/CASdatasets/data/lossalaefull__lossalaefull.csv.gz,reader=rdata
data/raw/github/02_motor_pricing/CASdatasets/data/norauto.rda,86ddbe1f8c6c8e73ab7fdcaf637d16a8d4b724b7bdcd3c77f38ba64117d86928,data/raw/github/02_motor_pricing/CASdatasets/data/norauto.rda,norauto,DataFrame,converted,183999,7,data/processed/rdata/github/02_motor_pricing/CASdatasets/data/norauto__norauto.parquet,data/processed/rdata/github/02_motor_pricing/CASdatasets/data/norauto__norauto.csv.gz,reader=rdata
data/raw/github/02_motor_pricing/CASdatasets/data/Norberg.rda,24cc63590ff50baae8d55f7a4ecfe9a4f205c57a5fb36c06a8f6be0b3bbea0f0,data/raw/github/02_motor_pricing/CASdatasets/data/Norberg.rda,Norberg,DataArray,converted,200,3,data/processed/rdata/github/02_motor_pricing/CASdatasets/data/Norberg__Norberg.parquet,data/processed/rdata/github/02_motor_pricing/CASdatasets/data/Norberg__Norberg.csv.gz,reader=rdata
data/raw/github/02_motor_pricing/CASdatasets/data/norfire.rda,707ae42ca290b2c2635d4e786e4ddfd215aa71f8887b597ffb10005e3b8e0afc,data/raw/github/02_motor_pricing/CASdatasets/data/norfire.rda,norfire,DataFrame,converted,9181,3,data/processed/rdata/github/02_motor_pricing/CASdatasets/data/norfire__norfire.parquet,data/processed/rdata/github/02_motor_pricing/CASdatasets/data/norfire__norfire.csv.gz,reader=rdata
data/raw/github/02_motor_pricing/CASdatasets/data/nortritpl8800.rda,b34c29bf3c72729678a686cbc579087c05e90777e78c6672acc72e941744a230,data/raw/github/02_motor_pricing/CASdatasets/data/nortritpl8800.rda,nortritpl8800,dict,converted,1,5,data/processed/rdata/github/02_motor_pricing/CASdatasets/data/nortritpl8800__nortritpl8800.parquet,data/processed/rdata/github/02_motor_pricing/CASdatasets/data/nortritpl8800__nortritpl8800.csv.gz,Mixed object columns were string-normalized for Parquet.
data/raw/github/02_motor_pricing/CASdatasets/data/nzcathist.rda,1b1638b5f3d8ba41b7ea0553bb2ac01b7a0c300878236ea762e9cf5d70154a9d,data/raw/github/02_motor_pricing/CASdatasets/data/nzcathist.rda,nzcathist,DataFrame,converted,145,10,data/processed/rdata/github/02_motor_pricing/CASdatasets/data/nzcathist__nzcathist.parquet,data/processed/rdata/github/02_motor_pricing/CASdatasets/data/nzcathist__nzcathist.csv.gz,reader=rdata
data/raw/github/02_motor_pricing/CASdatasets/data/pg15pricing.rda,a6bee9233f9e88c5bdbdbb293af1bb4f17b3844b0c5075abd1667a62a4de55b4,data/raw/github/02_motor_pricing/CASdatasets/data/pg15pricing.rda,pg15pricing,DataFrame,converted,36311,15,data/processed/rdata/github/02_motor_pricing/CASdatasets/data/pg15pricing__pg15pricing.parquet,data/processed/rdata/github/02_motor_pricing/CASdatasets/data/pg15pricing__pg15pricing.csv.gz,reader=rdata
data/raw/github/02_motor_pricing/CASdatasets/data/pg15training.rda,a762362adb188e593de8ce2b811460659cc67de43751b22ac84d749db53f2550,data/raw/github/02_motor_pricing/CASdatasets/data/pg15training.rda,pg15training,DataFrame,converted,100021,20,data/processed/rdata/github/02_motor_pricing/CASdatasets/data/pg15training__pg15training.parquet,data/processed/rdata/github/02_motor_pricing/CASdatasets/data/pg15training__pg15training.csv.gz,reader=rdata
data/raw/github/02_motor_pricing/CASdatasets/data/pg16test.rda,70dd0991153fa1ab83fdf2ad0767e394f10b43d5d1f6501528d4e3e0fcdff332,data/raw/github/02_motor_pricing/CASdatasets/data/pg16test.rda,pg16test,DataFrame,converted,32772,21,data/processed/rdata/github/02_motor_pricing/CASdatasets/data/pg16test__pg16test.parquet,data/processed/rdata/github/02_motor_pricing/CASdatasets/data/pg16test__pg16test.csv.gz,reader=rdata
data/raw/github/02_motor_pricing/CASdatasets/data/pg16trainclaim.rda,d1b87f73c7fe74ae698f763e91016a4173d952d4bce75e6882e68e42a9e4297e,data/raw/github/02_motor_pricing/CASdatasets/data/pg16trainclaim.rda,pg16trainclaim,DataFrame,converted,4568,9,data/processed/rdata/github/02_motor_pricing/CASdatasets/data/pg16trainclaim__pg16trainclaim.parquet,data/processed/rdata/github/02_motor_pricing/CASdatasets/data/pg16trainclaim__pg16trainclaim.csv.gz,reader=rdata
data/raw/github/02_motor_pricing/CASdatasets/data/pg16trainpol.rda,a63f3ef4638035dd62559770eac298621f76796ab5cf055ae6c7026042654bcd,data/raw/github/02_motor_pricing/CASdatasets/data/pg16trainpol.rda,pg16trainpol,DataFrame,converted,87228,22,data/processed/rdata/github/02_motor_pricing/CASdatasets/data/pg16trainpol__pg16trainpol.parquet,data/processed/rdata/github/02_motor_pricing/CASdatasets/data/pg16trainpol__pg16trainpol.csv.gz,reader=rdata
data/raw/github/02_motor_pricing/CASdatasets/data/pg17testyear1.rda,a6e1dde6cc6e4afed801836fc1cf16a3a5c5e765ed1ec831c14f91747f3fb435,data/raw/github/02_motor_pricing/CASdatasets/data/pg17testyear1.rda,pg17testyear1,DataFrame,converted,100000,31,data/processed/rdata/github/02_motor_pricing/CASdatasets/data/pg17testyear1__pg17testyear1.parquet,data/processed/rdata/github/02_motor_pricing/CASdatasets/data/pg17testyear1__pg17testyear1.csv.gz,reader=rdata
data/raw/github/02_motor_pricing/CASdatasets/data/pg17testyear2.rda,0f9f1030234a60a88eaad5549c9bcfbdd1ff599afa7f1cde823d59eb6f6698f8,data/raw/github/02_motor_pricing/CASdatasets/data/pg17testyear2.rda,pg17testyear2,DataFrame,converted,100000,31,data/processed/rdata/github/02_motor_pricing/CASdatasets/data/pg17testyear2__pg17testyear2.parquet,data/processed/rdata/github/02_motor_pricing/CASdatasets/data/pg17testyear2__pg17testyear2.csv.gz,reader=rdata
data/raw/github/02_motor_pricing/CASdatasets/data/pg17testyear3.rda,b3af68e70ae5e8dbeba65e72c4453a68d0a483296b79a24e5413d19af8f421c9,data/raw/github/02_motor_pricing/CASdatasets/data/pg17testyear3.rda,pg17testyear3,DataFrame,converted,100000,31,data/processed/rdata/github/02_motor_pricing/CASdatasets/data/pg17testyear3__pg17testyear3.parquet,data/processed/rdata/github/02_motor_pricing/CASdatasets/data/pg17testyear3__pg17testyear3.csv.gz,reader=rdata
data/raw/github/02_motor_pricing/CASdatasets/data/pg17testyear4.rda,43e13edddcb29cd7078cc7197eb0b73a034eb35940a53ace979c4bc54773c2a0,data/raw/github/02_motor_pricing/CASdatasets/data/pg17testyear4.rda,pg17testyear4,DataFrame,converted,100000,31,data/processed/rdata/github/02_motor_pricing/CASdatasets/data/pg17testyear4__pg17testyear4.parquet,data/processed/rdata/github/02_motor_pricing/CASdatasets/data/pg17testyear4__pg17testyear4.csv.gz,reader=rdata
data/raw/github/02_motor_pricing/CASdatasets/data/pg17trainclaim.rda,2eba91dc2243339e5e8fe1c20e36c76d0c8a9c169bb49ce8e4e7ef77c48e492a,data/raw/github/02_motor_pricing/CASdatasets/data/pg17trainclaim.rda,pg17trainclaim,DataFrame,converted,14243,6,data/processed/rdata/github/02_motor_pricing/CASdatasets/data/pg17trainclaim__pg17trainclaim.parquet,data/processed/rdata/github/02_motor_pricing/CASdatasets/data/pg17trainclaim__pg17trainclaim.csv.gz,reader=rdata
data/raw/github/02_motor_pricing/CASdatasets/data/pg17trainpol.rda,7b0010b021215cf48cdeeccf1f10d44d2d9f9e4f5b60b28d3704cbf1af373a7b,data/raw/github/02_motor_pricing/CASdatasets/data/pg17trainpol.rda,pg17trainpol,DataFrame,converted,100000,31,data/processed/rdata/github/02_motor_pricing/CASdatasets/data/pg17trainpol__pg17trainpol.parquet,data/processed/rdata/github/02_motor_pricing/CASdatasets/data/pg17trainpol__pg17trainpol.csv.gz,reader=rdata
data/raw/github/02_motor_pricing/CASdatasets/data/PnCdemand.rda,38d41b9536c83561181ba93343c70aa5a945e4338f7537a54471a14b5b47a9b1,data/raw/github/02_motor_pricing/CASdatasets/data/PnCdemand.rda,PnCdemand,DataFrame,converted,154,22,data/processed/rdata/github/02_motor_pricing/CASdatasets/data/PnCdemand__PnCdemand.parquet,data/processed/rdata/github/02_motor_pricing/CASdatasets/data/PnCdemand__PnCdemand.csv.gz,reader=rdata
data/raw/github/02_motor_pricing/CASdatasets/data/sgautoBI9301.rda,81c2beb96797a184f37e683fb0fb09ea11bd9b6ce28dd51348d8c782ac08233c,data/raw/github/02_motor_pricing/CASdatasets/data/sgautoBI9301.rda,sgautoBI9301,DataArray,converted,81,3,data/processed/rdata/github/02_motor_pricing/CASdatasets/data/sgautoBI9301__sgautoBI9301.parquet,data/processed/rdata/github/02_motor_pricing/CASdatasets/data/sgautoBI9301__sgautoBI9301.csv.gz,reader=rdata
data/raw/github/02_motor_pricing/CASdatasets/data/sgautonb.rda,5fd69f20036b8f7706877ff73dd5093235410c3fe5eb750d75047eb779facba3,data/raw/github/02_motor_pricing/CASdatasets/data/sgautonb.rda,sgautonb,DataFrame,converted,7483,15,data/processed/rdata/github/02_motor_pricing/CASdatasets/data/sgautonb__sgautonb.parquet,data/processed/rdata/github/02_motor_pricing/CASdatasets/data/sgautonb__sgautonb.csv.gz,reader=rdata
data/raw/github/02_motor_pricing/CASdatasets/data/sgautoprop9701.rda,6bcc07ce5664033613146cbac447a38a7150bdf3cbd684024d398487d587b09b,data/raw/github/02_motor_pricing/CASdatasets/data/sgautoprop9701.rda,sgautoprop9701,DataArray,converted,25,3,data/processed/rdata/github/02_motor_pricing/CASdatasets/data/sgautoprop9701__sgautoprop9701.parquet,data/processed/rdata/github/02_motor_pricing/CASdatasets/data/sgautoprop9701__sgautoprop9701.csv.gz,reader=rdata
data/raw/github/02_motor_pricing/CASdatasets/data/SOAGMI.rda,018108d30f1a6eb082b5afd12f9162b0b6714e841a023b382a5e2c6de1059bff,data/raw/github/02_motor_pricing/CASdatasets/data/SOAGMI.rda,SOAGMI,DataFrame,converted,75789,1,data/processed/rdata/github/02_motor_pricing/CASdatasets/data/SOAGMI__SOAGMI.parquet,data/processed/rdata/github/02_motor_pricing/CASdatasets/data/SOAGMI__SOAGMI.csv.gz,reader=rdata
data/raw/github/02_motor_pricing/CASdatasets/data/spacedata.rda,13e28db9a1717dadfb8a430eea1698e771d67276f2eb33e8416e7c65ec83b21b,data/raw/github/02_motor_pricing/CASdatasets/data/spacedata.rda,spacedata,DataFrame,converted,1698,16,data/processed/rdata/github/02_motor_pricing/CASdatasets/data/spacedata__spacedata.parquet,data/processed/rdata/github/02_motor_pricing/CASdatasets/data/spacedata__spacedata.csv.gz,reader=rdata
data/raw/github/02_motor_pricing/CASdatasets/data/swautoins.rda,057594a03af696dff034363f1c5af751c51e01669a751b170e491ca4650d9ba7,data/raw/github/02_motor_pricing/CASdatasets/data/swautoins.rda,swautoins,DataFrame,converted,2182,7,data/processed/rdata/github/02_motor_pricing/CASdatasets/data/swautoins__swautoins.parquet,data/processed/rdata/github/02_motor_pricing/CASdatasets/data/swautoins__swautoins.csv.gz,reader=rdata
data/raw/github/02_motor_pricing/CASdatasets/data/swbusscase.rda,98c2057e36ec8a74caa47e9d32b2008043dd1d292a732e7b1bf473d794faa5e6,data/raw/github/02_motor_pricing/CASdatasets/data/swbusscase.rda,swbusscase,DataFrame,converted,1542,7,data/processed/rdata/github/02_motor_pricing/CASdatasets/data/swbusscase__swbusscase.parquet,data/processed/rdata/github/02_motor_pricing/CASdatasets/data/swbusscase__swbusscase.csv.gz,reader=rdata
data/raw/github/02_motor_pricing/CASdatasets/data/swmotorcycle.rda,9f3bc75279e9dd6fac607d03e7fb052197142614067b996be1052c17a1f54d2d,data/raw/github/02_motor_pricing/CASdatasets/data/swmotorcycle.rda,swmotorcycle,DataFrame,converted,64548,9,data/processed/rdata/github/02_motor_pricing/CASdatasets/data/swmotorcycle__swmotorcycle.parquet,data/processed/rdata/github/02_motor_pricing/CASdatasets/data/swmotorcycle__swmotorcycle.csv.gz,reader=rdata
data/raw/github/02_motor_pricing/CASdatasets/data/swtri1auto.rda,61146c0e0f757470054623cd975724914f0c6ef0a75da3f107e20eee21e629af,data/raw/github/02_motor_pricing/CASdatasets/data/swtri1auto.rda,swtri1auto,dict,converted,1,2,data/processed/rdata/github/02_motor_pricing/CASdatasets/data/swtri1auto__swtri1auto.parquet,data/processed/rdata/github/02_motor_pricing/CASdatasets/data/swtri1auto__swtri1auto.csv.gz,Mixed object columns were string-normalized for Parquet.
data/raw/github/02_motor_pricing/CASdatasets/data/ukaggclaim.rda,342972f68285e2d5b419ab1752b82c4d37839e38f7da47800416508809d5a424,data/raw/github/02_motor_pricing/CASdatasets/data/ukaggclaim.rda,ukaggclaim,DataFrame,converted,128,5,data/processed/rdata/github/02_motor_pricing/CASdatasets/data/ukaggclaim__ukaggclaim.parquet,data/processed/rdata/github/02_motor_pricing/CASdatasets/data/ukaggclaim__ukaggclaim.csv.gz,reader=rdata
data/raw/github/02_motor_pricing/CASdatasets/data/ukautocoll.rda,504b7335cc6fdc80ad77048b1b98450a62db02cb269ffd62945ed988678370d2,data/raw/github/02_motor_pricing/CASdatasets/data/ukautocoll.rda,ukautocoll,DataFrame,converted,32,4,data/processed/rdata/github/02_motor_pricing/CASdatasets/data/ukautocoll__ukautocoll.parquet,data/processed/rdata/github/02_motor_pricing/CASdatasets/data/ukautocoll__ukautocoll.csv.gz,reader=rdata
data/raw/github/02_motor_pricing/CASdatasets/data/usautoBI.rda,308f5d4e5a6a0d0e9174f1a9d1b6241512c3759e041e0733e014cd4dc212ace2,data/raw/github/02_motor_pricing/CASdatasets/data/usautoBI.rda,usautoBI,DataFrame,converted,1340,8,data/processed/rdata/github/02_motor_pricing/CASdatasets/data/usautoBI__usautoBI.parquet,data/processed/rdata/github/02_motor_pricing/CASdatasets/data/usautoBI__usautoBI.csv.gz,reader=rdata
data/raw/github/02_motor_pricing/CASdatasets/data/usautotri9504.rda,f82e232a5aa7707b990cc1ebf5814133cdf57601cdf7f91c416b417a258afded,data/raw/github/02_motor_pricing/CASdatasets/data/usautotri9504.rda,usautotri9504,DataArray,converted,100,3,data/processed/rdata/github/02_motor_pricing/CASdatasets/data/usautotri9504__usautotri9504.parquet,data/processed/rdata/github/02_motor_pricing/CASdatasets/data/usautotri9504__usautotri9504.csv.gz,reader=rdata
data/raw/github/02_motor_pricing/CASdatasets/data/usexpense.rda,b08df44cf0d39ae1f530927eb2e4ff72972d95456bd46a46131a0063ce36bcd9,data/raw/github/02_motor_pricing/CASdatasets/data/usexpense.rda,usexpense,DataFrame,converted,384,15,data/processed/rdata/github/02_motor_pricing/CASdatasets/data/usexpense__usexpense.parquet,data/processed/rdata/github/02_motor_pricing/CASdatasets/data/usexpense__usexpense.csv.gz,reader=rdata
data/raw/github/02_motor_pricing/CASdatasets/data/ushu17annualloss.rda,0017e654789922a88c407dcc18a8408daf9d3eee4056a5a093a4254d1d67822b,data/raw/github/02_motor_pricing/CASdatasets/data/ushu17annualloss.rda,ushu17annualloss,DataFrame,converted,118,3,data/processed/rdata/github/02_motor_pricing/CASdatasets/data/ushu17annualloss__ushu17annualloss.parquet,data/processed/rdata/github/02_motor_pricing/CASdatasets/data/ushu17annualloss__ushu17annualloss.csv.gz,reader=rdata
data/raw/github/02_motor_pricing/CASdatasets/data/ushu17inflation.rda,7f993d1c32751c078d3b0ee3d02df3e7f967c96491a2cf469e5174115a73eadf,data/raw/github/02_motor_pricing/CASdatasets/data/ushu17inflation.rda,ushu17inflation,DataFrame,converted,119,9,data/processed/rdata/github/02_motor_pricing/CASdatasets/data/ushu17inflation__ushu17inflation.parquet,data/processed/rdata/github/02_motor_pricing/CASdatasets/data/ushu17inflation__ushu17inflation.csv.gz,reader=rdata
data/raw/github/02_motor_pricing/CASdatasets/data/ushu17population.rda,58966d9523b3536bfa5f64986222f45fc521af3476bd1ea84ceab6cad50c0432,data/raw/github/02_motor_pricing/CASdatasets/data/ushu17population.rda,ushu17population,DataFrame,converted,207,11,data/processed/rdata/github/02_motor_pricing/CASdatasets/data/ushu17population__ushu17population.parquet,data/processed/rdata/github/02_motor_pricing/CASdatasets/data/ushu17population__ushu17population.csv.gz,reader=rdata
data/raw/github/02_motor_pricing/CASdatasets/data/ushu17stormloss.rda,3ecfc6602c7cca838a3afa4834627159527c727962d104a0c875d3eb34a598e4,data/raw/github/02_motor_pricing/CASdatasets/data/ushu17stormloss.rda,ushu17stormloss,DataFrame,converted,197,8,data/processed/rdata/github/02_motor_pricing/CASdatasets/data/ushu17stormloss__ushu17stormloss.parquet,data/processed/rdata/github/02_motor_pricing/CASdatasets/data/ushu17stormloss__ushu17stormloss.csv.gz,reader=rdata
data/raw/github/02_motor_pricing/CASdatasets/data/ushu18ICAT.rda,e30e86ce563d0cfb4b42c3341718d0cea8503bced668e9e2958df8bac61d1084,data/raw/github/02_motor_pricing/CASdatasets/data/ushu18ICAT.rda,ushu18ICAT,DataFrame,converted,247,13,data/processed/rdata/github/02_motor_pricing/CASdatasets/data/ushu18ICAT__ushu18ICAT.parquet,data/processed/rdata/github/02_motor_pricing/CASdatasets/data/ushu18ICAT__ushu18ICAT.csv.gz,reader=rdata
data/raw/github/02_motor_pricing/CASdatasets/data/ushu18NCEI.rda,53060e855abaf1fa03fadc9bc77fa4baa587bbc136c45e7c7b097737aaf4f872,data/raw/github/02_motor_pricing/CASdatasets/data/ushu18NCEI.rda,ushu18NCEI,DataFrame,converted,35,13,data/processed/rdata/github/02_motor_pricing/CASdatasets/data/ushu18NCEI__ushu18NCEI.parquet,data/processed/rdata/github/02_motor_pricing/CASdatasets/data/ushu18NCEI__ushu18NCEI.csv.gz,reader=rdata
data/raw/github/02_motor_pricing/CASdatasets/data/ushu18W.rda,fcd080004d75ab4df78d59794de8dbebf1c8c802222975fa59782cd260351462,data/raw/github/02_motor_pricing/CASdatasets/data/ushu18W.rda,ushu18W,DataFrame,converted,197,14,data/processed/rdata/github/02_motor_pricing/CASdatasets/data/ushu18W__ushu18W.parquet,data/processed/rdata/github/02_motor_pricing/CASdatasets/data/ushu18W__ushu18W.csv.gz,reader=rdata
data/raw/github/02_motor_pricing/CASdatasets/data/ushustormloss4980.rda,94b2d062cd26fe6a11ad528add1ea6d09ab03efb023bf67a6d2f117063f67bd4,data/raw/github/02_motor_pricing/CASdatasets/data/ushustormloss4980.rda,ushustormloss4980,DataFrame,converted,35,1,data/processed/rdata/github/02_motor_pricing/CASdatasets/data/ushustormloss4980__ushustormloss4980.parquet,data/processed/rdata/github/02_motor_pricing/CASdatasets/data/ushustormloss4980__ushustormloss4980.csv.gz,reader=rdata
data/raw/github/02_motor_pricing/CASdatasets/data/uslapseagent.rda,6ad055616965c70d5918e97837d84c271507d9b4a75e1969cad1f1849f0debdd,data/raw/github/02_motor_pricing/CASdatasets/data/uslapseagent.rda,uslapseagent,DataFrame,converted,29317,15,data/processed/rdata/github/02_motor_pricing/CASdatasets/data/uslapseagent__uslapseagent.parquet,data/processed/rdata/github/02_motor_pricing/CASdatasets/data/uslapseagent__uslapseagent.csv.gz,reader=rdata
data/raw/github/02_motor_pricing/CASdatasets/data/usmassBI.rda,f7d0f46a91d1621f586c8cdd50805c3755a616c26907a88148d6379a16ea99eb,data/raw/github/02_motor_pricing/CASdatasets/data/usmassBI.rda,usmassBI,DataFrame,converted,348,4,data/processed/rdata/github/02_motor_pricing/CASdatasets/data/usmassBI__usmassBI.parquet,data/processed/rdata/github/02_motor_pricing/CASdatasets/data/usmassBI__usmassBI.csv.gz,reader=rdata
data/raw/github/02_motor_pricing/CASdatasets/data/usmassBI2.rda,027795a1950aed9873767b50488821bcdb817481020e3d0f23a44b7f01104d8f,data/raw/github/02_motor_pricing/CASdatasets/data/usmassBI2.rda,usmassBI2,DataFrame,converted,174,5,data/processed/rdata/github/02_motor_pricing/CASdatasets/data/usmassBI2__usmassBI2.parquet,data/processed/rdata/github/02_motor_pricing/CASdatasets/data/usmassBI2__usmassBI2.csv.gz,reader=rdata
data/raw/github/02_motor_pricing/CASdatasets/data/usmedclaim.rda,9247ea64ac8aa4cd21c04c7a5e5a8c0931e776da1ad5c06423a2ab3b6c579a56,data/raw/github/02_motor_pricing/CASdatasets/data/usmedclaim.rda,usmedclaim,DataFrame,converted,36,15,data/processed/rdata/github/02_motor_pricing/CASdatasets/data/usmedclaim__usmedclaim.parquet,data/processed/rdata/github/02_motor_pricing/CASdatasets/data/usmedclaim__usmedclaim.csv.gz,reader=rdata
data/raw/github/02_motor_pricing/CASdatasets/data/usMSHA1316.rda,03c43d6ce240ecbe443ab2fe8a3cb20f6fd7ca740646ce2cd6d4b5dcca0abd6e,data/raw/github/02_motor_pricing/CASdatasets/data/usMSHA1316.rda,usMSHA1316,DataFrame,converted,53746,20,data/processed/rdata/github/02_motor_pricing/CASdatasets/data/usMSHA1316__usMSHA1316.parquet,data/processed/rdata/github/02_motor_pricing/CASdatasets/data/usMSHA1316__usMSHA1316.csv.gz,reader=rdata
data/raw/github/02_motor_pricing/CASdatasets/data/usMVTA.rda,cf34b6da11735ab22fcd7649f847ed4893befdc6828e84abfd9c2e126f85343f,data/raw/github/02_motor_pricing/CASdatasets/data/usMVTA.rda,usMVTA,DataFrame,converted,1583520,49,data/processed/rdata/github/02_motor_pricing/CASdatasets/data/usMVTA__usMVTA.parquet,data/processed/rdata/github/02_motor_pricing/CASdatasets/data/usMVTA__usMVTA.csv.gz,reader=rdata
data/raw/github/02_motor_pricing/CASdatasets/data/usprivautoclaim.rda,8d7f4c1ad92713ad61b07fd994427ce813643ae251a7cdeb9f3e1a2dcf2b2ee9,data/raw/github/02_motor_pricing/CASdatasets/data/usprivautoclaim.rda,usprivautoclaim,DataFrame,converted,6773,5,data/processed/rdata/github/02_motor_pricing/CASdatasets/data/usprivautoclaim__usprivautoclaim.parquet,data/processed/rdata/github/02_motor_pricing/CASdatasets/data/usprivautoclaim__usprivautoclaim.csv.gz,reader=rdata
data/raw/github/02_motor_pricing/CASdatasets/data/usquakeLR.rda,851d4767c85e08a9f94af43488dccb861978842ad240aa51dc7e22d6c8a81a2b,data/raw/github/02_motor_pricing/CASdatasets/data/usquakeLR.rda,usquakeLR,DataFrame,converted,24,2,data/processed/rdata/github/02_motor_pricing/CASdatasets/data/usquakeLR__usquakeLR.parquet,data/processed/rdata/github/02_motor_pricing/CASdatasets/data/usquakeLR__usquakeLR.csv.gz,reader=rdata
data/raw/github/02_motor_pricing/CASdatasets/data/usreauto8700.rda,be718e8e21a2695b78bbb636cff19212a30dfbce2234c99bde06c62d0d1a2e23,data/raw/github/02_motor_pricing/CASdatasets/data/usreauto8700.rda,usreauto8700,DataArray,converted,196,3,data/processed/rdata/github/02_motor_pricing/CASdatasets/data/usreauto8700__usreauto8700.parquet,data/processed/rdata/github/02_motor_pricing/CASdatasets/data/usreauto8700__usreauto8700.csv.gz,reader=rdata
data/raw/github/02_motor_pricing/CASdatasets/data/usreGL8190.rda,38824a963fffe0db3635a30e82e6e3d1bd4a17d5c3c821bfa4ccbbbe4e958a7a,data/raw/github/02_motor_pricing/CASdatasets/data/usreGL8190.rda,usreGL8190,DataArray,converted,100,3,data/processed/rdata/github/02_motor_pricing/CASdatasets/data/usreGL8190__usreGL8190.parquet,data/processed/rdata/github/02_motor_pricing/CASdatasets/data/usreGL8190__usreGL8190.csv.gz,reader=rdata
data/raw/github/02_motor_pricing/CASdatasets/data/usreGL8700.rda,829f9599f06a09c43c0a53c0aef458450cc16106b2a5aa9da44601d00b78abf9,data/raw/github/02_motor_pricing/CASdatasets/data/usreGL8700.rda,usreGL8700,DataArray,converted,196,3,data/processed/rdata/github/02_motor_pricing/CASdatasets/data/usreGL8700__usreGL8700.parquet,data/processed/rdata/github/02_motor_pricing/CASdatasets/data/usreGL8700__usreGL8700.csv.gz,reader=rdata
data/raw/github/02_motor_pricing/CASdatasets/data/ustermlife.rda,3ef51d97135bc675b9a94525103be06f68be4168faa26a44ccb9b40489b933e1,data/raw/github/02_motor_pricing/CASdatasets/data/ustermlife.rda,ustermlife,DataFrame,converted,500,18,data/processed/rdata/github/02_motor_pricing/CASdatasets/data/ustermlife__ustermlife.parquet,data/processed/rdata/github/02_motor_pricing/CASdatasets/data/ustermlife__ustermlife.csv.gz,reader=rdata
data/raw/github/02_motor_pricing/CASdatasets/data/ustri1fire.rda,ec1c3d8a158006b950fc4dfd2ef4d8a2512e7d4be53cb6268f90f75a4750d553,data/raw/github/02_motor_pricing/CASdatasets/data/ustri1fire.rda,ustri1fire,dict,converted,1,2,data/processed/rdata/github/02_motor_pricing/CASdatasets/data/ustri1fire__ustri1fire.parquet,data/processed/rdata/github/02_motor_pricing/CASdatasets/data/ustri1fire__ustri1fire.csv.gz,Mixed object columns were string-normalized for Parquet.
data/raw/github/02_motor_pricing/CASdatasets/data/ustri2GL.rda,f966f60e173522654f32434f72b5adea63ab72b5b147e32089129b03dd2a1a43,data/raw/github/02_motor_pricing/CASdatasets/data/ustri2GL.rda,ustri2GL,dict,converted,1,3,data/processed/rdata/github/02_motor_pricing/CASdatasets/data/ustri2GL__ustri2GL.parquet,data/processed/rdata/github/02_motor_pricing/CASdatasets/data/ustri2GL__ustri2GL.csv.gz,Mixed object columns were string-normalized for Parquet.
data/raw/github/02_motor_pricing/CASdatasets/data/uswarrantaggnum.rda,eafac1fc242fe9a734c51210d5d63120c012b4d484107012f5a30c82ec999f8d,data/raw/github/02_motor_pricing/CASdatasets/data/uswarrantaggnum.rda,uswarrantaggnum,DataFrame,converted,6,2,data/processed/rdata/github/02_motor_pricing/CASdatasets/data/uswarrantaggnum__uswarrantaggnum.parquet,data/processed/rdata/github/02_motor_pricing/CASdatasets/data/uswarrantaggnum__uswarrantaggnum.csv.gz,reader=rdata
data/raw/github/02_motor_pricing/CASdatasets/data/usworkcomp.rda,9f63842fb056489ed5a41353a7b2a1c9f8c4a64c034d32cc7498ebc8646d91f4,data/raw/github/02_motor_pricing/CASdatasets/data/usworkcomp.rda,usworkcomp,DataFrame,converted,847,4,data/processed/rdata/github/02_motor_pricing/CASdatasets/data/usworkcomp__usworkcomp.parquet,data/processed/rdata/github/02_motor_pricing/CASdatasets/data/usworkcomp__usworkcomp.csv.gz,reader=rdata
data/raw/github/02_motor_pricing/CASdatasets/data/usworkcomptri8807.rda,eef748566178a785b6b4ea8c7f01168cf40280ca31a8d5b19f69bd39cda7805c,data/raw/github/02_motor_pricing/CASdatasets/data/usworkcomptri8807.rda,usworkcomptri8807,DataArray,converted,420,3,data/processed/rdata/github/02_motor_pricing/CASdatasets/data/usworkcomptri8807__usworkcomptri8807.parquet,data/processed/rdata/github/02_motor_pricing/CASdatasets/data/usworkcomptri8807__usworkcomptri8807.csv.gz,reader=rdata
data/raw/github/02_motor_pricing/CASdatasets/geodata/brgeomunic_sf.rda,715fedb661840ac26ca2f3946fdd6c44cfaaeabd8251436a88f6145f7b2d65c0,data/raw/github/02_motor_pricing/CASdatasets/geodata/brgeomunic_sf.rda,brgeomunic_sf,DataFrame,converted,5566,5,data/processed/rdata/github/02_motor_pricing/CASdatasets/geodata/brgeomunic_sf__brgeomunic_sf.parquet,data/processed/rdata/github/02_motor_pricing/CASdatasets/geodata/brgeomunic_sf__brgeomunic_sf.csv.gz,reader=rdata
data/raw/github/02_motor_pricing/CASdatasets/geodata/brgeomunic_sp.rda,dae2066e624504dab3082cadf1b9517e648d5b8db4ebe590d0e466238be1a0de,data/raw/github/02_motor_pricing/CASdatasets/geodata/brgeomunic_sp.rda,brgeomunic_sp,SimpleNamespace,non_tabular,,,,,Object could not be represented losslessly as a rectangular table.
data/raw/github/02_motor_pricing/CASdatasets/geodata/fredpt17.rda,7c49236e4956d66aee32844679773cbf7e4634fe215d26d9a03275b29ff35ec4,data/raw/github/02_motor_pricing/CASdatasets/geodata/fredpt17.rda,fredpt17,DataFrame,converted,96,2,data/processed/rdata/github/02_motor_pricing/CASdatasets/geodata/fredpt17__fredpt17.parquet,data/processed/rdata/github/02_motor_pricing/CASdatasets/geodata/fredpt17__fredpt17.csv.gz,reader=rdata
data/raw/github/02_motor_pricing/CASdatasets/geodata/fremuni17.rda,606b540558e258a2c3c5ffe7e18129db0f6dcc1521acf6f35c09a82a183f4ea5,data/raw/github/02_motor_pricing/CASdatasets/geodata/fremuni17.rda,fremuni17,DataFrame,converted,36571,5,data/processed/rdata/github/02_motor_pricing/CASdatasets/geodata/fremuni17__fremuni17.parquet,data/processed/rdata/github/02_motor_pricing/CASdatasets/geodata/fremuni17__fremuni17.csv.gz,reader=rdata
data/raw/github/03_oprisk/cran_copula/data/gasoil.rda,6d35791a20ead1a28a0be789a1ceb2bcc9da687b05421f92ec8d0d58d36f32f4,data/raw/core_archives/AAT_03_oprisk_core/03_oprisk/cran_copula/data/gasoil.rda,,,duplicate,,,,,Byte-identical source; canonical copy converted once.
data/raw/github/03_oprisk/cran_copula/data/rdj.rda,1398ac28db1e8279b3646e9caefe54c4342c1080b560bb863f9476e6b407c873,data/raw/core_archives/AAT_03_oprisk_core/03_oprisk/cran_copula/data/rdj.rda,,,duplicate,,,,,Byte-identical source; canonical copy converted once.
data/raw/github/03_oprisk/cran_copula/data/SMI.12.rda,7747a11caec9add18443c8a2b384905b91b8aeaa198ba47a744477dd0f4bdea3,data/raw/core_archives/AAT_03_oprisk_core/03_oprisk/cran_copula/data/SMI.12.rda,,,duplicate,,,,,Byte-identical source; canonical copy converted once.
data/raw/github/03_oprisk/cran_copula/inst/rData/retstable_CPU2.rda,d8758b32255d0d933f85622e141e9dcec434b7faf510ff9465e489122432acf8,data/raw/github/03_oprisk/cran_copula/inst/rData/retstable_CPU2.rda,CPU.c,DataArray,converted,1232,5,data/processed/rdata/github/03_oprisk/cran_copula/inst/rData/retstable_CPU2__CPU.c.parquet,data/processed/rdata/github/03_oprisk/cran_copula/inst/rData/retstable_CPU2__CPU.c.csv.gz,reader=rdata
data/raw/github/03_oprisk/cran_copula/inst/rData/retstable_CPU2.rda,d8758b32255d0d933f85622e141e9dcec434b7faf510ff9465e489122432acf8,data/raw/github/03_oprisk/cran_copula/inst/rData/retstable_CPU2.rda,KS.pval,DataArray,converted,616,4,data/processed/rdata/github/03_oprisk/cran_copula/inst/rData/retstable_CPU2__KS.pval.parquet,data/processed/rdata/github/03_oprisk/cran_copula/inst/rData/retstable_CPU2__KS.pval.csv.gz,reader=rdata
data/raw/github/03_oprisk/cran_copula/inst/rData/retstable_CPU2.rda,d8758b32255d0d933f85622e141e9dcec434b7faf510ff9465e489122432acf8,data/raw/github/03_oprisk/cran_copula/inst/rData/retstable_CPU2.rda,tt.pval,DataArray,converted,1232,5,data/processed/rdata/github/03_oprisk/cran_copula/inst/rData/retstable_CPU2__tt.pval.parquet,data/processed/rdata/github/03_oprisk/cran_copula/inst/rData/retstable_CPU2__tt.pval.csv.gz,reader=rdata
data/raw/github/03_oprisk/cran_copula/inst/rData/retstable_CPU2.rda,d8758b32255d0d933f85622e141e9dcec434b7faf510ff9465e489122432acf8,data/raw/github/03_oprisk/cran_copula/inst/rData/retstable_CPU2.rda,alpha,ndarray,converted,11,1,data/processed/rdata/github/03_oprisk/cran_copula/inst/rData/retstable_CPU2__alpha.parquet,data/processed/rdata/github/03_oprisk/cran_copula/inst/rData/retstable_CPU2__alpha.csv.gz,reader=rdata
data/raw/github/03_oprisk/cran_copula/inst/rData/retstable_CPU2.rda,d8758b32255d0d933f85622e141e9dcec434b7faf510ff9465e489122432acf8,data/raw/github/03_oprisk/cran_copula/inst/rData/retstable_CPU2.rda,V0,ndarray,converted,8,1,data/processed/rdata/github/03_oprisk/cran_copula/inst/rData/retstable_CPU2__V0.parquet,data/processed/rdata/github/03_oprisk/cran_copula/inst/rData/retstable_CPU2__V0.csv.gz,reader=rdata
data/raw/github/03_oprisk/cran_copula/inst/rData/retstable_CPU2.rda,d8758b32255d0d933f85622e141e9dcec434b7faf510ff9465e489122432acf8,data/raw/github/03_oprisk/cran_copula/inst/rData/retstable_CPU2.rda,h,ndarray,converted,7,1,data/processed/rdata/github/03_oprisk/cran_copula/inst/rData/retstable_CPU2__h.parquet,data/processed/rdata/github/03_oprisk/cran_copula/inst/rData/retstable_CPU2__h.csv.gz,reader=rdata
data/raw/github/03_oprisk/cran_copula/inst/rData/retstable_CPU2.rda,d8758b32255d0d933f85622e141e9dcec434b7faf510ff9465e489122432acf8,data/raw/github/03_oprisk/cran_copula/inst/rData/retstable_CPU2.rda,meth,ndarray,converted,2,1,data/processed/rdata/github/03_oprisk/cran_copula/inst/rData/retstable_CPU2__meth.parquet,data/processed/rdata/github/03_oprisk/cran_copula/inst/rData/retstable_CPU2__meth.csv.gz,reader=rdata
data/raw/github/03_oprisk/cran_copula/inst/rData/retstable_CPU2.rda,d8758b32255d0d933f85622e141e9dcec434b7faf510ff9465e489122432acf8,data/raw/github/03_oprisk/cran_copula/inst/rData/retstable_CPU2.rda,nsim,ndarray,converted,1,1,data/processed/rdata/github/03_oprisk/cran_copula/inst/rData/retstable_CPU2__nsim.parquet,data/processed/rdata/github/03_oprisk/cran_copula/inst/rData/retstable_CPU2__nsim.csv.gz,reader=rdata
data/raw/github/03_oprisk/cran_copula/inst/rData/retstable_Nstat.rda,26b985cce93e35b7341ee0b22d25ba785e2300de1fff91226ed42995e35ce1a4,data/raw/github/03_oprisk/cran_copula/inst/rData/retstable_Nstat.rda,V0s,ndarray,converted,29,1,data/processed/rdata/github/03_oprisk/cran_copula/inst/rData/retstable_Nstat__V0s.parquet,data/processed/rdata/github/03_oprisk/cran_copula/inst/rData/retstable_Nstat__V0s.csv.gz,reader=rdata
data/raw/github/03_oprisk/cran_copula/inst/rData/retstable_Nstat.rda,26b985cce93e35b7341ee0b22d25ba785e2300de1fff91226ed42995e35ce1a4,data/raw/github/03_oprisk/cran_copula/inst/rData/retstable_Nstat.rda,alphas,ndarray,converted,9,1,data/processed/rdata/github/03_oprisk/cran_copula/inst/rData/retstable_Nstat__alphas.parquet,data/processed/rdata/github/03_oprisk/cran_copula/inst/rData/retstable_Nstat__alphas.csv.gz,reader=rdata
data/raw/github/03_oprisk/cran_copula/inst/rData/retstable_Nstat.rda,26b985cce93e35b7341ee0b22d25ba785e2300de1fff91226ed42995e35ce1a4,data/raw/github/03_oprisk/cran_copula/inst/rData/retstable_Nstat.rda,nSim,ndarray,converted,1,1,data/processed/rdata/github/03_oprisk/cran_copula/inst/rData/retstable_Nstat__nSim.parquet,data/processed/rdata/github/03_oprisk/cran_copula/inst/rData/retstable_Nstat__nSim.csv.gz,reader=rdata
data/raw/github/03_oprisk/cran_copula/inst/rData/retstable_Nstat.rda,26b985cce93e35b7341ee0b22d25ba785e2300de1fff91226ed42995e35ce1a4,data/raw/github/03_oprisk/cran_copula/inst/rData/retstable_Nstat.rda,Nstat,ndarray,converted,267264,4,data/processed/rdata/github/03_oprisk/cran_copula/inst/rData/retstable_Nstat__Nstat.parquet,data/processed/rdata/github/03_oprisk/cran_copula/inst/rData/retstable_Nstat__Nstat.csv.gz,reader=rdata
data/raw/github/03_oprisk/cran_copula/inst/rData/retstable_st2.rda,8dde19a4cc0f0de85793cd7789edbda508860a8f5469c955547b78f416ba3111,data/raw/github/03_oprisk/cran_copula/inst/rData/retstable_st2.rda,St.c,list,non_tabular,,,,,Object could not be represented losslessly as a rectangular table.
data/raw/github/03_oprisk/cran_copula/inst/rData/retstable_st2.rda,8dde19a4cc0f0de85793cd7789edbda508860a8f5469c955547b78f416ba3111,data/raw/github/03_oprisk/cran_copula/inst/rData/retstable_st2.rda,alpha,ndarray,converted,11,1,data/processed/rdata/github/03_oprisk/cran_copula/inst/rData/retstable_st2__alpha.parquet,data/processed/rdata/github/03_oprisk/cran_copula/inst/rData/retstable_st2__alpha.csv.gz,reader=rdata
data/raw/github/03_oprisk/cran_copula/inst/rData/retstable_st2.rda,8dde19a4cc0f0de85793cd7789edbda508860a8f5469c955547b78f416ba3111,data/raw/github/03_oprisk/cran_copula/inst/rData/retstable_st2.rda,V0,ndarray,converted,8,1,data/processed/rdata/github/03_oprisk/cran_copula/inst/rData/retstable_st2__V0.parquet,data/processed/rdata/github/03_oprisk/cran_copula/inst/rData/retstable_st2__V0.csv.gz,reader=rdata
data/raw/github/03_oprisk/cran_copula/inst/rData/retstable_st2.rda,8dde19a4cc0f0de85793cd7789edbda508860a8f5469c955547b78f416ba3111,data/raw/github/03_oprisk/cran_copula/inst/rData/retstable_st2.rda,h,ndarray,converted,7,1,data/processed/rdata/github/03_oprisk/cran_copula/inst/rData/retstable_st2__h.parquet,data/processed/rdata/github/03_oprisk/cran_copula/inst/rData/retstable_st2__h.csv.gz,reader=rdata
data/raw/github/03_oprisk/cran_copula/inst/rData/retstable_st2.rda,8dde19a4cc0f0de85793cd7789edbda508860a8f5469c955547b78f416ba3111,data/raw/github/03_oprisk/cran_copula/inst/rData/retstable_st2.rda,meth,ndarray,converted,2,1,data/processed/rdata/github/03_oprisk/cran_copula/inst/rData/retstable_st2__meth.parquet,data/processed/rdata/github/03_oprisk/cran_copula/inst/rData/retstable_st2__meth.csv.gz,reader=rdata
data/raw/github/03_oprisk/cran_copula/inst/rData/retstable_st2.rda,8dde19a4cc0f0de85793cd7789edbda508860a8f5469c955547b78f416ba3111,data/raw/github/03_oprisk/cran_copula/inst/rData/retstable_st2.rda,nsim,ndarray,converted,1,1,data/processed/rdata/github/03_oprisk/cran_copula/inst/rData/retstable_st2__nsim.parquet,data/processed/rdata/github/03_oprisk/cran_copula/inst/rData/retstable_st2__nsim.csv.gz,reader=rdata
data/raw/github/03_oprisk/cran_copula/R/sysdata.rda,43e11858a5ab3649f3ef81b23fd41287e70b7c91b038b149548261b8ee0f7e78,data/raw/github/03_oprisk/cran_copula/R/sysdata.rda,,,empty,,,,,pyreadr fallback after AssertionError returned no objects.
data/raw/github/03_oprisk/cran_evd/data/failure.rda,b876988aa26f4df73748581180e57025b6853432fbdf859087b7d56ffde29c2c,data/raw/core_archives/AAT_03_oprisk_core/03_oprisk/cran_evd/data/failure.rda,,,duplicate,,,,,Byte-identical source; canonical copy converted once.
data/raw/github/03_oprisk/cran_evd/data/fox.rda,0374b18f43383a646ad44df5f02b092c619bd00f5e1d4928ba40523e57652fd1,data/raw/core_archives/AAT_03_oprisk_core/03_oprisk/cran_evd/data/fox.rda,,,duplicate,,,,,Byte-identical source; canonical copy converted once.
data/raw/github/03_oprisk/cran_evd/data/lisbon.rda,7eb2110da246adbf0cdda4e683d5cbdad93978733dbbcdfd3e4651cbc91ba698,data/raw/core_archives/AAT_03_oprisk_core/03_oprisk/cran_evd/data/lisbon.rda,,,duplicate,,,,,Byte-identical source; canonical copy converted once.
data/raw/github/03_oprisk/cran_evd/data/lossalae.rda,623e588f4d25d18f58bf3dbe744a2f82d95f19d21d10fb20a58a09f420559e3e,data/raw/core_archives/AAT_03_oprisk_core/03_oprisk/cran_evd/data/lossalae.rda,,,duplicate,,,,,Byte-identical source; canonical copy converted once.
data/raw/github/03_oprisk/cran_evd/data/ocmulgee.rda,493bfae54ba643d52ab945eaacc152a45b50b268b7b065439342af8e17e568cf,data/raw/core_archives/AAT_03_oprisk_core/03_oprisk/cran_evd/data/ocmulgee.rda,,,duplicate,,,,,Byte-identical source; canonical copy converted once.
data/raw/github/03_oprisk/cran_evd/data/oldage.rda,0c7dd6f6c8d79886a00da428eef2fce7fa7261ade74017ee04ce2fda726e27d0,data/raw/core_archives/AAT_03_oprisk_core/03_oprisk/cran_evd/data/oldage.rda,,,duplicate,,,,,Byte-identical source; canonical copy converted once.
data/raw/github/03_oprisk/cran_evd/data/oxford.rda,08f4f99c6599dc7530e4a9e307f5c59ff3fb616894b1a1c56e61839300dae9d9,data/raw/core_archives/AAT_03_oprisk_core/03_oprisk/cran_evd/data/oxford.rda,,,duplicate,,,,,Byte-identical source; canonical copy converted once.
data/raw/github/03_oprisk/cran_evd/data/portpirie.rda,3a6efceca8ef19cc9631e071bc1010c6436e57e726a187d995a3dd5f356b5f47,data/raw/core_archives/AAT_03_oprisk_core/03_oprisk/cran_evd/data/portpirie.rda,,,duplicate,,,,,Byte-identical source; canonical copy converted once.
data/raw/github/03_oprisk/cran_evd/data/sask.rda,c265c4b54a1592084fffcf630e0212bcbdbd6542f3bd907f0f5361aff0c2ec46,data/raw/core_archives/AAT_03_oprisk_core/03_oprisk/cran_evd/data/sask.rda,,,duplicate,,,,,Byte-identical source; canonical copy converted once.
data/raw/github/03_oprisk/cran_evd/data/sealevel.rda,26afe63248938db8aa7aca8dd05802ecc857b7f573b21cc132d08ac3d1a268f1,data/raw/core_archives/AAT_03_oprisk_core/03_oprisk/cran_evd/data/sealevel.rda,,,duplicate,,,,,Byte-identical source; canonical copy converted once.
data/raw/github/03_oprisk/cran_evd/data/sealevel2.rda,50fccd2be4170bd9878470d0098b34195dc6a56d60a944b3bf0107ea3af363a7,data/raw/core_archives/AAT_03_oprisk_core/03_oprisk/cran_evd/data/sealevel2.rda,,,duplicate,,,,,Byte-identical source; canonical copy converted once.
data/raw/github/03_oprisk/cran_evd/data/uccle.rda,d02ad3225f94e10c7a878cf948fb37b336e21291f669ead6c6f17e8ee13e4a1a,data/raw/core_archives/AAT_03_oprisk_core/03_oprisk/cran_evd/data/uccle.rda,,,duplicate,,,,,Byte-identical source; canonical copy converted once.
data/raw/github/03_oprisk/cran_evd/data/venice.rda,73fecb0d677957161d4e274b289140b0c690117b41256045e1aba299a0b27898,data/raw/core_archives/AAT_03_oprisk_core/03_oprisk/cran_evd/data/venice.rda,,,duplicate,,,,,Byte-identical source; canonical copy converted once.
data/raw/github/03_oprisk/cran_evd/data/venice2.rda,40f9272073b312ea10c41db86336811ca5e57b6a44998c92ea418573ea51bc5b,data/raw/core_archives/AAT_03_oprisk_core/03_oprisk/cran_evd/data/venice2.rda,,,duplicate,,,,,Byte-identical source; canonical copy converted once.
data/raw/github/03_oprisk/cran_evir/data/bmw.rda,bc86c777c05d19acd3c0ddef91a32a85ade6536b1ccc13d6d263fce67aad01ae,data/raw/core_archives/AAT_03_oprisk_core/03_oprisk/cran_evir/data/bmw.rda,,,duplicate,,,,,Byte-identical source; canonical copy converted once.
data/raw/github/03_oprisk/cran_evir/data/danish.rda,3c443cdc24f2d10c28386a4d84680ca88577c903090f20244573a05a58ae918d,data/raw/core_archives/AAT_03_oprisk_core/03_oprisk/cran_evir/data/danish.rda,,,duplicate,,,,,Byte-identical source; canonical copy converted once.
data/raw/github/03_oprisk/cran_evir/data/nidd.annual.rda,1351801eddb1ac285e44034ea4b6fbd00dfc946751b636ed69d424986a3c5445,data/raw/core_archives/AAT_03_oprisk_core/03_oprisk/cran_evir/data/nidd.annual.rda,,,duplicate,,,,,Byte-identical source; canonical copy converted once.
data/raw/github/03_oprisk/cran_evir/data/nidd.thresh.rda,6f6df8b88129ec6fae62a27060d42e11ddf15da2bc6c6d33a11a00cb1f4da28d,data/raw/core_archives/AAT_03_oprisk_core/03_oprisk/cran_evir/data/nidd.thresh.rda,,,duplicate,,,,,Byte-identical source; canonical copy converted once.
data/raw/github/03_oprisk/cran_evir/data/siemens.rda,e7f1d5c82ea97217bae264931cd5008e821ec831356cd58621a5754315af3c2b,data/raw/core_archives/AAT_03_oprisk_core/03_oprisk/cran_evir/data/siemens.rda,,,duplicate,,,,,Byte-identical source; canonical copy converted once.
data/raw/github/03_oprisk/cran_evir/data/sp.raw.rda,70244f46d343e85a5a07fc44e213d5ea6a5552536f9566a34856077bec7b1e76,data/raw/core_archives/AAT_03_oprisk_core/03_oprisk/cran_evir/data/sp.raw.rda,,,duplicate,,,,,Byte-identical source; canonical copy converted once.
data/raw/github/03_oprisk/cran_evir/data/spto87.rda,382c376264a2f0f4dd470bc7ab26f86960d951d234e15c0273fb8ce2fba7af07,data/raw/core_archives/AAT_03_oprisk_core/03_oprisk/cran_evir/data/spto87.rda,,,duplicate,,,,,Byte-identical source; canonical copy converted once.
data/raw/github/03_oprisk/cran_ggsolvencyii/data/sii_levelmax_sf16_993.rda,c4f74f57ee57b0f242ea5772f858dab9a0e559c670f6340c057e3087bb86d387,data/raw/core_archives/AAT_03_oprisk_core/03_oprisk/cran_ggsolvencyii/data/sii_levelmax_sf16_993.rda,,,duplicate,,,,,Byte-identical source; canonical copy converted once.
data/raw/github/03_oprisk/cran_ggsolvencyii/data/sii_levelmax_sf16_995.rda,a4e133bc5c56b12bc978dd3ceaaa66fb64589b159f3d8e04de36b1641703a15f,data/raw/core_archives/AAT_03_oprisk_core/03_oprisk/cran_ggsolvencyii/data/sii_levelmax_sf16_995.rda,,,duplicate,,,,,Byte-identical source; canonical copy converted once.
data/raw/github/03_oprisk/cran_ggsolvencyii/data/sii_plotdetails_sf16.rda,1b8cf0ea406e38a2295934d2028c5248295a53d5f74cdf77628c0d381d9f02b0,data/raw/core_archives/AAT_03_oprisk_core/03_oprisk/cran_ggsolvencyii/data/sii_plotdetails_sf16.rda,,,duplicate,,,,,Byte-identical source; canonical copy converted once.
data/raw/github/03_oprisk/cran_ggsolvencyii/data/sii_structure_sf16_eng.rda,228b83f965e3c2ee30097d2afb9513021c3c4795c5894947aff7c82828bf9945,data/raw/core_archives/AAT_03_oprisk_core/03_oprisk/cran_ggsolvencyii/data/sii_structure_sf16_eng.rda,,,duplicate,,,,,Byte-identical source; canonical copy converted once.
data/raw/github/03_oprisk/cran_ggsolvencyii/data/sii_structure_sf16_nld.rda,8724a4da420ddd293d792ee9a8808232173ff2c617fb4e31203dbb56cf325e53,data/raw/core_archives/AAT_03_oprisk_core/03_oprisk/cran_ggsolvencyii/data/sii_structure_sf16_nld.rda,,,duplicate,,,,,Byte-identical source; canonical copy converted once.
data/raw/github/03_oprisk/cran_ggsolvencyii/data/sii_x_edgecolors_sf16_eng.rda,6471b989bc0b0416c158fca2cb10d440cc8750f901ed8c156ebe631568134195,data/raw/core_archives/AAT_03_oprisk_core/03_oprisk/cran_ggsolvencyii/data/sii_x_edgecolors_sf16_eng.rda,,,duplicate,,,,,Byte-identical source; canonical copy converted once.
data/raw/github/03_oprisk/cran_ggsolvencyii/data/sii_x_edgecolors_sf16_nld.rda,ee84b89ca6bbaf568780b6dcf176a24c0f39bb55d08da6403524a127d0651d1f,data/raw/core_archives/AAT_03_oprisk_core/03_oprisk/cran_ggsolvencyii/data/sii_x_edgecolors_sf16_nld.rda,,,duplicate,,,,,Byte-identical source; canonical copy converted once.
data/raw/github/03_oprisk/cran_ggsolvencyii/data/sii_x_fillcolors_sf16_eng.rda,34bfd16c4927a943c42604a21886d2389eb31553ef63518e4d4a9cfc39ab4f65,data/raw/core_archives/AAT_03_oprisk_core/03_oprisk/cran_ggsolvencyii/data/sii_x_fillcolors_sf16_eng.rda,,,duplicate,,,,,Byte-identical source; canonical copy converted once.
data/raw/github/03_oprisk/cran_ggsolvencyii/data/sii_x_fillcolors_sf16_nld.rda,f0e26f00c46d55731e12cb7573aa3846484cda1bd012352808b593649aac8f82,data/raw/core_archives/AAT_03_oprisk_core/03_oprisk/cran_ggsolvencyii/data/sii_x_fillcolors_sf16_nld.rda,,,duplicate,,,,,Byte-identical source; canonical copy converted once.
data/raw/github/03_oprisk/cran_ggsolvencyii/data/sii_z_ex1_data.rda,7baa2539f6afde7b49abed95e7dc790afde2c8b6bd9ab2e5d0bdd01587b363ca,data/raw/core_archives/AAT_03_oprisk_core/03_oprisk/cran_ggsolvencyii/data/sii_z_ex1_data.rda,,,duplicate,,,,,Byte-identical source; canonical copy converted once.
data/raw/github/03_oprisk/cran_ggsolvencyii/data/sii_z_ex1_edgecolors.rda,d516160bee2bde3811a702ffb682378075148ff4126a32b46be6905e78a0ed8e,data/raw/core_archives/AAT_03_oprisk_core/03_oprisk/cran_ggsolvencyii/data/sii_z_ex1_edgecolors.rda,,,duplicate,,,,,Byte-identical source; canonical copy converted once.
data/raw/github/03_oprisk/cran_ggsolvencyii/data/sii_z_ex1_fillcolors.rda,7a0b6c6ab9c28f3633c514a77f5884a6df66a0ab3d945783f1d0c62bcfb860d0,data/raw/core_archives/AAT_03_oprisk_core/03_oprisk/cran_ggsolvencyii/data/sii_z_ex1_fillcolors.rda,,,duplicate,,,,,Byte-identical source; canonical copy converted once.
data/raw/github/03_oprisk/cran_ggsolvencyii/data/sii_z_ex1_levelmax.rda,53c67d68fbbb7455193f6a5162eb3016f95443abfca457982c5b46ff0b29a844,data/raw/core_archives/AAT_03_oprisk_core/03_oprisk/cran_ggsolvencyii/data/sii_z_ex1_levelmax.rda,,,duplicate,,,,,Byte-identical source; canonical copy converted once.
data/raw/github/03_oprisk/cran_ggsolvencyii/data/sii_z_ex1_plotdetails.rda,39b90a6bf5b72817d03d014fee906629382f3f2bc01852a724a38331f6d6cb99,data/raw/core_archives/AAT_03_oprisk_core/03_oprisk/cran_ggsolvencyii/data/sii_z_ex1_plotdetails.rda,,,duplicate,,,,,Byte-identical source; canonical copy converted once.
data/raw/github/03_oprisk/cran_ggsolvencyii/data/sii_z_ex1_plotdetails2.rda,d78b0ab800ecc031eacc6f2e732e91d6b7d3b468cfcebdcd0aff4f747101c40c,data/raw/core_archives/AAT_03_oprisk_core/03_oprisk/cran_ggsolvencyii/data/sii_z_ex1_plotdetails2.rda,,,duplicate,,,,,Byte-identical source; canonical copy converted once.
data/raw/github/03_oprisk/cran_ggsolvencyii/data/sii_z_ex1_structure.rda,60f99e06fdcf70a16763f01774ddcb14b4f3882f170b1becdd4e764e32b16120,data/raw/core_archives/AAT_03_oprisk_core/03_oprisk/cran_ggsolvencyii/data/sii_z_ex1_structure.rda,,,duplicate,,,,,Byte-identical source; canonical copy converted once.
data/raw/github/03_oprisk/cran_ggsolvencyii/data/sii_z_ex2_data.rda,a01bbc35b0631f5a051984a9cb7563fde7186af3f545a1be706f20acaf42896a,data/raw/core_archives/AAT_03_oprisk_core/03_oprisk/cran_ggsolvencyii/data/sii_z_ex2_data.rda,,,duplicate,,,,,Byte-identical source; canonical copy converted once.
data/raw/github/03_oprisk/cran_ggsolvencyii/data/sii_z_ex3_data.rda,7751653bbcbbd4823df788baf482ea66403db0f23237f5048684a78f63479e2f,data/raw/core_archives/AAT_03_oprisk_core/03_oprisk/cran_ggsolvencyii/data/sii_z_ex3_data.rda,,,duplicate,,,,,Byte-identical source; canonical copy converted once.
data/raw/github/03_oprisk/cran_ggsolvencyii/data/sii_z_ex3_plotdetails.rda,078582b9a2b1a11b6f57b1601005d96abecdec4b2078901a1e84b0efbb85e42e,data/raw/core_archives/AAT_03_oprisk_core/03_oprisk/cran_ggsolvencyii/data/sii_z_ex3_plotdetails.rda,,,duplicate,,,,,Byte-identical source; canonical copy converted once.
data/raw/github/03_oprisk/cran_ggsolvencyii/data/sii_z_ex4_data.rda,921cbeee517fea4e7e63abd3dc2a2018c93f2fad86d93c6f8cdcf7e4a8d9943d,data/raw/core_archives/AAT_03_oprisk_core/03_oprisk/cran_ggsolvencyii/data/sii_z_ex4_data.rda,,,duplicate,,,,,Byte-identical source; canonical copy converted once.
data/raw/github/03_oprisk/cran_ggsolvencyii/data/sii_z_ex4_levelmax.rda,94e961969eaab69b6599be94a720c0d9652c915b183ca18f4db9cd326223653d,data/raw/core_archives/AAT_03_oprisk_core/03_oprisk/cran_ggsolvencyii/data/sii_z_ex4_levelmax.rda,,,duplicate,,,,,Byte-identical source; canonical copy converted once.
data/raw/github/03_oprisk/cran_ggsolvencyii/data/sii_z_ex4_structure.rda,a8c6e05c8af10157181bc3c7be40742d30259ce9f47128b56f72fd11cec43bbf,data/raw/core_archives/AAT_03_oprisk_core/03_oprisk/cran_ggsolvencyii/data/sii_z_ex4_structure.rda,,,duplicate,,,,,Byte-identical source; canonical copy converted once.
data/raw/github/03_oprisk/cran_ggsolvencyii/data/sii_z_ex6_data.rda,617d432bdd11defe345d8127cc75d0e435ff501f19ea8179ba9a443c5d31fd52,data/raw/core_archives/AAT_03_oprisk_core/03_oprisk/cran_ggsolvencyii/data/sii_z_ex6_data.rda,,,duplicate,,,,,Byte-identical source; canonical copy converted once.
data/raw/github/03_oprisk/cran_ggsolvencyii/data/sii_z_ex6_data2.rda,fdf43834474285df6cc54f908ef7579c4071d0955c0627ed9c936defa08f526d,data/raw/core_archives/AAT_03_oprisk_core/03_oprisk/cran_ggsolvencyii/data/sii_z_ex6_data2.rda,,,duplicate,,,,,Byte-identical source; canonical copy converted once.
data/raw/github/03_oprisk/cran_ggsolvencyii/data/sii_z_ex6_edgecolors.rda,326f2c518149a8584d50e6e14ddb097abb95fdbba62f1931c317d8a888d75266,data/raw/core_archives/AAT_03_oprisk_core/03_oprisk/cran_ggsolvencyii/data/sii_z_ex6_edgecolors.rda,,,duplicate,,,,,Byte-identical source; canonical copy converted once.
data/raw/github/03_oprisk/cran_ggsolvencyii/data/sii_z_ex6_fillcolors.rda,d1d1db44bd801ac80dbf5928ba7108ecf8ded1f4ee9d6cb2b0cde9648cdc4beb,data/raw/core_archives/AAT_03_oprisk_core/03_oprisk/cran_ggsolvencyii/data/sii_z_ex6_fillcolors.rda,,,duplicate,,,,,Byte-identical source; canonical copy converted once.
data/raw/github/03_oprisk/cran_ggsolvencyii/data/sii_z_ex6_levelmax.rda,955704c21fe68f5e593f0574ad4d193c0081d13ba48353813df4c365f51173e5,data/raw/core_archives/AAT_03_oprisk_core/03_oprisk/cran_ggsolvencyii/data/sii_z_ex6_levelmax.rda,,,duplicate,,,,,Byte-identical source; canonical copy converted once.
data/raw/github/03_oprisk/cran_ggsolvencyii/data/sii_z_ex6_plotdetails.rda,6ada1b1610de8f4edcd957161fae23440f0252fcb3d847d3044ab707fdefbd72,data/raw/core_archives/AAT_03_oprisk_core/03_oprisk/cran_ggsolvencyii/data/sii_z_ex6_plotdetails.rda,,,duplicate,,,,,Byte-identical source; canonical copy converted once.
data/raw/github/03_oprisk/cran_ggsolvencyii/data/sii_z_ex6_structure.rda,2e6786b3e868627d4f828356eef805b48fc5229884bcc9b8bffbc3717390bd66,data/raw/core_archives/AAT_03_oprisk_core/03_oprisk/cran_ggsolvencyii/data/sii_z_ex6_structure.rda,,,duplicate,,,,,Byte-identical source; canonical copy converted once.
data/raw/github/03_oprisk/cran_ggsolvencyii/data/sii_z_ex7_data.rda,1a42dab1723da3748de238db1ed2cff97b770dfe03cfd0b4e3f3aed0d08b0393,data/raw/core_archives/AAT_03_oprisk_core/03_oprisk/cran_ggsolvencyii/data/sii_z_ex7_data.rda,,,duplicate,,,,,Byte-identical source; canonical copy converted once.
data/raw/github/03_oprisk/cran_ggsolvencyii/data/sii_z_ex7_plotdetails.rda,de1532ba7f0837892ae4c7074e2f731c32648816b069b068c4e29ac7b7e406cf,data/raw/core_archives/AAT_03_oprisk_core/03_oprisk/cran_ggsolvencyii/data/sii_z_ex7_plotdetails.rda,,,duplicate,,,,,Byte-identical source; canonical copy converted once.
data/raw/github/03_oprisk/cran_OpVaR/data/lossdat.rda,e680769999a43e72154856180707dd91c28c84726d20f024b501e7291ad0b917,data/raw/core_archives/AAT_03_oprisk_core/03_oprisk/cran_OpVaR/data/lossdat.rda,,,duplicate,,,,,Byte-identical source; canonical copy converted once.
data/raw/github/03_oprisk/cran_ReIns/data/norwegianfire.RData,9788958b46164f30329555cce5ad772362f8d423d4c0817369aaa82f93c88b97,data/raw/core_archives/AAT_03_oprisk_core/03_oprisk/cran_ReIns/data/norwegianfire.RData,,,duplicate,,,,,Byte-identical source; canonical copy converted once.
data/raw/github/03_oprisk/cran_ReIns/data/secura.RData,7be5ee3b329c9c2923afefd6f1cea572cfe894ceb192b2f90c18fb8704dbab83,data/raw/core_archives/AAT_03_oprisk_core/03_oprisk/cran_ReIns/data/secura.RData,,,duplicate,,,,,Byte-identical source; canonical copy converted once.
data/raw/github/03_oprisk/cran_ReIns/data/soa.RData,adb4cbce2e6aff07787a2c6364ffe7a08228c3b36689413ba9c3b24018e1d321,data/raw/core_archives/AAT_03_oprisk_core/03_oprisk/cran_ReIns/data/soa.RData,,,duplicate,,,,,Byte-identical source; canonical copy converted once.
data/raw/github/03_oprisk/cran_rugarch/data/dji30ret.rda,f49986ad1f8225d53707bed9545d5734045a6e8063e85ecdc5b5b46f79b3d19d,data/raw/github/03_oprisk/cran_rugarch/data/dji30ret.rda,dji30ret,DataFrame,converted,5521,30,data/processed/rdata/github/03_oprisk/cran_rugarch/data/dji30ret__dji30ret.parquet,data/processed/rdata/github/03_oprisk/cran_rugarch/data/dji30ret__dji30ret.csv.gz,reader=rdata
data/raw/github/03_oprisk/cran_rugarch/data/dmbp.rda,aacfce158d85dafea16059daeca855c90e499eb21ccdae3f5c413dc52da341f0,data/raw/github/03_oprisk/cran_rugarch/data/dmbp.rda,dmbp,DataFrame,converted,1974,2,data/processed/rdata/github/03_oprisk/cran_rugarch/data/dmbp__dmbp.parquet,data/processed/rdata/github/03_oprisk/cran_rugarch/data/dmbp__dmbp.csv.gz,reader=rdata
data/raw/github/03_oprisk/cran_rugarch/data/sp500ret.rda,10a540d475682b9760ab543e910bd335fabf2091da5c543de53b79e26548b5ff,data/raw/github/03_oprisk/cran_rugarch/data/sp500ret.rda,sp500ret,DataFrame,converted,5523,1,data/processed/rdata/github/03_oprisk/cran_rugarch/data/sp500ret__sp500ret.parquet,data/processed/rdata/github/03_oprisk/cran_rugarch/data/sp500ret__sp500ret.csv.gz,reader=rdata
data/raw/github/03_oprisk/cran_rugarch/data/spyreal.rda,4e2a6e68ef015c2291ef12d26398410bfb25ef2125698bffc87389c050272e5b,data/raw/github/03_oprisk/cran_rugarch/data/spyreal.rda,spyreal,DataArray,converted,3324,3,data/processed/rdata/github/03_oprisk/cran_rugarch/data/spyreal__spyreal.parquet,data/processed/rdata/github/03_oprisk/cran_rugarch/data/spyreal__spyreal.csv.gz,reader=rdata
